county,weapon,year,week,day_of_season,season_week,moon_phase,illumination,rut_stage_peak,rut_stage_pre,temp_min,temp_max,pressure_trend,wind_speed,precip_prob,cold_front,latitude,longitude,is_real,harvest_count
Anne Arundel,rifle,2022,0,307,1,0.317433396426793,0.7055664580881861,1,0,75.0,84.26741138790122,-1.4817203758977653,2.299242937025589,0.5,0,38.97,-76.55,1,269
Anne Arundel,rifle,2022,1,314,2,0.5544757418477957,0.9709957344495006,1,0,69.375,84.11288920964576,0.24571514370986405,11.068522280457096,0.525,0,38.97,-76.55,1,309
Anne Arundel,rifle,2022,2,321,3,0.7915180872687984,0.3710414047148724,1,0,63.75,78.8411436167749,-1.1016244896044671,2.6952589485570715,0.55,0,38.97,-76.55,1,341
Anne Arundel,rifle,2022,3,328,4,0.02856043268980102,0.008029038701735935,0,0,58.125,72.019543178564,1.6287361149838115,3.1814299175547758,0.575,0,38.97,-76.55,1,234
Anne Arundel,rifle,2022,4,335,5,0.2656027781108037,0.5489390937279066,0,0,52.5,66.25531906942288,1.8409952239602774,0.8095823706798936,0.6,0,38.97,-76.55,1,265
Anne Arundel,rifle,2022,5,342,6,0.5026451235318063,0.999930947140589,0,0,46.875,59.678349764310354,-1.0438323384001145,0.8515485681906184,0.625,0,38.97,-76.55,1,343
Anne Arundel,rifle,2022,6,349,7,0.7396874689528659,0.5323751063979798,0,0,41.25,54.911830064330864,-0.16886165339768086,3.201055476316403,0.65,0,38.97,-76.55,1,261
Anne Arundel,rifle,2022,7,356,8,0.9767298143738685,0.005334891863390645,0,0,35.625,53.260214765238594,0.8135679915806828,8.533999681499951,0.675,0,38.97,-76.55,1,187
Anne Arundel,archery,2022,0,246,1,0.2517786720436561,0.5055877467084711,0,1,75.0,84.23957420780582,0.18179777178812292,3.1996889783943523,0.5,0,38.97,-76.55,1,91
Anne Arundel,archery,2022,1,253,2,0.4888210174646588,0.9987671059964716,0,1,72.3529411764706,84.6026608422023,-0.3218324306083079,1.0924525320866283,0.5117647058823529,0,38.97,-76.55,1,106
Anne Arundel,archery,2022,2,260,3,0.7258633628856614,0.5755371536507978,0,1,69.70588235294117,84.49525212075893,-0.45047066644643496,11.341879946352371,0.5235294117647059,0,38.97,-76.55,1,106
Anne Arundel,archery,2022,3,267,4,0.962905708306721,0.013519077253484946,0,1,67.05882352941177,77.38179791014326,2.2008473453349793,3.728638581967486,0.5352941176470588,0,38.97,-76.55,1,80
Anne Arundel,archery,2022,4,274,5,0.19994805372772362,0.34533630430196643,0,1,64.41176470588235,82.48224946069521,0.5992074326513991,6.767090677303669,0.5470588235294118,0,38.97,-76.55,1,66
Anne Arundel,archery,2022,5,281,6,0.4369903991487263,0.96132473912524,0,1,61.76470588235294,70.530053073209,-0.6755344886206845,7.250347325191834,0.5588235294117647,0,38.97,-76.55,1,94
Anne Arundel,archery,2022,6,288,7,0.674032744569729,0.7296985627629547,1,0,59.11764705882353,72.11850211002763,1.4271227794274655,6.0978795006053845,0.5705882352941176,0,38.97,-76.55,1,129
Anne Arundel,archery,2022,7,295,8,0.9110750899907316,0.07603593039923284,1,0,56.470588235294116,72.38818361044898,-0.2927638720071818,2.2561685574555406,0.5823529411764706,0,38.97,-76.55,1,82
Anne Arundel,archery,2022,8,302,9,0.14811743541173428,0.20134331532249478,1,0,53.82352941176471,63.72623369286522,-0.24835771813848584,2.2371803456586714,0.5941176470588235,0,38.97,-76.55,1,78
Anne Arundel,archery,2022,9,309,10,0.3851597808327938,0.8753873020177728,1,0,51.17647058823529,62.117445804531684,0.2647838704983061,3.280919499860535,0.6058823529411765,0,38.97,-76.55,1,108
Anne Arundel,archery,2022,10,316,11,0.6222021262537965,0.8597137534098416,1,0,48.529411764705884,57.99505705205165,0.5295892526451177,5.719183615778553,0.6176470588235294,0,38.97,-76.55,1,107
Anne Arundel,archery,2022,11,323,12,0.8592444716747991,0.1831204505031771,1,0,45.882352941176464,57.520581605621075,-2.142346346100675,2.437613202394406,0.6294117647058823,0,38.97,-76.55,1,50
Anne Arundel,archery,2022,12,330,13,0.09628681709580178,0.08874551431299516,0,0,43.23529411764706,56.08160989141532,0.07080516487257738,1.187026222875229,0.6411764705882353,0,38.97,-76.55,1,53
Anne Arundel,archery,2022,13,337,13,0.33332916251680444,0.7499886523776041,0,0,40.58823529411765,52.11095584506227,3.4048575500823652,1.6202293169038355,0.6529411764705882,0,38.97,-76.55,1,84
Anne Arundel,archery,2022,14,344,13,0.570371507937864,0.9519153558029791,0,0,37.94117647058824,47.08652052316883,-0.4713428551934972,1.6922101603849338,0.6647058823529411,0,38.97,-76.55,1,73
Anne Arundel,archery,2022,15,351,13,0.8074138533588666,0.323515770366991,0,0,35.294117647058826,49.49287620770586,-0.8546991923295779,1.9620966838466474,0.6764705882352942,0,38.97,-76.55,1,82
Anne Arundel,archery,2022,16,358,13,0.04445619877986928,0.019379331894285756,0,0,32.64705882352941,39.28841904171056,3.683052323737478,9.08325238667892,0.6882352941176471,0,38.97,-76.55,1,59
Anne Arundel,rifle,2021,0,307,1,0.9573682423310856,0.017830680710972602,1,0,75.0,85.75529680207272,-1.636041336643076,1.5835412318103503,0.5,0,38.97,-76.55,1,261
Anne Arundel,rifle,2021,1,314,2,0.1944105877520883,0.3288899828015325,1,0,69.375,83.42077325478857,-2.9627210029052766,4.460358290849249,0.525,0,38.97,-76.55,1,312
Anne Arundel,rifle,2021,2,321,3,0.43145293317309097,0.9543381272781482,1,0,63.75,76.6193519836607,2.12341275105329,7.859748021217561,0.55,0,38.97,-76.55,1,258
Anne Arundel,rifle,2021,3,328,4,0.6684952785940936,0.745008505815151,0,0,58.125,68.74685573446949,2.7893550092433093,2.9324156492416193,0.575,0,38.97,-76.55,1,293
Anne Arundel,rifle,2021,4,335,5,0.9055376240151531,0.08551271770022578,0,0,52.5,62.10574835219423,-1.7850576366326731,0.06612686542947926,0.6,0,38.97,-76.55,1,184
Anne Arundel,rifle,2021,5,342,6,0.1425799694361558,0.18757477990595367,0,0,46.875,63.84605359506449,3.2348721032636822,3.085183108739775,0.625,0,38.97,-76.55,1,158
Anne Arundel,rifle,2021,6,349,7,0.37962231485715847,0.8636710505452458,0,0,41.25,47.422976792552156,-2.883301056374374,2.7438141941868106,0.65,1,38.97,-76.55,1,238
Anne Arundel,rifle,2021,7,356,8,0.6166646602781611,0.8715766304102717,0,0,35.625,50.256301176508224,-1.183597822225178,3.1135124629894757,0.675,0,38.97,-76.55,1,253
Anne Arundel,archery,2021,0,246,1,0.8917135179479487,0.11133440792525257,0,1,75.0,85.5889556032469,-2.78405464330511,1.9059189846097677,0.5,0,38.97,-76.55,1,69
Anne Arundel,archery,2021,1,253,2,0.1287558633689514,0.15488770850156242,0,1,72.3529411764706,86.42089559044942,-0.6219644151031831,5.577735909818406,0.5117647058823529,0,38.97,-76.55,1,59
Anne Arundel,archery,2021,2,260,3,0.3657982087900109,0.832532779938774,0,1,69.70588235294117,80.52121501374796,0.902773920553752,4.543107842549879,0.5235294117647059,0,38.97,-76.55,1,90
Anne Arundel,archery,2021,3,267,4,0.6028405542110136,0.8991990352197647,0,1,67.05882352941177,75.86159415374874,-2.2136534876626075,0.6175880069091659,0.5352941176470588,0,38.97,-76.55,1,83
Anne Arundel,archery,2021,4,274,5,0.8398828996320162,0.23239728775488172,0,1,64.41176470588235,76.49606556983187,-1.189493337726024,1.924130519242345,0.5470588235294118,0,38.97,-76.55,1,81
Anne Arundel,archery,2021,5,281,6,0.0769252450530189,0.05727515262110533,0,1,61.76470588235294,76.2865201951158,-0.17689572208341356,1.8853109378493125,0.5588235294117647,0,38.97,-76.55,1,45
Anne Arundel,archery,2021,6,288,7,0.31396759047402156,0.6955931336294042,1,0,59.11764705882353,69.59007841134172,0.9107155276731809,4.567237024688246,0.5705882352941176,0,38.97,-76.55,1,81
Anne Arundel,archery,2021,7,295,8,0.5510099358950811,0.9745382394126643,1,0,56.470588235294116,71.21769202304135,-0.8064396370959815,4.481625891903026,0.5823529411764706,0,38.97,-76.55,1,109
Anne Arundel,archery,2021,8,302,9,0.7880522813160837,0.3815909206638745,1,0,53.82352941176471,64.96302058414751,-4.0039727913161665,3.8630609252998616,0.5941176470588235,0,38.97,-76.55,1,67
Anne Arundel,archery,2021,9,309,10,0.0250946267370864,0.006202421614721398,1,0,51.17647058823529,70.15216814472427,-0.9554709822463753,2.1739012247964915,0.6058823529411765,0,38.97,-76.55,1,67
Anne Arundel,archery,2021,10,316,11,0.26213697215808907,0.5380924769328443,1,0,48.529411764705884,61.127257891436344,2.957620636237825,7.416941380635686,0.6176470588235294,0,38.97,-76.55,1,90
Anne Arundel,archery,2021,11,323,12,0.49917931757909173,0.9999933526423657,1,0,45.882352941176464,60.140238544787124,-1.438518175361889,2.06815012921829,0.6294117647058823,0,38.97,-76.55,1,106
Anne Arundel,archery,2021,12,330,13,0.7362216630000944,0.5432318735019569,0,0,43.23529411764706,59.01202855239377,2.3386453820057307,0.27875276367217505,0.6411764705882353,0,38.97,-76.55,1,66
Anne Arundel,archery,2021,13,337,13,0.9732640084211539,0.007038348903326719,0,0,40.58823529411765,54.66555971296677,1.1627118173526005,4.516737586342762,0.6529411764705882,0,38.97,-76.55,1,66
Anne Arundel,archery,2021,14,344,13,0.21030635384215657,0.37658748839005973,0,0,37.94117647058824,53.618926533557556,0.356356224036087,10.692320751694371,0.6647058823529411,0,38.97,-76.55,1,61
Anne Arundel,archery,2021,15,351,13,0.44734869926315923,0.9728884995454274,0,0,35.294117647058826,43.64642505767113,-2.6011466682640223,2.157303509066592,0.6764705882352942,1,38.97,-76.55,1,91
Anne Arundel,archery,2021,16,358,13,0.6843910446841619,0.7003282342898121,0,0,32.64705882352941,43.412232253225156,-0.2637752816392818,1.9484288686089144,0.6882352941176471,0,38.97,-76.55,1,78
Baltimore,rifle,2022,0,307,1,0.317433396426793,0.7055664580881861,1,0,75.0,85.5110766076291,-3.5208114782600806,3.9684943177842578,0.5,0,39.27,-76.67,1,372
Baltimore,rifle,2022,1,314,2,0.5544757418477957,0.9709957344495006,1,0,69.375,80.01642562098728,-0.9979790492401471,2.6180626565910687,0.525,0,39.27,-76.67,1,364
Baltimore,rifle,2022,2,321,3,0.7915180872687984,0.3710414047148724,1,0,63.75,75.69839846385517,0.8270981692749222,2.5608101539081423,0.55,0,39.27,-76.67,1,436
Baltimore,rifle,2022,3,328,4,0.02856043268980102,0.008029038701735935,0,0,58.125,69.29432432225937,1.9520363214157783,6.890891040893593,0.575,0,39.27,-76.67,1,262
Baltimore,rifle,2022,4,335,5,0.2656027781108037,0.5489390937279066,0,0,52.5,63.437387186669795,-0.27933582618423736,4.461448874233275,0.6,0,39.27,-76.67,1,250
Baltimore,rifle,2022,5,342,6,0.5026451235318063,0.999930947140589,0,0,46.875,54.6064730280625,0.7499758496069419,2.048658253662018,0.625,0,39.27,-76.67,1,212
Baltimore,rifle,2022,6,349,7,0.7396874689528659,0.5323751063979798,0,0,41.25,57.27703207127861,-1.4256652503519145,3.029154679294167,0.65,0,39.27,-76.67,1,330
Baltimore,rifle,2022,7,356,8,0.9767298143738685,0.005334891863390645,0,0,35.625,48.204581030578254,0.5981654117918423,2.3948100791801927,0.675,0,39.27,-76.67,1,296
Baltimore,archery,2022,0,246,1,0.2517786720436561,0.5055877467084711,0,1,75.0,84.00482240417978,0.29669742660257925,3.556700720231078,0.5,0,39.27,-76.67,1,83
Baltimore,archery,2022,1,253,2,0.4888210174646588,0.9987671059964716,0,1,72.3529411764706,82.22798899055594,0.5916141507636373,6.08054673845836,0.5117647058823529,0,39.27,-76.67,1,116
Baltimore,archery,2022,2,260,3,0.7258633628856614,0.5755371536507978,0,1,69.70588235294117,78.59220512361166,-2.37333369015622,1.7278231685579752,0.5235294117647059,0,39.27,-76.67,1,116
Baltimore,archery,2022,3,267,4,0.962905708306721,0.013519077253484946,0,1,67.05882352941177,81.33762181803907,-0.8894261452086872,6.006776271483717,0.5352941176470588,0,39.27,-76.67,1,104
Baltimore,archery,2022,4,274,5,0.19994805372772362,0.34533630430196643,0,1,64.41176470588235,82.30541149533485,1.6316304351064426,1.5894785218018903,0.5470588235294118,0,39.27,-76.67,1,89
Baltimore,archery,2022,5,281,6,0.4369903991487263,0.96132473912524,0,1,61.76470588235294,73.40426586457046,-0.7048175135828709,3.5383741636377217,0.5588235294117647,0,39.27,-76.67,1,93
Baltimore,archery,2022,6,288,7,0.674032744569729,0.7296985627629547,1,0,59.11764705882353,73.76926429005205,3.387057682429356,4.313498028875978,0.5705882352941176,0,39.27,-76.67,1,124
Baltimore,archery,2022,7,295,8,0.9110750899907316,0.07603593039923284,1,0,56.470588235294116,72.10467818473688,-2.083990736705186,3.7153369242109067,0.5823529411764706,0,39.27,-76.67,1,94
Baltimore,archery,2022,8,302,9,0.14811743541173428,0.20134331532249478,1,0,53.82352941176471,68.23713453144242,-0.7289465275625033,4.780759510222311,0.5941176470588235,0,39.27,-76.67,1,124
Baltimore,archery,2022,9,309,10,0.3851597808327938,0.8753873020177728,1,0,51.17647058823529,60.45007457053283,1.8234862506506369,2.70857348927557,0.6058823529411765,0,39.27,-76.67,1,138
Baltimore,archery,2022,10,316,11,0.6222021262537965,0.8597137534098416,1,0,48.529411764705884,59.66280301432454,1.5042677240074112,2.467376180364731,0.6176470588235294,0,39.27,-76.67,1,92
Baltimore,archery,2022,11,323,12,0.8592444716747991,0.1831204505031771,1,0,45.882352941176464,61.178362114527445,-2.0127117094242446,2.124704477636522,0.6294117647058823,0,39.27,-76.67,1,123
Baltimore,archery,2022,12,330,13,0.09628681709580178,0.08874551431299516,0,0,43.23529411764706,54.29351684964574,1.7573738231773972,10.405607204064177,0.6411764705882353,0,39.27,-76.67,1,95
Baltimore,archery,2022,13,337,13,0.33332916251680444,0.7499886523776041,0,0,40.58823529411765,55.42462640322387,1.2671987951344115,1.5368333634101339,0.6529411764705882,0,39.27,-76.67,1,53
Baltimore,archery,2022,14,344,13,0.570371507937864,0.9519153558029791,0,0,37.94117647058824,46.925856367857875,4.463405095434136,6.062072621345582,0.6647058823529411,0,39.27,-76.67,1,110
Baltimore,archery,2022,15,351,13,0.8074138533588666,0.323515770366991,0,0,35.294117647058826,52.2478773461428,0.4913690119991735,1.8417238614418612,0.6764705882352942,0,39.27,-76.67,1,58
Baltimore,archery,2022,16,358,13,0.04445619877986928,0.019379331894285756,0,0,32.64705882352941,44.092499211402284,-0.6730776634746509,1.4403419424539226,0.6882352941176471,0,39.27,-76.67,1,62
Baltimore,rifle,2021,0,307,1,0.9573682423310856,0.017830680710972602,1,0,75.0,86.70469211292863,3.4551881381551492,6.061724844648883,0.5,0,39.27,-76.67,1,198
Baltimore,rifle,2021,1,314,2,0.1944105877520883,0.3288899828015325,1,0,69.375,85.12197624030097,0.41978442942292893,4.356510935961277,0.525,0,39.27,-76.67,1,207
Baltimore,rifle,2021,2,321,3,0.43145293317309097,0.9543381272781482,1,0,63.75,71.80680278213886,-0.22312551711602113,0.13061497897648955,0.55,0,39.27,-76.67,1,386
Baltimore,rifle,2021,3,328,4,0.6684952785940936,0.745008505815151,0,0,58.125,67.20335392431302,0.7942727310869797,3.8312500638718836,0.575,0,39.27,-76.67,1,198
Baltimore,rifle,2021,4,335,5,0.9055376240151531,0.08551271770022578,0,0,52.5,63.76967326811072,0.6252434265081479,2.1033625930637325,0.6,0,39.27,-76.67,1,296
Baltimore,rifle,2021,5,342,6,0.1425799694361558,0.18757477990595367,0,0,46.875,62.235891599208834,0.6532691494024192,3.0723871818759614,0.625,0,39.27,-76.67,1,249
Baltimore,rifle,2021,6,349,7,0.37962231485715847,0.8636710505452458,0,0,41.25,51.256848494234895,-1.7949787675982352,6.098602653425773,0.65,0,39.27,-76.67,1,207
Baltimore,rifle,2021,7,356,8,0.6166646602781611,0.8715766304102717,0,0,35.625,47.0327339103098,-0.573400477102964,1.3306331699470884,0.675,0,39.27,-76.67,1,329
Baltimore,archery,2021,0,246,1,0.8917135179479487,0.11133440792525257,0,1,75.0,83.56466542937994,-2.829386086242679,2.710302199830696,0.5,0,39.27,-76.67,1,91
Baltimore,archery,2021,1,253,2,0.1287558633689514,0.15488770850156242,0,1,72.3529411764706,89.54619663378648,-0.547382644745793,5.487927214015937,0.5117647058823529,0,39.27,-76.67,1,67
Baltimore,archery,2021,2,260,3,0.3657982087900109,0.832532779938774,0,1,69.70588235294117,85.31150282910332,-1.6315252660855304,11.404208735015086,0.5235294117647059,0,39.27,-76.67,1,84
Baltimore,archery,2021,3,267,4,0.6028405542110136,0.8991990352197647,0,1,67.05882352941177,76.12874409145402,1.9784684917113362,0.9389819313450056,0.5352941176470588,0,39.27,-76.67,1,90
Baltimore,archery,2021,4,274,5,0.8398828996320162,0.23239728775488172,0,1,64.41176470588235,79.87947793924468,6.11328430821296,1.1036425974082156,0.5470588235294118,0,39.27,-76.67,1,75
Baltimore,archery,2021,5,281,6,0.0769252450530189,0.05727515262110533,0,1,61.76470588235294,77.95464194043599,3.5879693546410745,7.3041541255791955,0.5588235294117647,0,39.27,-76.67,1,55
Baltimore,archery,2021,6,288,7,0.31396759047402156,0.6955931336294042,1,0,59.11764705882353,73.19224153351009,-4.482430516158885,1.1216486280546278,0.5705882352941176,0,39.27,-76.67,1,131
Baltimore,archery,2021,7,295,8,0.5510099358950811,0.9745382394126643,1,0,56.470588235294116,66.74944181715372,-0.34855143905167785,2.0532137561573096,0.5823529411764706,0,39.27,-76.67,1,134
Baltimore,archery,2021,8,302,9,0.7880522813160837,0.3815909206638745,1,0,53.82352941176471,65.54986238194833,0.7467492159102176,2.117306134990157,0.5941176470588235,0,39.27,-76.67,1,94
Baltimore,archery,2021,9,309,10,0.0250946267370864,0.006202421614721398,1,0,51.17647058823529,66.79087043789683,-0.3694500312429162,3.4874473949973117,0.6058823529411765,0,39.27,-76.67,1,78
Baltimore,archery,2021,10,316,11,0.26213697215808907,0.5380924769328443,1,0,48.529411764705884,56.80941902129682,1.442132941504023,1.576125359427799,0.6176470588235294,0,39.27,-76.67,1,77
Baltimore,archery,2021,11,323,12,0.49917931757909173,0.9999933526423657,1,0,45.882352941176464,55.514189293637244,-0.8627402474675386,3.0795158628613364,0.6294117647058823,0,39.27,-76.67,1,138
Baltimore,archery,2021,12,330,13,0.7362216630000944,0.5432318735019569,0,0,43.23529411764706,63.47022048474106,-1.3681268157475523,4.420985152948568,0.6411764705882353,0,39.27,-76.67,1,50
Baltimore,archery,2021,13,337,13,0.9732640084211539,0.007038348903326719,0,0,40.58823529411765,50.588964368626286,-1.0930405587257355,2.0647362012033676,0.6529411764705882,0,39.27,-76.67,1,78
Baltimore,archery,2021,14,344,13,0.21030635384215657,0.37658748839005973,0,0,37.94117647058824,51.289467431909074,5.9136176470595005,4.946191051115993,0.6647058823529411,0,39.27,-76.67,1,82
Baltimore,archery,2021,15,351,13,0.44734869926315923,0.9728884995454274,0,0,35.294117647058826,45.32445059991781,0.6787260599752319,6.91701550363335,0.6764705882352942,0,39.27,-76.67,1,77
Baltimore,archery,2021,16,358,13,0.6843910446841619,0.7003282342898121,0,0,32.64705882352941,43.025147956378895,-1.2803290603081319,1.1820485086066614,0.6882352941176471,0,39.27,-76.67,1,66
Calvert,rifle,2022,0,307,1,0.317433396426793,0.7055664580881861,1,0,75.0,88.94104571523211,3.0264937287306344,7.355720685149149,0.5,0,38.45,-76.47,1,154
Calvert,rifle,2022,1,314,2,0.5544757418477957,0.9709957344495006,1,0,69.375,75.4044161258935,0.45799897675914725,4.6256081945503285,0.525,0,38.45,-76.47,1,85
Calvert,rifle,2022,2,321,3,0.7915180872687984,0.3710414047148724,1,0,63.75,69.31271852983434,-0.9571861001525782,1.0821006671348277,0.55,0,38.45,-76.47,1,124
Calvert,rifle,2022,3,328,4,0.02856043268980102,0.008029038701735935,0,0,58.125,67.46245158971041,0.29651651545668534,8.190214636095845,0.575,0,38.45,-76.47,1,123
Calvert,rifle,2022,4,335,5,0.2656027781108037,0.5489390937279066,0,0,52.5,65.05674034566066,-3.47941640836014,0.6893366265670133,0.6,0,38.45,-76.47,1,131
Calvert,rifle,2022,5,342,6,0.5026451235318063,0.999930947140589,0,0,46.875,59.913023682959206,-0.05233736531400205,4.08442928197586,0.625,0,38.45,-76.47,1,117
Calvert,rifle,2022,6,349,7,0.7396874689528659,0.5323751063979798,0,0,41.25,51.55679865917192,-0.5875932589209683,4.222089681636496,0.65,0,38.45,-76.47,1,120
Calvert,rifle,2022,7,356,8,0.9767298143738685,0.005334891863390645,0,0,35.625,48.5417284877157,-0.736943453360982,1.7446874664064993,0.675,0,38.45,-76.47,1,99
Calvert,archery,2022,0,246,1,0.2517786720436561,0.5055877467084711,0,1,75.0,86.8743725425114,4.812639278775079,3.4632202399449397,0.5,0,38.45,-76.47,1,33
Calvert,archery,2022,1,253,2,0.4888210174646588,0.9987671059964716,0,1,72.3529411764706,85.63131902688663,-0.2165871937754423,0.4062021398330395,0.5117647058823529,0,38.45,-76.47,1,39
Calvert,archery,2022,2,260,3,0.7258633628856614,0.5755371536507978,0,1,69.70588235294117,83.19692032570008,0.23125245117107374,11.919522953054193,0.5235294117647059,0,38.45,-76.47,1,39
Calvert,archery,2022,3,267,4,0.962905708306721,0.013519077253484946,0,1,67.05882352941177,78.49185235940043,-2.878506537045024,3.973464992255535,0.5352941176470588,0,38.45,-76.47,1,43
Calvert,archery,2022,4,274,5,0.19994805372772362,0.34533630430196643,0,1,64.41176470588235,75.14746581485304,0.3338182736862668,1.4326793495208123,0.5470588235294118,0,38.45,-76.47,1,51
Calvert,archery,2022,5,281,6,0.4369903991487263,0.96132473912524,0,1,61.76470588235294,81.27072728991288,-0.0891902561362477,4.396706992906577,0.5588235294117647,0,38.45,-76.47,1,25
Calvert,archery,2022,6,288,7,0.674032744569729,0.7296985627629547,1,0,59.11764705882353,69.98593614228477,2.8453632440932557,2.2442547807224695,0.5705882352941176,0,38.45,-76.47,1,56
Calvert,archery,2022,7,295,8,0.9110750899907316,0.07603593039923284,1,0,56.470588235294116,69.03788340247257,1.4886916101648393,6.195991409003276,0.5823529411764706,0,38.45,-76.47,1,57
Calvert,archery,2022,8,302,9,0.14811743541173428,0.20134331532249478,1,0,53.82352941176471,66.69651881730285,-0.33177404906453223,0.7223707182532539,0.5941176470588235,0,38.45,-76.47,1,25
Calvert,archery,2022,9,309,10,0.3851597808327938,0.8753873020177728,1,0,51.17647058823529,61.219505056565026,0.15995133675745107,4.769981458653113,0.6058823529411765,0,38.45,-76.47,1,55
Calvert,archery,2022,10,316,11,0.6222021262537965,0.8597137534098416,1,0,48.529411764705884,60.39307341106513,0.48429097318709974,7.28417173510457,0.6176470588235294,0,38.45,-76.47,1,43
Calvert,archery,2022,11,323,12,0.8592444716747991,0.1831204505031771,1,0,45.882352941176464,60.651618323910455,-0.6484544940080897,4.211120287697599,0.6294117647058823,0,38.45,-76.47,1,36
Calvert,archery,2022,12,330,13,0.09628681709580178,0.08874551431299516,0,0,43.23529411764706,58.49055748530363,0.4811382020364746,0.27017492009892796,0.6411764705882353,0,38.45,-76.47,1,34
Calvert,archery,2022,13,337,13,0.33332916251680444,0.7499886523776041,0,0,40.58823529411765,48.82126799550221,5.741392305238328,4.516379166433164,0.6529411764705882,0,38.45,-76.47,1,49
Calvert,archery,2022,14,344,13,0.570371507937864,0.9519153558029791,0,0,37.94117647058824,49.15681248219114,-0.3619509169323788,4.004231577596217,0.6647058823529411,0,38.45,-76.47,1,37
Calvert,archery,2022,15,351,13,0.8074138533588666,0.323515770366991,0,0,35.294117647058826,43.583334203632994,1.6289921709586086,3.8495188703273406,0.6764705882352942,0,38.45,-76.47,1,38
Calvert,archery,2022,16,358,13,0.04445619877986928,0.019379331894285756,0,0,32.64705882352941,42.805017243302004,1.3928730223966221,1.0373490820365836,0.6882352941176471,0,38.45,-76.47,1,39
Calvert,rifle,2021,0,307,1,0.9573682423310856,0.017830680710972602,1,0,75.0,84.01222196263893,-0.8156512636443866,1.8208123223153143,0.5,0,38.45,-76.47,1,76
Calvert,rifle,2021,1,314,2,0.1944105877520883,0.3288899828015325,1,0,69.375,79.9163217301585,-1.8373421635094906,3.970836352052873,0.525,0,38.45,-76.47,1,139
Calvert,rifle,2021,2,321,3,0.43145293317309097,0.9543381272781482,1,0,63.75,67.49144820200634,2.5519775226003185,1.6635068985840695,0.55,0,38.45,-76.47,1,99
Calvert,rifle,2021,3,328,4,0.6684952785940936,0.745008505815151,0,0,58.125,66.27730749714576,-0.5380501006177721,3.5833134739655303,0.575,0,38.45,-76.47,1,142
Calvert,rifle,2021,4,335,5,0.9055376240151531,0.08551271770022578,0,0,52.5,69.24381032116906,4.613674196283927,2.306040254424761,0.6,0,38.45,-76.47,1,91
Calvert,rifle,2021,5,342,6,0.1425799694361558,0.18757477990595367,0,0,46.875,56.670874081792356,1.9077364562008028,1.2046498756951765,0.625,0,38.45,-76.47,1,109
Calvert,rifle,2021,6,349,7,0.37962231485715847,0.8636710505452458,0,0,41.25,53.473319604532556,-2.558003818331381,4.693661327537174,0.65,1,38.45,-76.47,1,94
Calvert,rifle,2021,7,356,8,0.6166646602781611,0.8715766304102717,0,0,35.625,44.97029467874553,0.4356941164687994,1.7345876888275962,0.675,0,38.45,-76.47,1,110
Calvert,archery,2021,0,246,1,0.8917135179479487,0.11133440792525257,0,1,75.0,85.16145299123605,1.6311548389372046,1.642390953873011,0.5,0,38.45,-76.47,1,22
Calvert,archery,2021,1,253,2,0.1287558633689514,0.15488770850156242,0,1,72.3529411764706,88.87665546954156,0.7600184834249385,7.023047944725251,0.5117647058823529,0,38.45,-76.47,1,48
Calvert,archery,2021,2,260,3,0.3657982087900109,0.832532779938774,0,1,69.70588235294117,86.7181045315719,-1.5802537264902823,6.861021560749784,0.5235294117647059,0,38.45,-76.47,1,35
Calvert,archery,2021,3,267,4,0.6028405542110136,0.8991990352197647,0,1,67.05882352941177,81.41802488286903,-2.4648145363238467,6.7212904257389505,0.5352941176470588,0,38.45,-76.47,1,34
Calvert,archery,2021,4,274,5,0.8398828996320162,0.23239728775488172,0,1,64.41176470588235,79.12571330866483,1.5045315642973112,1.7949627755304165,0.5470588235294118,0,38.45,-76.47,1,35
Calvert,archery,2021,5,281,6,0.0769252450530189,0.05727515262110533,0,1,61.76470588235294,72.75238508962963,-1.9192493179724095,6.759240741143783,0.5588235294117647,0,38.45,-76.47,1,32
Calvert,archery,2021,6,288,7,0.31396759047402156,0.6955931336294042,1,0,59.11764705882353,72.35393451729357,-0.9486091974535485,1.385864225326395,0.5705882352941176,0,38.45,-76.47,1,26
Calvert,archery,2021,7,295,8,0.5510099358950811,0.9745382394126643,1,0,56.470588235294116,71.75967001842449,1.4142817587502876,1.602099546532758,0.5823529411764706,0,38.45,-76.47,1,32
Calvert,archery,2021,8,302,9,0.7880522813160837,0.3815909206638745,1,0,53.82352941176471,62.97861182418774,0.9935133141504687,4.2035515945200235,0.5941176470588235,0,38.45,-76.47,1,41
Calvert,archery,2021,9,309,10,0.0250946267370864,0.006202421614721398,1,0,51.17647058823529,60.262768201635005,3.9731878999692145,1.7429288442273132,0.6058823529411765,0,38.45,-76.47,1,29
Calvert,archery,2021,10,316,11,0.26213697215808907,0.5380924769328443,1,0,48.529411764705884,60.66622382228714,6.688280588394814,3.2810545999746337,0.6176470588235294,0,38.45,-76.47,1,26
Calvert,archery,2021,11,323,12,0.49917931757909173,0.9999933526423657,1,0,45.882352941176464,59.705117573425916,0.09402643284090863,5.031502724538333,0.6294117647058823,0,38.45,-76.47,1,30
Calvert,archery,2021,12,330,13,0.7362216630000944,0.5432318735019569,0,0,43.23529411764706,54.52721467365433,3.4448598331975844,9.072572628392699,0.6411764705882353,0,38.45,-76.47,1,21
Calvert,archery,2021,13,337,13,0.9732640084211539,0.007038348903326719,0,0,40.58823529411765,50.69352105458916,0.5314514526096217,4.12438873399571,0.6529411764705882,0,38.45,-76.47,1,15
Calvert,archery,2021,14,344,13,0.21030635384215657,0.37658748839005973,0,0,37.94117647058824,47.4590192619389,-1.5844998701148651,5.9855639255873125,0.6647058823529411,0,38.45,-76.47,1,37
Calvert,archery,2021,15,351,13,0.44734869926315923,0.9728884995454274,0,0,35.294117647058826,50.53556200628228,-3.9131661891160907,5.514106836383681,0.6764705882352942,1,38.45,-76.47,1,36
Calvert,archery,2021,16,358,13,0.6843910446841619,0.7003282342898121,0,0,32.64705882352941,44.38128505288459,-2.409646207934284,3.3196835816874346,0.6882352941176471,1,38.45,-76.47,1,32
Caroline,rifle,2022,0,307,1,0.317433396426793,0.7055664580881861,1,0,75.0,83.20951039665476,2.617591157688897,3.3583609626097077,0.5,0,38.89,-75.81,1,624
Caroline,rifle,2022,1,314,2,0.5544757418477957,0.9709957344495006,1,0,69.375,80.03591778582216,3.5179361849277004,4.03694751068019,0.525,0,38.89,-75.81,1,498
Caroline,rifle,2022,2,321,3,0.7915180872687984,0.3710414047148724,1,0,63.75,71.37889380566469,0.2103103365515864,7.6789316146476105,0.55,0,38.89,-75.81,1,323
Caroline,rifle,2022,3,328,4,0.02856043268980102,0.008029038701735935,0,0,58.125,68.80102364322322,-1.9350811254585487,4.1106650070319875,0.575,0,38.89,-75.81,1,371
Caroline,rifle,2022,4,335,5,0.2656027781108037,0.5489390937279066,0,0,52.5,56.78103624073354,3.340901588995376,0.3893714027496525,0.6,0,38.89,-75.81,1,266
Caroline,rifle,2022,5,342,6,0.5026451235318063,0.999930947140589,0,0,46.875,54.76955889041238,3.6495419765894863,2.8189100304456973,0.625,0,38.89,-75.81,1,317
Caroline,rifle,2022,6,349,7,0.7396874689528659,0.5323751063979798,0,0,41.25,55.212792319624015,2.3250914042678947,3.775530170061336,0.65,0,38.89,-75.81,1,290
Caroline,rifle,2022,7,356,8,0.9767298143738685,0.005334891863390645,0,0,35.625,51.22990846462532,1.3863923218685477,6.042953431769637,0.675,0,38.89,-75.81,1,302
Caroline,archery,2022,0,246,1,0.2517786720436561,0.5055877467084711,0,1,75.0,88.55610496410908,2.461031872316927,1.971076072027311,0.5,0,38.89,-75.81,1,128
Caroline,archery,2022,1,253,2,0.4888210174646588,0.9987671059964716,0,1,72.3529411764706,85.00431094367313,-1.796212874945296,4.407655741031805,0.5117647058823529,0,38.89,-75.81,1,121
Caroline,archery,2022,2,260,3,0.7258633628856614,0.5755371536507978,0,1,69.70588235294117,79.706851912367,-0.027592324840347657,2.2696558420262813,0.5235294117647059,0,38.89,-75.81,1,104
Caroline,archery,2022,3,267,4,0.962905708306721,0.013519077253484946,0,1,67.05882352941177,78.67606609591428,5.456405827357174,2.7926867062073737,0.5352941176470588,0,38.89,-75.81,1,87
Caroline,archery,2022,4,274,5,0.19994805372772362,0.34533630430196643,0,1,64.41176470588235,79.30557930369184,0.2012624799078676,4.575775379787574,0.5470588235294118,0,38.89,-75.81,1,112
Caroline,archery,2022,5,281,6,0.4369903991487263,0.96132473912524,0,1,61.76470588235294,77.53396346763269,0.8568055636819331,3.394140025228553,0.5588235294117647,0,38.89,-75.81,1,106
Caroline,archery,2022,6,288,7,0.674032744569729,0.7296985627629547,1,0,59.11764705882353,71.04973163824539,0.5832563703881478,3.711669310662784,0.5705882352941176,0,38.89,-75.81,1,154
Caroline,archery,2022,7,295,8,0.9110750899907316,0.07603593039923284,1,0,56.470588235294116,70.11017538455705,2.6218212161258267,7.0216600324728775,0.5823529411764706,0,38.89,-75.81,1,145
Caroline,archery,2022,8,302,9,0.14811743541173428,0.20134331532249478,1,0,53.82352941176471,68.26437186543765,1.6501028635368329,6.730177715322796,0.5941176470588235,0,38.89,-75.81,1,140
Caroline,archery,2022,9,309,10,0.3851597808327938,0.8753873020177728,1,0,51.17647058823529,68.28867350743853,-0.4373275655781806,3.941025366631291,0.6058823529411765,0,38.89,-75.81,1,125
Caroline,archery,2022,10,316,11,0.6222021262537965,0.8597137534098416,1,0,48.529411764705884,62.01600575805961,4.108953112208714,1.9479078675319248,0.6176470588235294,0,38.89,-75.81,1,128
Caroline,archery,2022,11,323,12,0.8592444716747991,0.1831204505031771,1,0,45.882352941176464,60.25252272025899,-0.13711078627180093,5.841418608620725,0.6294117647058823,0,38.89,-75.81,1,93
Caroline,archery,2022,12,330,13,0.09628681709580178,0.08874551431299516,0,0,43.23529411764706,53.29141906503695,-0.18047638404029892,8.970119038322942,0.6411764705882353,0,38.89,-75.81,1,75
Caroline,archery,2022,13,337,13,0.33332916251680444,0.7499886523776041,0,0,40.58823529411765,47.789803887192704,2.9356106452536443,7.3379891247741424,0.6529411764705882,0,38.89,-75.81,1,106
Caroline,archery,2022,14,344,13,0.570371507937864,0.9519153558029791,0,0,37.94117647058824,50.31328889777318,-0.8630343190852383,6.946246283747413,0.6647058823529411,0,38.89,-75.81,1,100
Caroline,archery,2022,15,351,13,0.8074138533588666,0.323515770366991,0,0,35.294117647058826,49.57050351083429,0.5443597653451563,2.393476762149749,0.6764705882352942,0,38.89,-75.81,1,127
Caroline,archery,2022,16,358,13,0.04445619877986928,0.019379331894285756,0,0,32.64705882352941,39.69363248698603,-0.6817058744557096,5.736476985426824,0.6882352941176471,0,38.89,-75.81,1,69
Caroline,rifle,2021,0,307,1,0.9573682423310856,0.017830680710972602,1,0,75.0,90.22117432235906,-2.3439789018502335,1.0141755648558914,0.5,0,38.89,-75.81,1,295
Caroline,rifle,2021,1,314,2,0.1944105877520883,0.3288899828015325,1,0,69.375,76.39050711377628,1.22635852581286,5.446306400759568,0.525,0,38.89,-75.81,1,362
Caroline,rifle,2021,2,321,3,0.43145293317309097,0.9543381272781482,1,0,63.75,80.5218544317772,3.644264254467882,3.493250081561444,0.55,0,38.89,-75.81,1,353
Caroline,rifle,2021,3,328,4,0.6684952785940936,0.745008505815151,0,0,58.125,70.24513689281545,1.6346638761290082,1.3498203086981193,0.575,0,38.89,-75.81,1,337
Caroline,rifle,2021,4,335,5,0.9055376240151531,0.08551271770022578,0,0,52.5,68.69974940417353,2.371086434805865,4.768520080845721,0.6,0,38.89,-75.81,1,252
Caroline,rifle,2021,5,342,6,0.1425799694361558,0.18757477990595367,0,0,46.875,56.08112191069657,4.026420503154221,4.930255973504377,0.625,0,38.89,-75.81,1,260
Caroline,rifle,2021,6,349,7,0.37962231485715847,0.8636710505452458,0,0,41.25,53.096798866392156,0.8402469005475257,1.2732125983870393,0.65,0,38.89,-75.81,1,282
Caroline,rifle,2021,7,356,8,0.6166646602781611,0.8715766304102717,0,0,35.625,49.87705871693301,2.979073839319382,2.351695386239882,0.675,0,38.89,-75.81,1,353
Caroline,archery,2021,0,246,1,0.8917135179479487,0.11133440792525257,0,1,75.0,89.4826287465448,1.0393810972523925,1.0073466630247216,0.5,0,38.89,-75.81,1,60
Caroline,archery,2021,1,253,2,0.1287558633689514,0.15488770850156242,0,1,72.3529411764706,82.71257641854865,0.6662551947049935,2.514116914464849,0.5117647058823529,0,38.89,-75.81,1,83
Caroline,archery,2021,2,260,3,0.3657982087900109,0.832532779938774,0,1,69.70588235294117,85.26226931039058,-0.2866721096257637,5.506904639807311,0.5235294117647059,0,38.89,-75.81,1,110
Caroline,archery,2021,3,267,4,0.6028405542110136,0.8991990352197647,0,1,67.05882352941177,77.44030828933894,2.891641924551843,2.3125010226492124,0.5352941176470588,0,38.89,-75.81,1,78
Caroline,archery,2021,4,274,5,0.8398828996320162,0.23239728775488172,0,1,64.41176470588235,70.09162133636698,-0.27421666550351564,2.589431335608533,0.5470588235294118,0,38.89,-75.81,1,110
Caroline,archery,2021,5,281,6,0.0769252450530189,0.05727515262110533,0,1,61.76470588235294,77.09959488362078,1.059502374438803,4.763666257112896,0.5588235294117647,0,38.89,-75.81,1,90
Caroline,archery,2021,6,288,7,0.31396759047402156,0.6955931336294042,1,0,59.11764705882353,73.32124322060106,-1.090362260897955,3.516693248588611,0.5705882352941176,0,38.89,-75.81,1,106
Caroline,archery,2021,7,295,8,0.5510099358950811,0.9745382394126643,1,0,56.470588235294116,71.94668541276444,-0.2569674279818999,9.607760970640607,0.5823529411764706,0,38.89,-75.81,1,169
Caroline,archery,2021,8,302,9,0.7880522813160837,0.3815909206638745,1,0,53.82352941176471,67.67940717027899,-4.9728918496174135,3.705395960777482,0.5941176470588235,0,38.89,-75.81,1,124
Caroline,archery,2021,9,309,10,0.0250946267370864,0.006202421614721398,1,0,51.17647058823529,61.76237751453947,-1.8526700961013622,4.591183413293427,0.6058823529411765,0,38.89,-75.81,1,100
Caroline,archery,2021,10,316,11,0.26213697215808907,0.5380924769328443,1,0,48.529411764705884,58.2784327646479,-1.2141889653111937,3.125956498824024,0.6176470588235294,0,38.89,-75.81,1,119
Caroline,archery,2021,11,323,12,0.49917931757909173,0.9999933526423657,1,0,45.882352941176464,57.57524295179357,-3.89047423750311,2.133149659154712,0.6294117647058823,0,38.89,-75.81,1,140
Caroline,archery,2021,12,330,13,0.7362216630000944,0.5432318735019569,0,0,43.23529411764706,55.61301264842646,1.2658467222469105,0.474580328666842,0.6411764705882353,0,38.89,-75.81,1,89
Caroline,archery,2021,13,337,13,0.9732640084211539,0.007038348903326719,0,0,40.58823529411765,51.732328620198174,0.14288231426720366,5.812178588133398,0.6529411764705882,0,38.89,-75.81,1,61
Caroline,archery,2021,14,344,13,0.21030635384215657,0.37658748839005973,0,0,37.94117647058824,49.289280147887865,-1.061853902639067,7.877893354579375,0.6647058823529411,0,38.89,-75.81,1,118
Caroline,archery,2021,15,351,13,0.44734869926315923,0.9728884995454274,0,0,35.294117647058826,46.70913447322412,-1.4470424313069319,10.923953798328284,0.6764705882352942,0,38.89,-75.81,1,47
Caroline,archery,2021,16,358,13,0.6843910446841619,0.7003282342898121,0,0,32.64705882352941,43.971403667810605,0.9818314033340321,8.019800973683973,0.6882352941176471,0,38.89,-75.81,1,84
Carroll,rifle,2022,0,307,1,0.317433396426793,0.7055664580881861,1,0,75.0,86.81660215974978,-0.3067483309579117,5.115094014911319,0.5,0,39.61,-77.14,1,291
Carroll,rifle,2022,1,314,2,0.5544757418477957,0.9709957344495006,1,0,69.375,78.56005721642143,-1.9283463948646624,6.995028633127579,0.525,0,39.61,-77.14,1,350
Carroll,rifle,2022,2,321,3,0.7915180872687984,0.3710414047148724,1,0,63.75,76.10362803705927,1.1243654462773722,4.225570228577932,0.55,0,39.61,-77.14,1,332
Carroll,rifle,2022,3,328,4,0.02856043268980102,0.008029038701735935,0,0,58.125,68.61140756558251,2.726172288060664,0.5779702920142552,0.575,0,39.61,-77.14,1,181
Carroll,rifle,2022,4,335,5,0.2656027781108037,0.5489390937279066,0,0,52.5,60.66853865702413,0.5916329517238378,1.2821143970812572,0.6,0,39.61,-77.14,1,295
Carroll,rifle,2022,5,342,6,0.5026451235318063,0.999930947140589,0,0,46.875,62.27392013915314,0.2544276476655713,6.557038415566396,0.625,0,39.61,-77.14,1,192
Carroll,rifle,2022,6,349,7,0.7396874689528659,0.5323751063979798,0,0,41.25,50.588945458323835,0.5448665507674704,2.670364945525272,0.65,0,39.61,-77.14,1,290
Carroll,rifle,2022,7,356,8,0.9767298143738685,0.005334891863390645,0,0,35.625,48.22227629358784,1.028476647370335,3.9829090554370934,0.675,0,39.61,-77.14,1,176
Carroll,archery,2022,0,246,1,0.2517786720436561,0.5055877467084711,0,1,75.0,86.36546744339203,-1.4943836949137814,5.289793672476155,0.5,0,39.61,-77.14,1,118
Carroll,archery,2022,1,253,2,0.4888210174646588,0.9987671059964716,0,1,72.3529411764706,82.4392970002031,-1.597746738057287,3.9445095941206865,0.5117647058823529,0,39.61,-77.14,1,75
Carroll,archery,2022,2,260,3,0.7258633628856614,0.5755371536507978,0,1,69.70588235294117,83.94445443147907,1.3790129377566547,5.282413042667632,0.5235294117647059,0,39.61,-77.14,1,87
Carroll,archery,2022,3,267,4,0.962905708306721,0.013519077253484946,0,1,67.05882352941177,77.50602512374911,0.11485691148049557,1.594210394654416,0.5352941176470588,0,39.61,-77.14,1,84
Carroll,archery,2022,4,274,5,0.19994805372772362,0.34533630430196643,0,1,64.41176470588235,75.42643219033197,3.9449646618679743,3.4895515144540954,0.5470588235294118,0,39.61,-77.14,1,79
Carroll,archery,2022,5,281,6,0.4369903991487263,0.96132473912524,0,1,61.76470588235294,72.52764796372878,0.8861447839528462,2.022991526360466,0.5588235294117647,0,39.61,-77.14,1,103
Carroll,archery,2022,6,288,7,0.674032744569729,0.7296985627629547,1,0,59.11764705882353,71.6261329188791,-1.715218854153215,3.948074864491101,0.5705882352941176,0,39.61,-77.14,1,66
Carroll,archery,2022,7,295,8,0.9110750899907316,0.07603593039923284,1,0,56.470588235294116,67.96692510782866,0.6798901045214135,2.426373342452531,0.5823529411764706,0,39.61,-77.14,1,80
Carroll,archery,2022,8,302,9,0.14811743541173428,0.20134331532249478,1,0,53.82352941176471,66.52631842041826,-2.397882223502762,7.518106964941812,0.5941176470588235,0,39.61,-77.14,1,101
Carroll,archery,2022,9,309,10,0.3851597808327938,0.8753873020177728,1,0,51.17647058823529,65.08886639679623,0.6229511380266397,3.1723671876078448,0.6058823529411765,0,39.61,-77.14,1,87
Carroll,archery,2022,10,316,11,0.6222021262537965,0.8597137534098416,1,0,48.529411764705884,61.259814920418165,4.726801075057028,1.4556846386948634,0.6176470588235294,0,39.61,-77.14,1,92
Carroll,archery,2022,11,323,12,0.8592444716747991,0.1831204505031771,1,0,45.882352941176464,57.0209762912206,-0.04876890149883956,4.428890334271711,0.6294117647058823,0,39.61,-77.14,1,98
Carroll,archery,2022,12,330,13,0.09628681709580178,0.08874551431299516,0,0,43.23529411764706,58.83913469285286,0.6206182703060714,4.177488402230872,0.6411764705882353,0,39.61,-77.14,1,98
Carroll,archery,2022,13,337,13,0.33332916251680444,0.7499886523776041,0,0,40.58823529411765,54.11730075830917,-1.0122357622893186,7.204876821657373,0.6529411764705882,0,39.61,-77.14,1,68
Carroll,archery,2022,14,344,13,0.570371507937864,0.9519153558029791,0,0,37.94117647058824,45.241496241229825,-0.03247158947272102,5.606121803991357,0.6647058823529411,0,39.61,-77.14,1,66
Carroll,archery,2022,15,351,13,0.8074138533588666,0.323515770366991,0,0,35.294117647058826,45.58357172961996,-0.7218026845659352,3.3668577653617002,0.6764705882352942,0,39.61,-77.14,1,76
Carroll,archery,2022,16,358,13,0.04445619877986928,0.019379331894285756,0,0,32.64705882352941,43.749420041895206,-4.580483767273192,7.430637008363923,0.6882352941176471,1,39.61,-77.14,1,84
Carroll,rifle,2021,0,307,1,0.9573682423310856,0.017830680710972602,1,0,75.0,86.81525670335067,-2.7453618908524624,2.2936592673229357,0.5,0,39.61,-77.14,1,213
Carroll,rifle,2021,1,314,2,0.1944105877520883,0.3288899828015325,1,0,69.375,82.87110281336922,-2.55099406012346,3.23343362362591,0.525,0,39.61,-77.14,1,269
Carroll,rifle,2021,2,321,3,0.43145293317309097,0.9543381272781482,1,0,63.75,78.43023906874639,4.460763210552998,6.550760706799961,0.55,0,39.61,-77.14,1,216
Carroll,rifle,2021,3,328,4,0.6684952785940936,0.745008505815151,0,0,58.125,67.29658998040041,0.6777263778096853,1.1944254646404744,0.575,0,39.61,-77.14,1,209
Carroll,rifle,2021,4,335,5,0.9055376240151531,0.08551271770022578,0,0,52.5,66.32415741031595,-0.13136198670599142,3.7052947931284597,0.6,0,39.61,-77.14,1,229
Carroll,rifle,2021,5,342,6,0.1425799694361558,0.18757477990595367,0,0,46.875,55.60140548059568,1.6731756172317132,2.327472581338793,0.625,0,39.61,-77.14,1,194
Carroll,rifle,2021,6,349,7,0.37962231485715847,0.8636710505452458,0,0,41.25,48.58256548958198,-3.598546485416726,5.726354443556454,0.65,1,39.61,-77.14,1,152
Carroll,rifle,2021,7,356,8,0.6166646602781611,0.8715766304102717,0,0,35.625,43.04907154365876,-5.508331242221424,8.405731693509601,0.675,1,39.61,-77.14,1,272
Carroll,archery,2021,0,246,1,0.8917135179479487,0.11133440792525257,0,1,75.0,87.00746397086995,-1.2645134243173186,6.319358339549048,0.5,0,39.61,-77.14,1,69
Carroll,archery,2021,1,253,2,0.1287558633689514,0.15488770850156242,0,1,72.3529411764706,83.24215385380877,-0.6027736796658335,0.6967817519652447,0.5117647058823529,0,39.61,-77.14,1,76
Carroll,archery,2021,2,260,3,0.3657982087900109,0.832532779938774,0,1,69.70588235294117,79.51646527124487,-1.152311684139432,1.4781600930855285,0.5235294117647059,0,39.61,-77.14,1,59
Carroll,archery,2021,3,267,4,0.6028405542110136,0.8991990352197647,0,1,67.05882352941177,75.78591322127828,-2.1659133699779147,2.297039145078103,0.5352941176470588,0,39.61,-77.14,1,81
Carroll,archery,2021,4,274,5,0.8398828996320162,0.23239728775488172,0,1,64.41176470588235,74.8976461988541,-1.1362485008561471,3.978866450186501,0.5470588235294118,0,39.61,-77.14,1,76
Carroll,archery,2021,5,281,6,0.0769252450530189,0.05727515262110533,0,1,61.76470588235294,74.73069160429503,2.3685856551740936,3.702555131610422,0.5588235294117647,0,39.61,-77.14,1,74
Carroll,archery,2021,6,288,7,0.31396759047402156,0.6955931336294042,1,0,59.11764705882353,75.15800866563569,2.713971709624973,4.578281213105166,0.5705882352941176,0,39.61,-77.14,1,68
Carroll,archery,2021,7,295,8,0.5510099358950811,0.9745382394126643,1,0,56.470588235294116,73.14460157094445,-5.12569347682147,7.08392009139028,0.5823529411764706,0,39.61,-77.14,1,76
Carroll,archery,2021,8,302,9,0.7880522813160837,0.3815909206638745,1,0,53.82352941176471,63.47153813932711,-0.8633007685893258,19.315737598202183,0.5941176470588235,0,39.61,-77.14,1,91
Carroll,archery,2021,9,309,10,0.0250946267370864,0.006202421614721398,1,0,51.17647058823529,63.44781074649478,0.8658649583108299,5.937053299321747,0.6058823529411765,0,39.61,-77.14,1,87
Carroll,archery,2021,10,316,11,0.26213697215808907,0.5380924769328443,1,0,48.529411764705884,59.40373136567581,1.7489223435349455,2.3875745036650686,0.6176470588235294,0,39.61,-77.14,1,110
Carroll,archery,2021,11,323,12,0.49917931757909173,0.9999933526423657,1,0,45.882352941176464,58.850412685241395,0.6298768090474999,3.2785538303166546,0.6294117647058823,0,39.61,-77.14,1,97
Carroll,archery,2021,12,330,13,0.7362216630000944,0.5432318735019569,0,0,43.23529411764706,56.5872250796519,-4.0622727775996035,10.351669093100023,0.6411764705882353,1,39.61,-77.14,1,81
Carroll,archery,2021,13,337,13,0.9732640084211539,0.007038348903326719,0,0,40.58823529411765,51.160770299131876,1.5128571652720868,9.895585045411396,0.6529411764705882,0,39.61,-77.14,1,36
Carroll,archery,2021,14,344,13,0.21030635384215657,0.37658748839005973,0,0,37.94117647058824,51.170765034134945,-1.828730424315619,7.495267394223144,0.6647058823529411,0,39.61,-77.14,1,60
Carroll,archery,2021,15,351,13,0.44734869926315923,0.9728884995454274,0,0,35.294117647058826,46.16046024534378,-0.7987891376977749,5.2745204239326515,0.6764705882352942,0,39.61,-77.14,1,81
Carroll,archery,2021,16,358,13,0.6843910446841619,0.7003282342898121,0,0,32.64705882352941,40.60886366449137,2.3717098755988864,3.908261153933011,0.6882352941176471,0,39.61,-77.14,1,54
Cecil,rifle,2022,0,307,1,0.317433396426793,0.7055664580881861,1,0,75.0,89.54250563290087,1.0107297711415597,8.132617756298647,0.5,0,39.67,-75.96,1,128
Cecil,rifle,2022,1,314,2,0.5544757418477957,0.9709957344495006,1,0,69.375,81.43717694176163,-0.08982206912680821,3.005994603419699,0.525,0,39.67,-75.96,1,117
Cecil,rifle,2022,2,321,3,0.7915180872687984,0.3710414047148724,1,0,63.75,82.43806358223907,0.10750653041699694,3.0747121835806475,0.55,0,39.67,-75.96,1,131
Cecil,rifle,2022,3,328,4,0.02856043268980102,0.008029038701735935,0,0,58.125,67.82781251306612,1.9860861954790685,4.852211421616847,0.575,0,39.67,-75.96,1,184
Cecil,rifle,2022,4,335,5,0.2656027781108037,0.5489390937279066,0,0,52.5,60.76934017580865,-2.4020162413915576,8.60764357952567,0.6,0,39.67,-75.96,1,199
Cecil,rifle,2022,5,342,6,0.5026451235318063,0.999930947140589,0,0,46.875,57.94703588283562,-2.5059937847700304,5.69663511066153,0.625,0,39.67,-75.96,1,164
Cecil,rifle,2022,6,349,7,0.7396874689528659,0.5323751063979798,0,0,41.25,55.55942305000997,-2.086568501509806,7.644341737973963,0.65,1,39.67,-75.96,1,237
Cecil,rifle,2022,7,356,8,0.9767298143738685,0.005334891863390645,0,0,35.625,43.59505787607999,-1.5145268731500494,2.1256343503018384,0.675,0,39.67,-75.96,1,205
Cecil,archery,2022,0,246,1,0.2517786720436561,0.5055877467084711,0,1,75.0,86.41847951016017,-2.598328371179145,4.614499918702516,0.5,0,39.67,-75.96,1,60
Cecil,archery,2022,1,253,2,0.4888210174646588,0.9987671059964716,0,1,72.3529411764706,85.87447884570987,0.4159242414491035,1.6039041179336138,0.5117647058823529,0,39.67,-75.96,1,47
Cecil,archery,2022,2,260,3,0.7258633628856614,0.5755371536507978,0,1,69.70588235294117,82.02562042100698,0.6426976691084398,1.0173032229182914,0.5235294117647059,0,39.67,-75.96,1,57
Cecil,archery,2022,3,267,4,0.962905708306721,0.013519077253484946,0,1,67.05882352941177,76.03620357117438,-2.5022871180936495,7.143993136441209,0.5352941176470588,0,39.67,-75.96,1,57
Cecil,archery,2022,4,274,5,0.19994805372772362,0.34533630430196643,0,1,64.41176470588235,75.3357407852392,-0.4005266054466304,3.0014430770781217,0.5470588235294118,0,39.67,-75.96,1,24
Cecil,archery,2022,5,281,6,0.4369903991487263,0.96132473912524,0,1,61.76470588235294,78.95627495792857,-0.37083632856837206,12.63527752310145,0.5588235294117647,0,39.67,-75.96,1,48
Cecil,archery,2022,6,288,7,0.674032744569729,0.7296985627629547,1,0,59.11764705882353,74.1538882025233,-3.5450536046190604,4.64038953536896,0.5705882352941176,0,39.67,-75.96,1,61
Cecil,archery,2022,7,295,8,0.9110750899907316,0.07603593039923284,1,0,56.470588235294116,62.45667479208279,-0.8096244585083021,0.9488895247216452,0.5823529411764706,0,39.67,-75.96,1,64
Cecil,archery,2022,8,302,9,0.14811743541173428,0.20134331532249478,1,0,53.82352941176471,61.98549955384192,-0.3088909202480011,5.5467212986278795,0.5941176470588235,0,39.67,-75.96,1,82
Cecil,archery,2022,9,309,10,0.3851597808327938,0.8753873020177728,1,0,51.17647058823529,65.68220267659086,-0.8044056298907554,2.288168316156225,0.6058823529411765,0,39.67,-75.96,1,49
Cecil,archery,2022,10,316,11,0.6222021262537965,0.8597137534098416,1,0,48.529411764705884,62.029560744507364,-0.22640149700389994,4.134833975023207,0.6176470588235294,0,39.67,-75.96,1,77
Cecil,archery,2022,11,323,12,0.8592444716747991,0.1831204505031771,1,0,45.882352941176464,57.61248916715241,-0.061593508463792204,4.7073625166003765,0.6294117647058823,0,39.67,-75.96,1,61
Cecil,archery,2022,12,330,13,0.09628681709580178,0.08874551431299516,0,0,43.23529411764706,57.642168702698186,3.726579725239769,3.10515608365283,0.6411764705882353,0,39.67,-75.96,1,76
Cecil,archery,2022,13,337,13,0.33332916251680444,0.7499886523776041,0,0,40.58823529411765,47.438428743677264,0.7123572208264675,5.727731357320579,0.6529411764705882,0,39.67,-75.96,1,38
Cecil,archery,2022,14,344,13,0.570371507937864,0.9519153558029791,0,0,37.94117647058824,50.08262472413496,-1.8075522133110093,12.989416598454689,0.6647058823529411,0,39.67,-75.96,1,69
Cecil,archery,2022,15,351,13,0.8074138533588666,0.323515770366991,0,0,35.294117647058826,47.322524995821794,1.6617789233995774,4.46276634717398,0.6764705882352942,0,39.67,-75.96,1,39
Cecil,archery,2022,16,358,13,0.04445619877986928,0.019379331894285756,0,0,32.64705882352941,45.78956438269958,-0.7633605936165513,3.659149448871561,0.6882352941176471,0,39.67,-75.96,1,56
Cecil,rifle,2021,0,307,1,0.9573682423310856,0.017830680710972602,1,0,75.0,86.16622131216434,-0.7245813718965367,4.073008445634681,0.5,0,39.67,-75.96,1,118
Cecil,rifle,2021,1,314,2,0.1944105877520883,0.3288899828015325,1,0,69.375,81.5363092236814,-1.0855874838047692,1.0613408829668602,0.525,0,39.67,-75.96,1,199
Cecil,rifle,2021,2,321,3,0.43145293317309097,0.9543381272781482,1,0,63.75,71.60281813004099,-0.5366987493139909,2.8791699797617762,0.55,0,39.67,-75.96,1,217
Cecil,rifle,2021,3,328,4,0.6684952785940936,0.745008505815151,0,0,58.125,70.3144382745421,-0.17377945311076598,2.4455352838018007,0.575,0,39.67,-75.96,1,159
Cecil,rifle,2021,4,335,5,0.9055376240151531,0.08551271770022578,0,0,52.5,70.94496419522594,2.5175877864494387,0.6836096304526852,0.6,0,39.67,-75.96,1,152
Cecil,rifle,2021,5,342,6,0.1425799694361558,0.18757477990595367,0,0,46.875,57.25477428233931,0.13341534264819874,1.5863086750071247,0.625,0,39.67,-75.96,1,179
Cecil,rifle,2021,6,349,7,0.37962231485715847,0.8636710505452458,0,0,41.25,54.19318634919558,-2.295506865120826,7.587885106614666,0.65,1,39.67,-75.96,1,227
Cecil,rifle,2021,7,356,8,0.6166646602781611,0.8715766304102717,0,0,35.625,51.47086449879317,-2.0136771407572853,4.628742260260947,0.675,1,39.67,-75.96,1,164
Cecil,archery,2021,0,246,1,0.8917135179479487,0.11133440792525257,0,1,75.0,85.40662329522306,0.6353474788928386,0.8843541824272065,0.5,0,39.67,-75.96,1,56
Cecil,archery,2021,1,253,2,0.1287558633689514,0.15488770850156242,0,1,72.3529411764706,80.69670364221608,1.0443430249860164,1.1192043420097817,0.5117647058823529,0,39.67,-75.96,1,43
Cecil,archery,2021,2,260,3,0.3657982087900109,0.832532779938774,0,1,69.70588235294117,79.65706266175671,1.3207132584112176,3.825337480785874,0.5235294117647059,0,39.67,-75.96,1,58
Cecil,archery,2021,3,267,4,0.6028405542110136,0.8991990352197647,0,1,67.05882352941177,79.26407722841634,-1.5743954844760055,2.2565787042793977,0.5352941176470588,0,39.67,-75.96,1,48
Cecil,archery,2021,4,274,5,0.8398828996320162,0.23239728775488172,0,1,64.41176470588235,78.27595704921002,3.726355794841933,8.044354763829958,0.5470588235294118,0,39.67,-75.96,1,38
Cecil,archery,2021,5,281,6,0.0769252450530189,0.05727515262110533,0,1,61.76470588235294,78.24495404282229,2.125848085520445,1.2462927180998413,0.5588235294117647,0,39.67,-75.96,1,61
Cecil,archery,2021,6,288,7,0.31396759047402156,0.6955931336294042,1,0,59.11764705882353,73.46621520033331,-1.0724070377757737,1.8342705957211292,0.5705882352941176,0,39.67,-75.96,1,63
Cecil,archery,2021,7,295,8,0.5510099358950811,0.9745382394126643,1,0,56.470588235294116,73.60173461766516,0.05730587934021028,3.1108753281524955,0.5823529411764706,0,39.67,-75.96,1,41
Cecil,archery,2021,8,302,9,0.7880522813160837,0.3815909206638745,1,0,53.82352941176471,68.55769140869052,0.5006481868136808,0.9585005048491407,0.5941176470588235,0,39.67,-75.96,1,61
Cecil,archery,2021,9,309,10,0.0250946267370864,0.006202421614721398,1,0,51.17647058823529,62.14964797247551,-1.1188309028439656,4.644910106386443,0.6058823529411765,0,39.67,-75.96,1,41
Cecil,archery,2021,10,316,11,0.26213697215808907,0.5380924769328443,1,0,48.529411764705884,61.334881397764136,3.0811300704449534,1.1255234721466576,0.6176470588235294,0,39.67,-75.96,1,66
Cecil,archery,2021,11,323,12,0.49917931757909173,0.9999933526423657,1,0,45.882352941176464,56.32197885102155,2.1087422217031,10.448027237426171,0.6294117647058823,0,39.67,-75.96,1,51
Cecil,archery,2021,12,330,13,0.7362216630000944,0.5432318735019569,0,0,43.23529411764706,56.70175006653377,-3.1072115729562095,5.776174824530872,0.6411764705882353,1,39.67,-75.96,1,57
Cecil,archery,2021,13,337,13,0.9732640084211539,0.007038348903326719,0,0,40.58823529411765,49.79649683992232,0.09517606209642748,5.155616389659325,0.6529411764705882,0,39.67,-75.96,1,53
Cecil,archery,2021,14,344,13,0.21030635384215657,0.37658748839005973,0,0,37.94117647058824,54.494538739946506,-0.4032792648107067,5.137990050410223,0.6647058823529411,0,39.67,-75.96,1,72
Cecil,archery,2021,15,351,13,0.44734869926315923,0.9728884995454274,0,0,35.294117647058826,43.23364113602192,-0.06618261982559658,0.7454326152301415,0.6764705882352942,0,39.67,-75.96,1,57
Cecil,archery,2021,16,358,13,0.6843910446841619,0.7003282342898121,0,0,32.64705882352941,45.68866606986477,-0.8030841399762689,4.279411753143167,0.6882352941176471,0,39.67,-75.96,1,45
Dorchester,rifle,2022,0,307,1,0.317433396426793,0.7055664580881861,1,0,75.0,89.20473156929968,-0.9004650251805573,0.8439530518777874,0.5,0,38.47,-75.87,1,659
Dorchester,rifle,2022,1,314,2,0.5544757418477957,0.9709957344495006,1,0,69.375,79.76441718276978,-1.8968652356828737,9.884870146071247,0.525,0,38.47,-75.87,1,537
Dorchester,rifle,2022,2,321,3,0.7915180872687984,0.3710414047148724,1,0,63.75,71.87926869972998,3.2720250865926204,3.010224749487141,0.55,0,38.47,-75.87,1,554
Dorchester,rifle,2022,3,328,4,0.02856043268980102,0.008029038701735935,0,0,58.125,67.90762840934528,-0.6083899651407806,2.355943062299316,0.575,0,38.47,-75.87,1,278
Dorchester,rifle,2022,4,335,5,0.2656027781108037,0.5489390937279066,0,0,52.5,57.545218181341795,-6.538259671436486,2.9263136232514304,0.6,0,38.47,-75.87,1,270
Dorchester,rifle,2022,5,342,6,0.5026451235318063,0.999930947140589,0,0,46.875,51.041812226939165,0.6377515933693298,1.3255001296456754,0.625,0,38.47,-75.87,1,568
Dorchester,rifle,2022,6,349,7,0.7396874689528659,0.5323751063979798,0,0,41.25,50.121000212049545,-0.3767806223435041,6.295699655729332,0.65,0,38.47,-75.87,1,384
Dorchester,rifle,2022,7,356,8,0.9767298143738685,0.005334891863390645,0,0,35.625,48.28230840714828,-3.575095571716729,4.395114237026099,0.675,1,38.47,-75.87,1,420
Dorchester,archery,2022,0,246,1,0.2517786720436561,0.5055877467084711,0,1,75.0,82.95247140923723,-3.9307212706346912,4.59129755589092,0.5,0,38.47,-75.87,1,153
Dorchester,archery,2022,1,253,2,0.4888210174646588,0.9987671059964716,0,1,72.3529411764706,80.72301615715429,-0.8176408291293821,2.0174248747744885,0.5117647058823529,0,38.47,-75.87,1,163
Dorchester,archery,2022,2,260,3,0.7258633628856614,0.5755371536507978,0,1,69.70588235294117,80.8440277963528,-1.2879702253013017,1.8302405754428483,0.5235294117647059,0,38.47,-75.87,1,171
Dorchester,archery,2022,3,267,4,0.962905708306721,0.013519077253484946,0,1,67.05882352941177,75.36134429758704,2.2756423536006034,5.109786901809208,0.5352941176470588,0,38.47,-75.87,1,141
Dorchester,archery,2022,4,274,5,0.19994805372772362,0.34533630430196643,0,1,64.41176470588235,80.57218320792322,-1.9596346062771608,3.7007294688994836,0.5470588235294118,0,38.47,-75.87,1,130
Dorchester,archery,2022,5,281,6,0.4369903991487263,0.96132473912524,0,1,61.76470588235294,75.80475302111584,0.5409343076823733,1.7973715468162743,0.5588235294117647,0,38.47,-75.87,1,154
Dorchester,archery,2022,6,288,7,0.674032744569729,0.7296985627629547,1,0,59.11764705882353,76.23029712813945,0.9364516213458327,2.302733012965984,0.5705882352941176,0,38.47,-75.87,1,144
Dorchester,archery,2022,7,295,8,0.9110750899907316,0.07603593039923284,1,0,56.470588235294116,64.42083084484372,-1.1896849692905005,0.2928656777354346,0.5823529411764706,0,38.47,-75.87,1,195
Dorchester,archery,2022,8,302,9,0.14811743541173428,0.20134331532249478,1,0,53.82352941176471,67.26231215634168,-1.5652927389476374,1.6820075381670363,0.5941176470588235,0,38.47,-75.87,1,82
Dorchester,archery,2022,9,309,10,0.3851597808327938,0.8753873020177728,1,0,51.17647058823529,65.27982834420843,0.33261431635658006,5.021044559990159,0.6058823529411765,0,38.47,-75.87,1,193
Dorchester,archery,2022,10,316,11,0.6222021262537965,0.8597137534098416,1,0,48.529411764705884,67.69034751894979,1.070100504760758,3.802631247779713,0.6176470588235294,0,38.47,-75.87,1,201
Dorchester,archery,2022,11,323,12,0.8592444716747991,0.1831204505031771,1,0,45.882352941176464,60.761996113732565,-1.0748382143909812,4.448799018695299,0.6294117647058823,0,38.47,-75.87,1,150
Dorchester,archery,2022,12,330,13,0.09628681709580178,0.08874551431299516,0,0,43.23529411764706,57.093708899896285,-0.3718441606658464,7.626566980912505,0.6411764705882353,0,38.47,-75.87,1,134
Dorchester,archery,2022,13,337,13,0.33332916251680444,0.7499886523776041,0,0,40.58823529411765,54.30358341387577,-1.4357282813814385,0.7248698457378998,0.6529411764705882,0,38.47,-75.87,1,164
Dorchester,archery,2022,14,344,13,0.570371507937864,0.9519153558029791,0,0,37.94117647058824,47.552355884517766,2.3133499809826654,2.13952872646846,0.6647058823529411,0,38.47,-75.87,1,139
Dorchester,archery,2022,15,351,13,0.8074138533588666,0.323515770366991,0,0,35.294117647058826,44.81851296504343,-1.0030509148916495,3.7372713685780035,0.6764705882352942,0,38.47,-75.87,1,126
Dorchester,archery,2022,16,358,13,0.04445619877986928,0.019379331894285756,0,0,32.64705882352941,40.85728200242054,-2.7609503612822026,2.312514441627217,0.6882352941176471,1,38.47,-75.87,1,110
Dorchester,rifle,2021,0,307,1,0.9573682423310856,0.017830680710972602,1,0,75.0,90.1328876996328,-0.9543241259663316,2.947708521537206,0.5,0,38.47,-75.87,1,431
Dorchester,rifle,2021,1,314,2,0.1944105877520883,0.3288899828015325,1,0,69.375,86.11943192637688,-0.9873723838222273,2.159219730129125,0.525,0,38.47,-75.87,1,472
Dorchester,rifle,2021,2,321,3,0.43145293317309097,0.9543381272781482,1,0,63.75,73.59413350344583,-1.619384081173461,1.4791648477544288,0.55,0,38.47,-75.87,1,249
Dorchester,rifle,2021,3,328,4,0.6684952785940936,0.745008505815151,0,0,58.125,71.45615792806359,-1.0666880579770175,2.1764982746461397,0.575,0,38.47,-75.87,1,384
Dorchester,rifle,2021,4,335,5,0.9055376240151531,0.08551271770022578,0,0,52.5,65.71026239548507,5.493083317043201,6.0889792039865425,0.6,0,38.47,-75.87,1,503
Dorchester,rifle,2021,5,342,6,0.1425799694361558,0.18757477990595367,0,0,46.875,61.66568734656527,-0.13143027739541882,5.995952828928708,0.625,0,38.47,-75.87,1,300
Dorchester,rifle,2021,6,349,7,0.37962231485715847,0.8636710505452458,0,0,41.25,49.30856027971875,0.8199944823687692,1.5062339891102914,0.65,0,38.47,-75.87,1,465
Dorchester,rifle,2021,7,356,8,0.6166646602781611,0.8715766304102717,0,0,35.625,51.09994436147973,-0.818621267308161,2.6866909486750727,0.675,0,38.47,-75.87,1,346
Dorchester,archery,2021,0,246,1,0.8917135179479487,0.11133440792525257,0,1,75.0,92.54118783821278,-0.8621685239934245,2.1624064080323,0.5,0,38.47,-75.87,1,101
Dorchester,archery,2021,1,253,2,0.1287558633689514,0.15488770850156242,0,1,72.3529411764706,85.56494664000412,0.4576392128557454,2.152436097981192,0.5117647058823529,0,38.47,-75.87,1,106
Dorchester,archery,2021,2,260,3,0.3657982087900109,0.832532779938774,0,1,69.70588235294117,84.1201975936894,-1.8699458831351938,1.6145399239283402,0.5235294117647059,0,38.47,-75.87,1,113
Dorchester,archery,2021,3,267,4,0.6028405542110136,0.8991990352197647,0,1,67.05882352941177,75.56997920470916,1.2032420376928321,1.4031665844964067,0.5352941176470588,0,38.47,-75.87,1,139
Dorchester,archery,2021,4,274,5,0.8398828996320162,0.23239728775488172,0,1,64.41176470588235,73.22273243732289,-1.7868241778890948,4.322973967566685,0.5470588235294118,0,38.47,-75.87,1,102
Dorchester,archery,2021,5,281,6,0.0769252450530189,0.05727515262110533,0,1,61.76470588235294,69.90737083469772,1.4719395941884617,2.5642078648945414,0.5588235294117647,0,38.47,-75.87,1,84
Dorchester,archery,2021,6,288,7,0.31396759047402156,0.6955931336294042,1,0,59.11764705882353,70.15078532209873,1.620341608931451,4.277322899624711,0.5705882352941176,0,38.47,-75.87,1,167
Dorchester,archery,2021,7,295,8,0.5510099358950811,0.9745382394126643,1,0,56.470588235294116,63.945512047328954,-2.4066175608916476,2.3379989694185914,0.5823529411764706,0,38.47,-75.87,1,142
Dorchester,archery,2021,8,302,9,0.7880522813160837,0.3815909206638745,1,0,53.82352941176471,67.90377987092259,1.3668788026754504,3.3989937545058453,0.5941176470588235,0,38.47,-75.87,1,126
Dorchester,archery,2021,9,309,10,0.0250946267370864,0.006202421614721398,1,0,51.17647058823529,61.392088327924,5.648303789900061,0.9455416430296109,0.6058823529411765,0,38.47,-75.87,1,115
Dorchester,archery,2021,10,316,11,0.26213697215808907,0.5380924769328443,1,0,48.529411764705884,62.367717027010116,1.0497641374736857,1.2761652279510785,0.6176470588235294,0,38.47,-75.87,1,120
Dorchester,archery,2021,11,323,12,0.49917931757909173,0.9999933526423657,1,0,45.882352941176464,61.40428192788571,-1.4000121651579651,1.0705288107925435,0.6294117647058823,0,38.47,-75.87,1,136
Dorchester,archery,2021,12,330,13,0.7362216630000944,0.5432318735019569,0,0,43.23529411764706,54.24326770410482,0.07481739669686642,2.5221914548711264,0.6411764705882353,0,38.47,-75.87,1,133
Dorchester,archery,2021,13,337,13,0.9732640084211539,0.007038348903326719,0,0,40.58823529411765,49.28542712649292,-2.001315237100546,0.38332047435775557,0.6529411764705882,1,38.47,-75.87,1,94
Dorchester,archery,2021,14,344,13,0.21030635384215657,0.37658748839005973,0,0,37.94117647058824,51.48428118155232,2.172806456652753,0.6163865597600214,0.6647058823529411,0,38.47,-75.87,1,107
Dorchester,archery,2021,15,351,13,0.44734869926315923,0.9728884995454274,0,0,35.294117647058826,56.49601137925755,-2.2741497286166297,5.563207447326598,0.6764705882352942,1,38.47,-75.87,1,82
Dorchester,archery,2021,16,358,13,0.6843910446841619,0.7003282342898121,0,0,32.64705882352941,42.573934414559105,-0.9628368806046295,0.849847328462715,0.6882352941176471,0,38.47,-75.87,1,94
Frederick,rifle,2022,0,307,1,0.317433396426793,0.7055664580881861,1,0,75.0,86.40845217800745,0.22140605709125755,3.3205070805834027,0.5,0,39.41,-77.41,1,329
Frederick,rifle,2022,1,314,2,0.5544757418477957,0.9709957344495006,1,0,69.375,79.23291880378947,0.08464559548699034,2.79466527159097,0.525,0,39.41,-77.41,1,331
Frederick,rifle,2022,2,321,3,0.7915180872687984,0.3710414047148724,1,0,63.75,74.3746012203562,1.7089429136679453,4.481668704132507,0.55,0,39.41,-77.41,1,349
Frederick,rifle,2022,3,328,4,0.02856043268980102,0.008029038701735935,0,0,58.125,68.6764131433372,-0.9338719636482997,1.4845236970676672,0.575,0,39.41,-77.41,1,363
Frederick,rifle,2022,4,335,5,0.2656027781108037,0.5489390937279066,0,0,52.5,63.33065687921344,-4.1401786911930545,6.796412312036128,0.6,0,39.41,-77.41,1,415
Frederick,rifle,2022,5,342,6,0.5026451235318063,0.999930947140589,0,0,46.875,59.135357781055326,4.876309696074654,5.6407317125679,0.625,0,39.41,-77.41,1,214
Frederick,rifle,2022,6,349,7,0.7396874689528659,0.5323751063979798,0,0,41.25,57.49312049992416,-0.33747850472636587,0.892958391036081,0.65,0,39.41,-77.41,1,276
Frederick,rifle,2022,7,356,8,0.9767298143738685,0.005334891863390645,0,0,35.625,46.839848121016644,-3.029179646917995,3.0623948161941645,0.675,1,39.41,-77.41,1,237
Frederick,archery,2022,0,246,1,0.2517786720436561,0.5055877467084711,0,1,75.0,88.47178632851843,-0.1548529597680857,5.990694756058267,0.5,0,39.41,-77.41,1,149
Frederick,archery,2022,1,253,2,0.4888210174646588,0.9987671059964716,0,1,72.3529411764706,91.8463190139378,-0.5332604649917689,4.700192725602468,0.5117647058823529,0,39.41,-77.41,1,127
Frederick,archery,2022,2,260,3,0.7258633628856614,0.5755371536507978,0,1,69.70588235294117,78.15619607848942,1.4572284775939919,2.3840122474135446,0.5235294117647059,0,39.41,-77.41,1,142
Frederick,archery,2022,3,267,4,0.962905708306721,0.013519077253484946,0,1,67.05882352941177,82.52470703278476,-0.23727657771887292,1.3494534483269225,0.5352941176470588,0,39.41,-77.41,1,113
Frederick,archery,2022,4,274,5,0.19994805372772362,0.34533630430196643,0,1,64.41176470588235,80.80077954625463,4.606590856378199,3.463543892792724,0.5470588235294118,0,39.41,-77.41,1,149
Frederick,archery,2022,5,281,6,0.4369903991487263,0.96132473912524,0,1,61.76470588235294,72.10668236492334,-0.7810955357200274,4.6505559088372594,0.5588235294117647,0,39.41,-77.41,1,131
Frederick,archery,2022,6,288,7,0.674032744569729,0.7296985627629547,1,0,59.11764705882353,76.33869486967416,0.778815086291008,0.09831970256165007,0.5705882352941176,0,39.41,-77.41,1,128
Frederick,archery,2022,7,295,8,0.9110750899907316,0.07603593039923284,1,0,56.470588235294116,72.21498129084841,3.882450477697485,1.3480421438062975,0.5823529411764706,0,39.41,-77.41,1,120
Frederick,archery,2022,8,302,9,0.14811743541173428,0.20134331532249478,1,0,53.82352941176471,65.80170446302498,-1.7301734583913706,7.024452051333602,0.5941176470588235,0,39.41,-77.41,1,126
Frederick,archery,2022,9,309,10,0.3851597808327938,0.8753873020177728,1,0,51.17647058823529,61.24518430801045,3.26943518236213,13.79962195426655,0.6058823529411765,0,39.41,-77.41,1,129
Frederick,archery,2022,10,316,11,0.6222021262537965,0.8597137534098416,1,0,48.529411764705884,63.069907311607786,3.446379620667685,0.2631743613595791,0.6176470588235294,0,39.41,-77.41,1,158
Frederick,archery,2022,11,323,12,0.8592444716747991,0.1831204505031771,1,0,45.882352941176464,58.949576940740435,0.5194049558806879,3.7805221794300676,0.6294117647058823,0,39.41,-77.41,1,91
Frederick,archery,2022,12,330,13,0.09628681709580178,0.08874551431299516,0,0,43.23529411764706,56.59702917853418,1.0085675567966583,5.623939588363564,0.6411764705882353,0,39.41,-77.41,1,95
Frederick,archery,2022,13,337,13,0.33332916251680444,0.7499886523776041,0,0,40.58823529411765,52.61855497821461,-1.220147216410452,3.9431250047789788,0.6529411764705882,0,39.41,-77.41,1,148
Frederick,archery,2022,14,344,13,0.570371507937864,0.9519153558029791,0,0,37.94117647058824,52.05091332815314,-0.964495706133497,3.142882216351885,0.6647058823529411,0,39.41,-77.41,1,146
Frederick,archery,2022,15,351,13,0.8074138533588666,0.323515770366991,0,0,35.294117647058826,47.99312813840576,-1.5864029359347,1.7214209766012032,0.6764705882352942,0,39.41,-77.41,1,110
Frederick,archery,2022,16,358,13,0.04445619877986928,0.019379331894285756,0,0,32.64705882352941,40.714823056646765,-0.02777687023713842,2.0317232831202126,0.6882352941176471,0,39.41,-77.41,1,112
Frederick,rifle,2021,0,307,1,0.9573682423310856,0.017830680710972602,1,0,75.0,84.85041816934132,-1.0254065202912033,1.1284093573557192,0.5,0,39.41,-77.41,1,396
Frederick,rifle,2021,1,314,2,0.1944105877520883,0.3288899828015325,1,0,69.375,79.86915675977133,-0.6082906391911631,3.869223581425264,0.525,0,39.41,-77.41,1,342
Frederick,rifle,2021,2,321,3,0.43145293317309097,0.9543381272781482,1,0,63.75,75.50355860040851,-1.1210245826130312,1.138828547900534,0.55,0,39.41,-77.41,1,214
Frederick,rifle,2021,3,328,4,0.6684952785940936,0.745008505815151,0,0,58.125,66.750726757661,0.7469001080960663,5.137567005592378,0.575,0,39.41,-77.41,1,422
Frederick,rifle,2021,4,335,5,0.9055376240151531,0.08551271770022578,0,0,52.5,63.96874166581762,-4.986095654013077,2.661905784733614,0.6,0,39.41,-77.41,1,283
Frederick,rifle,2021,5,342,6,0.1425799694361558,0.18757477990595367,0,0,46.875,54.77887414646791,-4.145609572494251,2.9403583762908103,0.625,0,39.41,-77.41,1,252
Frederick,rifle,2021,6,349,7,0.37962231485715847,0.8636710505452458,0,0,41.25,52.422959068365415,2.2307138260868657,5.229960924979728,0.65,0,39.41,-77.41,1,264
Frederick,rifle,2021,7,356,8,0.6166646602781611,0.8715766304102717,0,0,35.625,46.94115853904509,-1.249058236199683,1.0366600851126688,0.675,0,39.41,-77.41,1,363
Frederick,archery,2021,0,246,1,0.8917135179479487,0.11133440792525257,0,1,75.0,85.11727670658249,0.8941646526061447,0.9037608048715375,0.5,0,39.41,-77.41,1,95
Frederick,archery,2021,1,253,2,0.1287558633689514,0.15488770850156242,0,1,72.3529411764706,83.71456057454935,-0.6128074000335558,4.583644089376559,0.5117647058823529,0,39.41,-77.41,1,121
Frederick,archery,2021,2,260,3,0.3657982087900109,0.832532779938774,0,1,69.70588235294117,84.18843702815063,1.2539232054179423,1.2866377847930601,0.5235294117647059,0,39.41,-77.41,1,120
Frederick,archery,2021,3,267,4,0.6028405542110136,0.8991990352197647,0,1,67.05882352941177,80.59968400793113,-1.27912728238171,4.648478802041571,0.5352941176470588,0,39.41,-77.41,1,106
Frederick,archery,2021,4,274,5,0.8398828996320162,0.23239728775488172,0,1,64.41176470588235,73.62277019863228,0.24757488335237202,1.4178154214045513,0.5470588235294118,0,39.41,-77.41,1,109
Frederick,archery,2021,5,281,6,0.0769252450530189,0.05727515262110533,0,1,61.76470588235294,74.02451025659758,4.084383079110846,4.7273520826845425,0.5588235294117647,0,39.41,-77.41,1,94
Frederick,archery,2021,6,288,7,0.31396759047402156,0.6955931336294042,1,0,59.11764705882353,71.84880633816863,0.7176472762592673,5.289557836289563,0.5705882352941176,0,39.41,-77.41,1,91
Frederick,archery,2021,7,295,8,0.5510099358950811,0.9745382394126643,1,0,56.470588235294116,70.74166041694126,-0.5918255979473439,3.537979332528901,0.5823529411764706,0,39.41,-77.41,1,119
Frederick,archery,2021,8,302,9,0.7880522813160837,0.3815909206638745,1,0,53.82352941176471,68.14815812033052,-0.4388011602150187,14.690797120153073,0.5941176470588235,0,39.41,-77.41,1,88
Frederick,archery,2021,9,309,10,0.0250946267370864,0.006202421614721398,1,0,51.17647058823529,61.420902426997046,1.2211274233268004,8.993352017597081,0.6058823529411765,0,39.41,-77.41,1,66
Frederick,archery,2021,10,316,11,0.26213697215808907,0.5380924769328443,1,0,48.529411764705884,62.058129517220635,-1.177473148511117,4.281542518776589,0.6176470588235294,0,39.41,-77.41,1,90
Frederick,archery,2021,11,323,12,0.49917931757909173,0.9999933526423657,1,0,45.882352941176464,57.375190578197966,-0.07050870906211398,9.417227799555773,0.6294117647058823,0,39.41,-77.41,1,139
Frederick,archery,2021,12,330,13,0.7362216630000944,0.5432318735019569,0,0,43.23529411764706,52.379962037175204,-3.7377515482825916,3.36159572382916,0.6411764705882353,1,39.41,-77.41,1,85
Frederick,archery,2021,13,337,13,0.9732640084211539,0.007038348903326719,0,0,40.58823529411765,46.84641177425763,0.43741197731166365,5.167642346839555,0.6529411764705882,0,39.41,-77.41,1,110
Frederick,archery,2021,14,344,13,0.21030635384215657,0.37658748839005973,0,0,37.94117647058824,52.25884770980431,3.4560798942709825,5.107260922612301,0.6647058823529411,0,39.41,-77.41,1,120
Frederick,archery,2021,15,351,13,0.44734869926315923,0.9728884995454274,0,0,35.294117647058826,51.073000738191205,-2.168475152574471,3.0844010991549036,0.6764705882352942,1,39.41,-77.41,1,139
Frederick,archery,2021,16,358,13,0.6843910446841619,0.7003282342898121,0,0,32.64705882352941,48.341524878000484,-0.44200563592777004,13.491516202665434,0.6882352941176471,0,39.41,-77.41,1,146
Garrett,rifle,2022,0,307,1,0.317433396426793,0.7055664580881861,1,0,75.0,83.2913922551372,-0.25988901199360515,2.2157566900508625,0.5,0,39.31,-79.48,1,236
Garrett,rifle,2022,1,314,2,0.5544757418477957,0.9709957344495006,1,0,69.375,79.76699173466741,-4.050515485325382,2.2771584125875957,0.525,0,39.31,-79.48,1,383
Garrett,rifle,2022,2,321,3,0.7915180872687984,0.3710414047148724,1,0,63.75,81.76068471234116,0.47882361683651464,1.537893962449643,0.55,0,39.31,-79.48,1,263
Garrett,rifle,2022,3,328,4,0.02856043268980102,0.008029038701735935,0,0,58.125,70.64890881734277,-2.5859038220292505,1.4523713461636027,0.575,0,39.31,-79.48,1,275
Garrett,rifle,2022,4,335,5,0.2656027781108037,0.5489390937279066,0,0,52.5,60.22226480611034,-2.7820228171771633,3.017023538884298,0.6,0,39.31,-79.48,1,254
Garrett,rifle,2022,5,342,6,0.5026451235318063,0.999930947140589,0,0,46.875,55.84624577878108,-0.8486281217559071,0.9579272038192573,0.625,0,39.31,-79.48,1,229
Garrett,rifle,2022,6,349,7,0.7396874689528659,0.5323751063979798,0,0,41.25,55.69193435717581,0.20506119607438364,5.909832341113477,0.65,0,39.31,-79.48,1,313
Garrett,rifle,2022,7,356,8,0.9767298143738685,0.005334891863390645,0,0,35.625,46.730404333846074,1.964489459309004,3.849218421660894,0.675,0,39.31,-79.48,1,171
Garrett,archery,2022,0,246,1,0.2517786720436561,0.5055877467084711,0,1,75.0,90.98499317742588,-2.026279523047745,5.205216196944045,0.5,0,39.31,-79.48,1,51
Garrett,archery,2022,1,253,2,0.4888210174646588,0.9987671059964716,0,1,72.3529411764706,79.04201669171651,-1.563772414316965,3.600743730504878,0.5117647058823529,0,39.31,-79.48,1,104
Garrett,archery,2022,2,260,3,0.7258633628856614,0.5755371536507978,0,1,69.70588235294117,80.34690158354914,-2.82947154553,5.434175669813234,0.5235294117647059,0,39.31,-79.48,1,122
Garrett,archery,2022,3,267,4,0.962905708306721,0.013519077253484946,0,1,67.05882352941177,78.03624922253134,2.0174416868835445,1.2768495976799872,0.5352941176470588,0,39.31,-79.48,1,66
Garrett,archery,2022,4,274,5,0.19994805372772362,0.34533630430196643,0,1,64.41176470588235,78.08174358961898,2.2628142017892996,4.830016846314509,0.5470588235294118,0,39.31,-79.48,1,49
Garrett,archery,2022,5,281,6,0.4369903991487263,0.96132473912524,0,1,61.76470588235294,74.94575607782052,0.362537059733363,3.3118700096815474,0.5588235294117647,0,39.31,-79.48,1,62
Garrett,archery,2022,6,288,7,0.674032744569729,0.7296985627629547,1,0,59.11764705882353,68.18484711713968,2.8125139761561235,2.227712669847059,0.5705882352941176,0,39.31,-79.48,1,87
Garrett,archery,2022,7,295,8,0.9110750899907316,0.07603593039923284,1,0,56.470588235294116,73.12164341166596,1.7930430054877058,2.907081870377609,0.5823529411764706,0,39.31,-79.48,1,116
Garrett,archery,2022,8,302,9,0.14811743541173428,0.20134331532249478,1,0,53.82352941176471,65.04613509137393,-1.773827232983772,2.377809862911118,0.5941176470588235,0,39.31,-79.48,1,80
Garrett,archery,2022,9,309,10,0.3851597808327938,0.8753873020177728,1,0,51.17647058823529,65.90736090099603,-1.8419741757316284,4.039445062167157,0.6058823529411765,0,39.31,-79.48,1,87
Garrett,archery,2022,10,316,11,0.6222021262537965,0.8597137534098416,1,0,48.529411764705884,56.29081018652776,1.2755358276534063,1.6823066193673017,0.6176470588235294,0,39.31,-79.48,1,100
Garrett,archery,2022,11,323,12,0.8592444716747991,0.1831204505031771,1,0,45.882352941176464,58.60378110154071,0.29006185755575475,3.063580722432106,0.6294117647058823,0,39.31,-79.48,1,111
Garrett,archery,2022,12,330,13,0.09628681709580178,0.08874551431299516,0,0,43.23529411764706,54.93219272363459,0.4656817982874483,1.4612386350428228,0.6411764705882353,0,39.31,-79.48,1,54
Garrett,archery,2022,13,337,13,0.33332916251680444,0.7499886523776041,0,0,40.58823529411765,54.73869180023826,-1.0932428882791,4.331962407539044,0.6529411764705882,0,39.31,-79.48,1,115
Garrett,archery,2022,14,344,13,0.570371507937864,0.9519153558029791,0,0,37.94117647058824,54.00177845611146,0.8002638519091069,5.818324485016044,0.6647058823529411,0,39.31,-79.48,1,50
Garrett,archery,2022,15,351,13,0.8074138533588666,0.323515770366991,0,0,35.294117647058826,51.554182672566725,-0.503258545702291,5.674835337778712,0.6764705882352942,0,39.31,-79.48,1,82
Garrett,archery,2022,16,358,13,0.04445619877986928,0.019379331894285756,0,0,32.64705882352941,47.94459420759606,-0.4287026655191266,2.3295087373108028,0.6882352941176471,0,39.31,-79.48,1,83
Garrett,rifle,2021,0,307,1,0.9573682423310856,0.017830680710972602,1,0,75.0,87.28933067342172,2.7042952295879665,5.3788482401148565,0.5,0,39.31,-79.48,1,220
Garrett,rifle,2021,1,314,2,0.1944105877520883,0.3288899828015325,1,0,69.375,82.1914216239326,0.7080146916061161,9.851139056396443,0.525,0,39.31,-79.48,1,291
Garrett,rifle,2021,2,321,3,0.43145293317309097,0.9543381272781482,1,0,63.75,74.86013627383709,-0.6428800677879617,5.290929931467873,0.55,0,39.31,-79.48,1,287
Garrett,rifle,2021,3,328,4,0.6684952785940936,0.745008505815151,0,0,58.125,75.0661450812279,0.16642654648052663,0.6351621295381495,0.575,0,39.31,-79.48,1,283
Garrett,rifle,2021,4,335,5,0.9055376240151531,0.08551271770022578,0,0,52.5,64.62252400703517,-2.9803089450141953,4.822896458869254,0.6,0,39.31,-79.48,1,322
Garrett,rifle,2021,5,342,6,0.1425799694361558,0.18757477990595367,0,0,46.875,62.41880152255429,0.04898138827914867,3.880834421169924,0.625,0,39.31,-79.48,1,197
Garrett,rifle,2021,6,349,7,0.37962231485715847,0.8636710505452458,0,0,41.25,51.7987699701232,-1.3355701512535738,3.6451430302717243,0.65,0,39.31,-79.48,1,263
Garrett,rifle,2021,7,356,8,0.6166646602781611,0.8715766304102717,0,0,35.625,46.690100044797255,-0.8948463541971304,5.510216030559762,0.675,0,39.31,-79.48,1,156
Garrett,archery,2021,0,246,1,0.8917135179479487,0.11133440792525257,0,1,75.0,82.25532110357751,-1.8303676682554915,13.73371512705359,0.5,0,39.31,-79.48,1,49
Garrett,archery,2021,1,253,2,0.1287558633689514,0.15488770850156242,0,1,72.3529411764706,84.93056429846816,-2.170626524733927,5.175212153367811,0.5117647058823529,0,39.31,-79.48,1,75
Garrett,archery,2021,2,260,3,0.3657982087900109,0.832532779938774,0,1,69.70588235294117,83.63846040459616,1.4433370151901526,9.73502064583035,0.5235294117647059,0,39.31,-79.48,1,92
Garrett,archery,2021,3,267,4,0.6028405542110136,0.8991990352197647,0,1,67.05882352941177,78.67420864982688,-0.1678074005358275,4.910037653062809,0.5352941176470588,0,39.31,-79.48,1,63
Garrett,archery,2021,4,274,5,0.8398828996320162,0.23239728775488172,0,1,64.41176470588235,74.18555043708251,-1.5546551047197767,2.6206446054330677,0.5470588235294118,0,39.31,-79.48,1,55
Garrett,archery,2021,5,281,6,0.0769252450530189,0.05727515262110533,0,1,61.76470588235294,67.38085520002332,0.7175872389881518,3.4703432108745087,0.5588235294117647,0,39.31,-79.48,1,78
Garrett,archery,2021,6,288,7,0.31396759047402156,0.6955931336294042,1,0,59.11764705882353,69.70586655422895,-1.5718886263800527,4.180191704988612,0.5705882352941176,0,39.31,-79.48,1,81
Garrett,archery,2021,7,295,8,0.5510099358950811,0.9745382394126643,1,0,56.470588235294116,71.37445342031147,1.9900156521067178,5.893040725957175,0.5823529411764706,0,39.31,-79.48,1,139
Garrett,archery,2021,8,302,9,0.7880522813160837,0.3815909206638745,1,0,53.82352941176471,67.00914786456485,-1.105271813664734,0.8125471571470366,0.5941176470588235,0,39.31,-79.48,1,27
Garrett,archery,2021,9,309,10,0.0250946267370864,0.006202421614721398,1,0,51.17647058823529,63.00108197928428,2.2158767160303716,3.5715276583897566,0.6058823529411765,0,39.31,-79.48,1,66
Garrett,archery,2021,10,316,11,0.26213697215808907,0.5380924769328443,1,0,48.529411764705884,62.61711264758043,2.2067178677552346,5.104374833969658,0.6176470588235294,0,39.31,-79.48,1,110
Garrett,archery,2021,11,323,12,0.49917931757909173,0.9999933526423657,1,0,45.882352941176464,53.97714327995017,-5.166116961391747,12.235015668538205,0.6294117647058823,0,39.31,-79.48,1,93
Garrett,archery,2021,12,330,13,0.7362216630000944,0.5432318735019569,0,0,43.23529411764706,49.92584694681928,0.15670574014180874,3.0425109534088293,0.6411764705882353,0,39.31,-79.48,1,69
Garrett,archery,2021,13,337,13,0.9732640084211539,0.007038348903326719,0,0,40.58823529411765,54.84166913755977,2.7471750301743736,12.327672457348646,0.6529411764705882,0,39.31,-79.48,1,65
Garrett,archery,2021,14,344,13,0.21030635384215657,0.37658748839005973,0,0,37.94117647058824,48.84327300251299,2.1867748181602464,9.481361077584697,0.6647058823529411,0,39.31,-79.48,1,75
Garrett,archery,2021,15,351,13,0.44734869926315923,0.9728884995454274,0,0,35.294117647058826,47.212996699886595,3.2660867157609665,0.5712534970852553,0.6764705882352942,0,39.31,-79.48,1,80
Garrett,archery,2021,16,358,13,0.6843910446841619,0.7003282342898121,0,0,32.64705882352941,45.71943586260346,-0.5509166323005327,5.820070562374128,0.6882352941176471,0,39.31,-79.48,1,52
Harford,rifle,2022,0,307,1,0.317433396426793,0.7055664580881861,1,0,75.0,78.0721710780992,-1.3895022387709155,0.5052982499774491,0.5,0,39.54,-76.22,1,357
Harford,rifle,2022,1,314,2,0.5544757418477957,0.9709957344495006,1,0,69.375,80.79340227143751,1.0350648756799523,1.9022562960825944,0.525,0,39.54,-76.22,1,478
Harford,rifle,2022,2,321,3,0.7915180872687984,0.3710414047148724,1,0,63.75,76.00639463151526,2.1710694321900608,9.413053409063906,0.55,0,39.54,-76.22,1,309
Harford,rifle,2022,3,328,4,0.02856043268980102,0.008029038701735935,0,0,58.125,68.8315890252869,0.7599582206364964,0.4279295793098867,0.575,0,39.54,-76.22,1,331
Harford,rifle,2022,4,335,5,0.2656027781108037,0.5489390937279066,0,0,52.5,63.860748201654616,3.583596832493621,1.233393643505366,0.6,0,39.54,-76.22,1,280
Harford,rifle,2022,5,342,6,0.5026451235318063,0.999930947140589,0,0,46.875,60.21726126551381,-0.5849051007456365,2.149955945247639,0.625,0,39.54,-76.22,1,267
Harford,rifle,2022,6,349,7,0.7396874689528659,0.5323751063979798,0,0,41.25,50.083779219168605,-0.8885661349885501,4.770340784679553,0.65,0,39.54,-76.22,1,227
Harford,rifle,2022,7,356,8,0.9767298143738685,0.005334891863390645,0,0,35.625,44.10974675057408,-1.0601703978073111,7.523916345534278,0.675,0,39.54,-76.22,1,277
Harford,archery,2022,0,246,1,0.2517786720436561,0.5055877467084711,0,1,75.0,87.58106259629383,-4.393528142973653,3.6240167292088565,0.5,0,39.54,-76.22,1,94
Harford,archery,2022,1,253,2,0.4888210174646588,0.9987671059964716,0,1,72.3529411764706,84.83623277424006,-0.3600846184385703,2.7135140182988233,0.5117647058823529,0,39.54,-76.22,1,117
Harford,archery,2022,2,260,3,0.7258633628856614,0.5755371536507978,0,1,69.70588235294117,79.30152969452024,5.528361972759449,1.3309697001242522,0.5235294117647059,0,39.54,-76.22,1,110
Harford,archery,2022,3,267,4,0.962905708306721,0.013519077253484946,0,1,67.05882352941177,80.23166757214774,-3.7778298485730604,11.164762742361734,0.5352941176470588,0,39.54,-76.22,1,103
Harford,archery,2022,4,274,5,0.19994805372772362,0.34533630430196643,0,1,64.41176470588235,70.38309293078943,-0.5223784860840955,1.7381191745377478,0.5470588235294118,0,39.54,-76.22,1,126
Harford,archery,2022,5,281,6,0.4369903991487263,0.96132473912524,0,1,61.76470588235294,72.77643002104278,-0.9635969622355596,2.5349462140668186,0.5588235294117647,0,39.54,-76.22,1,109
Harford,archery,2022,6,288,7,0.674032744569729,0.7296985627629547,1,0,59.11764705882353,71.22365913490074,2.4111418552421675,1.7718835138176574,0.5705882352941176,0,39.54,-76.22,1,107
Harford,archery,2022,7,295,8,0.9110750899907316,0.07603593039923284,1,0,56.470588235294116,71.11210404074058,0.975298386632671,4.062879945756333,0.5823529411764706,0,39.54,-76.22,1,92
Harford,archery,2022,8,302,9,0.14811743541173428,0.20134331532249478,1,0,53.82352941176471,66.16487887078485,-4.754198709883369,3.633970571094286,0.5941176470588235,0,39.54,-76.22,1,90
Harford,archery,2022,9,309,10,0.3851597808327938,0.8753873020177728,1,0,51.17647058823529,56.970684644413595,2.89448540735792,4.634961926757443,0.6058823529411765,0,39.54,-76.22,1,119
Harford,archery,2022,10,316,11,0.6222021262537965,0.8597137534098416,1,0,48.529411764705884,65.31588281763706,-4.1404749864218475,3.444924926650984,0.6176470588235294,0,39.54,-76.22,1,121
Harford,archery,2022,11,323,12,0.8592444716747991,0.1831204505031771,1,0,45.882352941176464,55.914527278539296,0.40676201064160916,6.015051881806621,0.6294117647058823,0,39.54,-76.22,1,60
Harford,archery,2022,12,330,13,0.09628681709580178,0.08874551431299516,0,0,43.23529411764706,55.875651631416304,1.7556161915585504,1.244683873524043,0.6411764705882353,0,39.54,-76.22,1,93
Harford,archery,2022,13,337,13,0.33332916251680444,0.7499886523776041,0,0,40.58823529411765,51.39127808600838,-3.0698564631704217,0.5703364843005938,0.6529411764705882,1,39.54,-76.22,1,100
Harford,archery,2022,14,344,13,0.570371507937864,0.9519153558029791,0,0,37.94117647058824,48.3131782854373,-2.7363605439836807,5.946396301911285,0.6647058823529411,1,39.54,-76.22,1,74
Harford,archery,2022,15,351,13,0.8074138533588666,0.323515770366991,0,0,35.294117647058826,44.887534914291514,-1.5201715117470962,5.5209059491081,0.6764705882352942,0,39.54,-76.22,1,116
Harford,archery,2022,16,358,13,0.04445619877986928,0.019379331894285756,0,0,32.64705882352941,45.849703123341676,0.17596095112139618,1.6063773614411332,0.6882352941176471,0,39.54,-76.22,1,62
Harford,rifle,2021,0,307,1,0.9573682423310856,0.017830680710972602,1,0,75.0,86.92423884502229,0.11240069112076198,1.03616097975443,0.5,0,39.54,-76.22,1,305
Harford,rifle,2021,1,314,2,0.1944105877520883,0.3288899828015325,1,0,69.375,80.03620275388978,-4.203792668833145,4.9394085351227135,0.525,0,39.54,-76.22,1,351
Harford,rifle,2021,2,321,3,0.43145293317309097,0.9543381272781482,1,0,63.75,79.6609807253416,2.81958017613508,2.143648285088964,0.55,0,39.54,-76.22,1,158
Harford,rifle,2021,3,328,4,0.6684952785940936,0.745008505815151,0,0,58.125,66.1535806906233,-0.3235562494501616,6.592418516652301,0.575,0,39.54,-76.22,1,208
Harford,rifle,2021,4,335,5,0.9055376240151531,0.08551271770022578,0,0,52.5,67.458004595536,2.43726360368211,3.034488767041283,0.6,0,39.54,-76.22,1,172
Harford,rifle,2021,5,342,6,0.1425799694361558,0.18757477990595367,0,0,46.875,62.47778172978117,-2.4005004397593512,1.5744326834869984,0.625,0,39.54,-76.22,1,173
Harford,rifle,2021,6,349,7,0.37962231485715847,0.8636710505452458,0,0,41.25,54.58256995855415,-0.0382297431220822,11.813642073945607,0.65,0,39.54,-76.22,1,254
Harford,rifle,2021,7,356,8,0.6166646602781611,0.8715766304102717,0,0,35.625,50.74071980413163,0.9548480668797942,0.9845478778347654,0.675,0,39.54,-76.22,1,327
Harford,archery,2021,0,246,1,0.8917135179479487,0.11133440792525257,0,1,75.0,89.01527062287103,-0.10884261162999866,1.3414185332051836,0.5,0,39.54,-76.22,1,93
Harford,archery,2021,1,253,2,0.1287558633689514,0.15488770850156242,0,1,72.3529411764706,80.40008613902597,-1.326069769151995,0.9463428681466413,0.5117647058823529,0,39.54,-76.22,1,87
Harford,archery,2021,2,260,3,0.3657982087900109,0.832532779938774,0,1,69.70588235294117,81.93929662536738,0.24485842138880587,2.0693460348351485,0.5235294117647059,0,39.54,-76.22,1,89
Harford,archery,2021,3,267,4,0.6028405542110136,0.8991990352197647,0,1,67.05882352941177,82.00846331318802,1.4864296714482488,1.497172268998823,0.5352941176470588,0,39.54,-76.22,1,128
Harford,archery,2021,4,274,5,0.8398828996320162,0.23239728775488172,0,1,64.41176470588235,75.01429672314421,0.9733352232170959,7.082373661174469,0.5470588235294118,0,39.54,-76.22,1,115
Harford,archery,2021,5,281,6,0.0769252450530189,0.05727515262110533,0,1,61.76470588235294,79.22039283354026,1.9523666954381198,2.260180079266541,0.5588235294117647,0,39.54,-76.22,1,77
Harford,archery,2021,6,288,7,0.31396759047402156,0.6955931336294042,1,0,59.11764705882353,65.67758728404013,4.808237008235335,3.89458485207112,0.5705882352941176,0,39.54,-76.22,1,102
Harford,archery,2021,7,295,8,0.5510099358950811,0.9745382394126643,1,0,56.470588235294116,68.66767981581594,4.123066774317517,7.215521059432687,0.5823529411764706,0,39.54,-76.22,1,106
Harford,archery,2021,8,302,9,0.7880522813160837,0.3815909206638745,1,0,53.82352941176471,64.05729557085506,-0.7955857190965663,4.759846523235002,0.5941176470588235,0,39.54,-76.22,1,93
Harford,archery,2021,9,309,10,0.0250946267370864,0.006202421614721398,1,0,51.17647058823529,63.60518907327559,-0.9476441546107607,6.574547772480805,0.6058823529411765,0,39.54,-76.22,1,76
Harford,archery,2021,10,316,11,0.26213697215808907,0.5380924769328443,1,0,48.529411764705884,59.74012558131602,0.6094784234128703,1.1664632852605255,0.6176470588235294,0,39.54,-76.22,1,140
Harford,archery,2021,11,323,12,0.49917931757909173,0.9999933526423657,1,0,45.882352941176464,55.802491475670166,-3.40805439218154,7.445541543184379,0.6294117647058823,0,39.54,-76.22,1,95
Harford,archery,2021,12,330,13,0.7362216630000944,0.5432318735019569,0,0,43.23529411764706,56.052747984355904,2.9126731793588925,4.082532338477097,0.6411764705882353,0,39.54,-76.22,1,122
Harford,archery,2021,13,337,13,0.9732640084211539,0.007038348903326719,0,0,40.58823529411765,53.847608623994226,4.6234077486621485,11.466881375846036,0.6529411764705882,0,39.54,-76.22,1,60
Harford,archery,2021,14,344,13,0.21030635384215657,0.37658748839005973,0,0,37.94117647058824,49.47706800361784,-0.45383847759894297,4.038501313192626,0.6647058823529411,0,39.54,-76.22,1,81
Harford,archery,2021,15,351,13,0.44734869926315923,0.9728884995454274,0,0,35.294117647058826,43.86444281128901,-0.10686125646198748,1.380892253425468,0.6764705882352942,0,39.54,-76.22,1,90
Harford,archery,2021,16,358,13,0.6843910446841619,0.7003282342898121,0,0,32.64705882352941,47.95365566480643,-1.519917395855284,5.182060692080055,0.6882352941176471,0,39.54,-76.22,1,133
Howard,rifle,2022,0,307,1,0.317433396426793,0.7055664580881861,1,0,75.0,86.82460317384593,-4.1404938446097805,2.540834443243682,0.5,0,39.2,-76.81,1,243
Howard,rifle,2022,1,314,2,0.5544757418477957,0.9709957344495006,1,0,69.375,83.55466380104288,-2.8835917927356243,1.869116781465907,0.525,0,39.2,-76.81,1,244
Howard,rifle,2022,2,321,3,0.7915180872687984,0.3710414047148724,1,0,63.75,86.36639887879377,0.3929455838281605,1.1974531365619991,0.55,0,39.2,-76.81,1,223
Howard,rifle,2022,3,328,4,0.02856043268980102,0.008029038701735935,0,0,58.125,69.23940627821246,2.670368137619054,1.752652457946036,0.575,0,39.2,-76.81,1,227
Howard,rifle,2022,4,335,5,0.2656027781108037,0.5489390937279066,0,0,52.5,61.571966299865124,-1.1670302669735042,3.9124048223272134,0.6,0,39.2,-76.81,1,226
Howard,rifle,2022,5,342,6,0.5026451235318063,0.999930947140589,0,0,46.875,58.38488051718497,-2.12292527685984,6.68672938887708,0.625,0,39.2,-76.81,1,252
Howard,rifle,2022,6,349,7,0.7396874689528659,0.5323751063979798,0,0,41.25,53.47262491446632,0.23097151233109775,4.492732678418175,0.65,0,39.2,-76.81,1,229
Howard,rifle,2022,7,356,8,0.9767298143738685,0.005334891863390645,0,0,35.625,48.19509806859719,2.654574412884278,11.612068041758095,0.675,0,39.2,-76.81,1,162
Howard,archery,2022,0,246,1,0.2517786720436561,0.5055877467084711,0,1,75.0,86.34336482821251,-1.9732826316362664,7.421894273026188,0.5,0,39.2,-76.81,1,83
Howard,archery,2022,1,253,2,0.4888210174646588,0.9987671059964716,0,1,72.3529411764706,84.19968973559537,1.1119629378797269,1.0710328017135509,0.5117647058823529,0,39.2,-76.81,1,95
Howard,archery,2022,2,260,3,0.7258633628856614,0.5755371536507978,0,1,69.70588235294117,86.53169021775523,1.4959583116461415,5.894081163705703,0.5235294117647059,0,39.2,-76.81,1,67
Howard,archery,2022,3,267,4,0.962905708306721,0.013519077253484946,0,1,67.05882352941177,83.49837282588967,-1.1818838057468026,0.4142236302932669,0.5352941176470588,0,39.2,-76.81,1,46
Howard,archery,2022,4,274,5,0.19994805372772362,0.34533630430196643,0,1,64.41176470588235,72.29968343863906,-1.821699696176979,8.66242680970509,0.5470588235294118,0,39.2,-76.81,1,53
Howard,archery,2022,5,281,6,0.4369903991487263,0.96132473912524,0,1,61.76470588235294,71.62325286786898,-3.555326975577366,2.1184301986490324,0.5588235294117647,0,39.2,-76.81,1,59
Howard,archery,2022,6,288,7,0.674032744569729,0.7296985627629547,1,0,59.11764705882353,72.94133756581226,1.4262582848734897,1.5323084041859059,0.5705882352941176,0,39.2,-76.81,1,86
Howard,archery,2022,7,295,8,0.9110750899907316,0.07603593039923284,1,0,56.470588235294116,69.1880621657559,0.13884125097766126,10.853020044179374,0.5823529411764706,0,39.2,-76.81,1,87
Howard,archery,2022,8,302,9,0.14811743541173428,0.20134331532249478,1,0,53.82352941176471,64.84000784563808,0.0904344660934902,6.874761907898525,0.5941176470588235,0,39.2,-76.81,1,70
Howard,archery,2022,9,309,10,0.3851597808327938,0.8753873020177728,1,0,51.17647058823529,59.9944687920061,0.6286055218762482,1.0300185240847701,0.6058823529411765,0,39.2,-76.81,1,93
Howard,archery,2022,10,316,11,0.6222021262537965,0.8597137534098416,1,0,48.529411764705884,53.509986678500056,0.28217893252772935,1.940033981977775,0.6176470588235294,0,39.2,-76.81,1,78
Howard,archery,2022,11,323,12,0.8592444716747991,0.1831204505031771,1,0,45.882352941176464,54.621666479621766,-0.13024834431383486,4.311579702549153,0.6294117647058823,0,39.2,-76.81,1,69
Howard,archery,2022,12,330,13,0.09628681709580178,0.08874551431299516,0,0,43.23529411764706,56.80833485832739,1.0269171015038954,0.6661983405086536,0.6411764705882353,0,39.2,-76.81,1,66
Howard,archery,2022,13,337,13,0.33332916251680444,0.7499886523776041,0,0,40.58823529411765,52.717038964883656,-0.28072219507537693,11.499572257729527,0.6529411764705882,0,39.2,-76.81,1,55
Howard,archery,2022,14,344,13,0.570371507937864,0.9519153558029791,0,0,37.94117647058824,50.04118669868457,-2.0181835205967205,5.709235477850584,0.6647058823529411,1,39.2,-76.81,1,57
Howard,archery,2022,15,351,13,0.8074138533588666,0.323515770366991,0,0,35.294117647058826,48.608577141918246,-1.6932628565372694,0.10250762608551475,0.6764705882352942,0,39.2,-76.81,1,53
Howard,archery,2022,16,358,13,0.04445619877986928,0.019379331894285756,0,0,32.64705882352941,46.33981552451486,-5.607903913671332,1.5231392891228117,0.6882352941176471,1,39.2,-76.81,1,65
Howard,rifle,2021,0,307,1,0.9573682423310856,0.017830680710972602,1,0,75.0,90.7275737395291,-2.52949737660984,5.468364014170084,0.5,0,39.2,-76.81,1,200
Howard,rifle,2021,1,314,2,0.1944105877520883,0.3288899828015325,1,0,69.375,80.82587404490488,-1.791772566629987,1.4034451444490486,0.525,0,39.2,-76.81,1,153
Howard,rifle,2021,2,321,3,0.43145293317309097,0.9543381272781482,1,0,63.75,72.67836455158955,0.6593466872677681,2.2029681117203603,0.55,0,39.2,-76.81,1,207
Howard,rifle,2021,3,328,4,0.6684952785940936,0.745008505815151,0,0,58.125,67.94743843935655,2.9758306299390465,8.724891408448912,0.575,0,39.2,-76.81,1,211
Howard,rifle,2021,4,335,5,0.9055376240151531,0.08551271770022578,0,0,52.5,60.78674852003402,-1.3821162340493867,1.2538348807370134,0.6,0,39.2,-76.81,1,158
Howard,rifle,2021,5,342,6,0.1425799694361558,0.18757477990595367,0,0,46.875,54.75513187848675,3.797702420720804,7.231535939760985,0.625,0,39.2,-76.81,1,136
Howard,rifle,2021,6,349,7,0.37962231485715847,0.8636710505452458,0,0,41.25,52.88541437022036,-0.46346730358892657,8.431104498183107,0.65,0,39.2,-76.81,1,160
Howard,rifle,2021,7,356,8,0.6166646602781611,0.8715766304102717,0,0,35.625,52.55033019347481,0.17329065800757837,3.8750064765680015,0.675,0,39.2,-76.81,1,163
Howard,archery,2021,0,246,1,0.8917135179479487,0.11133440792525257,0,1,75.0,86.92646846317562,-0.09215627219644194,1.8665052340625192,0.5,0,39.2,-76.81,1,46
Howard,archery,2021,1,253,2,0.1287558633689514,0.15488770850156242,0,1,72.3529411764706,84.09584872173126,-1.1859999207596865,3.106307876889643,0.5117647058823529,0,39.2,-76.81,1,43
Howard,archery,2021,2,260,3,0.3657982087900109,0.832532779938774,0,1,69.70588235294117,82.83258780280369,4.071885529892459,10.601103232394527,0.5235294117647059,0,39.2,-76.81,1,59
Howard,archery,2021,3,267,4,0.6028405542110136,0.8991990352197647,0,1,67.05882352941177,77.81131040687524,0.4125404774375854,4.255839573627095,0.5352941176470588,0,39.2,-76.81,1,73
Howard,archery,2021,4,274,5,0.8398828996320162,0.23239728775488172,0,1,64.41176470588235,78.73049985984714,-1.3184675293523562,2.192153022127607,0.5470588235294118,0,39.2,-76.81,1,48
Howard,archery,2021,5,281,6,0.0769252450530189,0.05727515262110533,0,1,61.76470588235294,70.75555670452079,-1.6386115189976616,3.756118733360062,0.5588235294117647,0,39.2,-76.81,1,56
Howard,archery,2021,6,288,7,0.31396759047402156,0.6955931336294042,1,0,59.11764705882353,74.0076544857794,-0.8021792565359196,2.225146119724555,0.5705882352941176,0,39.2,-76.81,1,72
Howard,archery,2021,7,295,8,0.5510099358950811,0.9745382394126643,1,0,56.470588235294116,64.61307768246104,1.8517505752806642,3.8866682013836793,0.5823529411764706,0,39.2,-76.81,1,59
Howard,archery,2021,8,302,9,0.7880522813160837,0.3815909206638745,1,0,53.82352941176471,69.46882667335132,-2.689084493060906,1.8518690926103865,0.5941176470588235,0,39.2,-76.81,1,43
Howard,archery,2021,9,309,10,0.0250946267370864,0.006202421614721398,1,0,51.17647058823529,60.53897420138287,2.1361192555090125,1.1614786827227754,0.6058823529411765,0,39.2,-76.81,1,66
Howard,archery,2021,10,316,11,0.26213697215808907,0.5380924769328443,1,0,48.529411764705884,65.74778001592672,0.2835359386689457,0.9897640714729371,0.6176470588235294,0,39.2,-76.81,1,69
Howard,archery,2021,11,323,12,0.49917931757909173,0.9999933526423657,1,0,45.882352941176464,60.247260457975024,-0.7567225802772726,5.160028340582151,0.6294117647058823,0,39.2,-76.81,1,59
Howard,archery,2021,12,330,13,0.7362216630000944,0.5432318735019569,0,0,43.23529411764706,53.58815393312658,-0.1698475454252888,0.9709111314052521,0.6411764705882353,0,39.2,-76.81,1,68
Howard,archery,2021,13,337,13,0.9732640084211539,0.007038348903326719,0,0,40.58823529411765,51.72017723164605,-2.115554169806094,4.630906460826815,0.6529411764705882,1,39.2,-76.81,1,51
Howard,archery,2021,14,344,13,0.21030635384215657,0.37658748839005973,0,0,37.94117647058824,56.00590544142006,3.5294642710888757,4.55943114003622,0.6647058823529411,0,39.2,-76.81,1,56
Howard,archery,2021,15,351,13,0.44734869926315923,0.9728884995454274,0,0,35.294117647058826,46.899795455206274,-0.9112337493314403,0.2252575102293647,0.6764705882352942,0,39.2,-76.81,1,41
Howard,archery,2021,16,358,13,0.6843910446841619,0.7003282342898121,0,0,32.64705882352941,51.130703763511896,0.531434101635779,0.8948179630034849,0.6882352941176471,0,39.2,-76.81,1,63
Kent,rifle,2022,0,307,1,0.317433396426793,0.7055664580881861,1,0,75.0,91.28760146925006,-1.0487614426579737,6.09532552193884,0.5,0,39.15,-75.73,1,105
Kent,rifle,2022,1,314,2,0.5544757418477957,0.9709957344495006,1,0,69.375,83.08224738109115,0.3409762353264149,7.96215248048314,0.525,0,39.15,-75.73,1,150
Kent,rifle,2022,2,321,3,0.7915180872687984,0.3710414047148724,1,0,63.75,68.72810695811182,2.721517394897195,5.3772657876368495,0.55,0,39.15,-75.73,1,84
Kent,rifle,2022,3,328,4,0.02856043268980102,0.008029038701735935,0,0,58.125,70.5049154069278,2.8403063152462193,1.8401117262532338,0.575,0,39.15,-75.73,1,78
Kent,rifle,2022,4,335,5,0.2656027781108037,0.5489390937279066,0,0,52.5,65.12226788868217,-0.2656143197182515,6.998292145850486,0.6,0,39.15,-75.73,1,88
Kent,rifle,2022,5,342,6,0.5026451235318063,0.999930947140589,0,0,46.875,60.24115540899721,-2.1926591486893976,1.7806614537068,0.625,0,39.15,-75.73,1,86
Kent,rifle,2022,6,349,7,0.7396874689528659,0.5323751063979798,0,0,41.25,51.205665953988664,2.3139392162370074,2.2631569180497833,0.65,0,39.15,-75.73,1,74
Kent,rifle,2022,7,356,8,0.9767298143738685,0.005334891863390645,0,0,35.625,43.996601978202875,-1.3086679194556394,1.7207434838287126,0.675,0,39.15,-75.73,1,74
Kent,archery,2022,0,246,1,0.2517786720436561,0.5055877467084711,0,1,75.0,88.19603069954769,0.4995456148016295,1.1876872292496323,0.5,0,39.15,-75.73,1,23
Kent,archery,2022,1,253,2,0.4888210174646588,0.9987671059964716,0,1,72.3529411764706,83.10106126366647,-1.9474223922132445,2.711771062900916,0.5117647058823529,0,39.15,-75.73,1,20
Kent,archery,2022,2,260,3,0.7258633628856614,0.5755371536507978,0,1,69.70588235294117,85.10404707319186,3.6995618585454793,3.021473421969612,0.5235294117647059,0,39.15,-75.73,1,25
Kent,archery,2022,3,267,4,0.962905708306721,0.013519077253484946,0,1,67.05882352941177,82.0628985991123,-1.5383167482628244,4.166138194983239,0.5352941176470588,0,39.15,-75.73,1,28
Kent,archery,2022,4,274,5,0.19994805372772362,0.34533630430196643,0,1,64.41176470588235,76.78677583681106,1.0413131781290388,1.7484483139875733,0.5470588235294118,0,39.15,-75.73,1,22
Kent,archery,2022,5,281,6,0.4369903991487263,0.96132473912524,0,1,61.76470588235294,72.23746329049558,1.639433767241706,4.806485051878611,0.5588235294117647,0,39.15,-75.73,1,25
Kent,archery,2022,6,288,7,0.674032744569729,0.7296985627629547,1,0,59.11764705882353,76.73112937705491,-1.9371203661299883,0.7149514038352002,0.5705882352941176,0,39.15,-75.73,1,31
Kent,archery,2022,7,295,8,0.9110750899907316,0.07603593039923284,1,0,56.470588235294116,73.04621120618341,0.8606425112898838,1.9770998316713273,0.5823529411764706,0,39.15,-75.73,1,20
Kent,archery,2022,8,302,9,0.14811743541173428,0.20134331532249478,1,0,53.82352941176471,69.8994220200278,-3.251728607045003,12.227386404477722,0.5941176470588235,0,39.15,-75.73,1,33
Kent,archery,2022,9,309,10,0.3851597808327938,0.8753873020177728,1,0,51.17647058823529,61.87428778465865,-0.8202766116771031,4.161377507632705,0.6058823529411765,0,39.15,-75.73,1,37
Kent,archery,2022,10,316,11,0.6222021262537965,0.8597137534098416,1,0,48.529411764705884,60.202998611802315,3.502720637372408,5.377068056753925,0.6176470588235294,0,39.15,-75.73,1,34
Kent,archery,2022,11,323,12,0.8592444716747991,0.1831204505031771,1,0,45.882352941176464,55.40846105942123,0.9859682785986469,1.6477475471626584,0.6294117647058823,0,39.15,-75.73,1,14
Kent,archery,2022,12,330,13,0.09628681709580178,0.08874551431299516,0,0,43.23529411764706,55.940347426420274,4.743829745570243,4.373183372402585,0.6411764705882353,0,39.15,-75.73,1,22
Kent,archery,2022,13,337,13,0.33332916251680444,0.7499886523776041,0,0,40.58823529411765,49.023498637053905,-0.2857557856913897,3.4704727478211446,0.6529411764705882,0,39.15,-75.73,1,21
Kent,archery,2022,14,344,13,0.570371507937864,0.9519153558029791,0,0,37.94117647058824,51.29631274766496,-0.44711668780111674,6.392802549768713,0.6647058823529411,0,39.15,-75.73,1,18
Kent,archery,2022,15,351,13,0.8074138533588666,0.323515770366991,0,0,35.294117647058826,44.244772586569255,-2.440116909348405,10.38160770140517,0.6764705882352942,1,39.15,-75.73,1,26
Kent,archery,2022,16,358,13,0.04445619877986928,0.019379331894285756,0,0,32.64705882352941,38.42580181078148,-1.5409100501784347,1.2545536242693598,0.6882352941176471,0,39.15,-75.73,1,12
Kent,rifle,2021,0,307,1,0.9573682423310856,0.017830680710972602,1,0,75.0,87.62737443645082,-2.3187991821953227,1.8441004481641077,0.5,0,39.15,-75.73,1,60
Kent,rifle,2021,1,314,2,0.1944105877520883,0.3288899828015325,1,0,69.375,80.51699680717672,-0.16239658039256857,3.220469284383273,0.525,0,39.15,-75.73,1,96
Kent,rifle,2021,2,321,3,0.43145293317309097,0.9543381272781482,1,0,63.75,79.65019033486276,-1.3723234692370387,2.227087148302524,0.55,0,39.15,-75.73,1,93
Kent,rifle,2021,3,328,4,0.6684952785940936,0.745008505815151,0,0,58.125,75.64000143269848,-0.046102514580281244,0.6190708696428308,0.575,0,39.15,-75.73,1,84
Kent,rifle,2021,4,335,5,0.9055376240151531,0.08551271770022578,0,0,52.5,66.36713569415221,-1.655286921563865,3.7108250667319087,0.6,0,39.15,-75.73,1,68
Kent,rifle,2021,5,342,6,0.1425799694361558,0.18757477990595367,0,0,46.875,61.13829004517679,5.225370416753679,1.6005673164474978,0.625,0,39.15,-75.73,1,61
Kent,rifle,2021,6,349,7,0.37962231485715847,0.8636710505452458,0,0,41.25,55.03478187384317,-0.014457927306036577,5.022373584086041,0.65,0,39.15,-75.73,1,84
Kent,rifle,2021,7,356,8,0.6166646602781611,0.8715766304102717,0,0,35.625,51.56609585871908,3.2977258025039027,9.035607439155447,0.675,0,39.15,-75.73,1,77
Kent,archery,2021,0,246,1,0.8917135179479487,0.11133440792525257,0,1,75.0,89.84862344553055,1.192235544378912,5.258072585009362,0.5,0,39.15,-75.73,1,17
Kent,archery,2021,1,253,2,0.1287558633689514,0.15488770850156242,0,1,72.3529411764706,83.87326205329238,-0.5788977705946171,5.754962936748333,0.5117647058823529,0,39.15,-75.73,1,24
Kent,archery,2021,2,260,3,0.3657982087900109,0.832532779938774,0,1,69.70588235294117,81.87743418781282,2.7391483681086357,0.4537164523477725,0.5235294117647059,0,39.15,-75.73,1,22
Kent,archery,2021,3,267,4,0.6028405542110136,0.8991990352197647,0,1,67.05882352941177,82.69884322346618,1.0401627563123292,1.350740720785085,0.5352941176470588,0,39.15,-75.73,1,32
Kent,archery,2021,4,274,5,0.8398828996320162,0.23239728775488172,0,1,64.41176470588235,74.70666698267672,1.6413388835585256,13.010683413147673,0.5470588235294118,0,39.15,-75.73,1,26
Kent,archery,2021,5,281,6,0.0769252450530189,0.05727515262110533,0,1,61.76470588235294,72.49921335821718,-1.2014528294310265,2.3651927176378456,0.5588235294117647,0,39.15,-75.73,1,17
Kent,archery,2021,6,288,7,0.31396759047402156,0.6955931336294042,1,0,59.11764705882353,70.83524118741212,-0.3566506705739691,2.115508244915102,0.5705882352941176,0,39.15,-75.73,1,31
Kent,archery,2021,7,295,8,0.5510099358950811,0.9745382394126643,1,0,56.470588235294116,65.7318588402245,0.27127497092786756,3.872759658722249,0.5823529411764706,0,39.15,-75.73,1,29
Kent,archery,2021,8,302,9,0.7880522813160837,0.3815909206638745,1,0,53.82352941176471,63.01287577024995,2.822820990077856,0.7950000035078308,0.5941176470588235,0,39.15,-75.73,1,32
Kent,archery,2021,9,309,10,0.0250946267370864,0.006202421614721398,1,0,51.17647058823529,62.686081553600715,-1.3030537729558505,0.8582953283741328,0.6058823529411765,0,39.15,-75.73,1,15
Kent,archery,2021,10,316,11,0.26213697215808907,0.5380924769328443,1,0,48.529411764705884,57.76854564081178,0.26927378304389027,2.3207116133158467,0.6176470588235294,0,39.15,-75.73,1,25
Kent,archery,2021,11,323,12,0.49917931757909173,0.9999933526423657,1,0,45.882352941176464,62.71683180715074,4.299999817165512,0.9985116018510936,0.6294117647058823,0,39.15,-75.73,1,40
Kent,archery,2021,12,330,13,0.7362216630000944,0.5432318735019569,0,0,43.23529411764706,57.57997968275605,-1.2673874651169523,1.9803108051886735,0.6411764705882353,0,39.15,-75.73,1,21
Kent,archery,2021,13,337,13,0.9732640084211539,0.007038348903326719,0,0,40.58823529411765,47.47106131048943,-2.1674885510299093,1.215104283492803,0.6529411764705882,1,39.15,-75.73,1,18
Kent,archery,2021,14,344,13,0.21030635384215657,0.37658748839005973,0,0,37.94117647058824,53.136005408298985,-1.511699127953165,3.2694848010610302,0.6647058823529411,0,39.15,-75.73,1,14
Kent,archery,2021,15,351,13,0.44734869926315923,0.9728884995454274,0,0,35.294117647058826,44.62899131964109,-3.2293674974615065,1.6218265432468313,0.6764705882352942,1,39.15,-75.73,1,21
Kent,archery,2021,16,358,13,0.6843910446841619,0.7003282342898121,0,0,32.64705882352941,44.6205194513281,-1.0996105986711011,2.2754861077262833,0.6882352941176471,0,39.15,-75.73,1,15
Montgomery,rifle,2022,0,307,1,0.317433396426793,0.7055664580881861,1,0,75.0,87.72707869115469,0.1878971984907036,1.44460601216997,0.5,0,39.15,-77.27,1,254
Montgomery,rifle,2022,1,314,2,0.5544757418477957,0.9709957344495006,1,0,69.375,86.07399293549042,2.991944357493138,5.111676669975459,0.525,0,39.15,-77.27,1,177
Montgomery,rifle,2022,2,321,3,0.7915180872687984,0.3710414047148724,1,0,63.75,69.92611173809604,0.15662168561654835,1.0614160844018325,0.55,0,39.15,-77.27,1,253
Montgomery,rifle,2022,3,328,4,0.02856043268980102,0.008029038701735935,0,0,58.125,75.16756095061373,-4.781326260791785,7.629647826861667,0.575,0,39.15,-77.27,1,144
Montgomery,rifle,2022,4,335,5,0.2656027781108037,0.5489390937279066,0,0,52.5,66.19748511615938,2.001593118038792,1.9671846157999129,0.6,0,39.15,-77.27,1,160
Montgomery,rifle,2022,5,342,6,0.5026451235318063,0.999930947140589,0,0,46.875,59.69236211251002,3.00310843227272,8.90981443949335,0.625,0,39.15,-77.27,1,135
Montgomery,rifle,2022,6,349,7,0.7396874689528659,0.5323751063979798,0,0,41.25,59.30873537894568,0.05220245872843248,3.005949121764264,0.65,0,39.15,-77.27,1,218
Montgomery,rifle,2022,7,356,8,0.9767298143738685,0.005334891863390645,0,0,35.625,48.05679544832212,-2.407981558311737,5.660923354003415,0.675,1,39.15,-77.27,1,173
Montgomery,archery,2022,0,246,1,0.2517786720436561,0.5055877467084711,0,1,75.0,90.23656362445867,3.9779094608239123,1.9138677957641423,0.5,0,39.15,-77.27,1,60
Montgomery,archery,2022,1,253,2,0.4888210174646588,0.9987671059964716,0,1,72.3529411764706,86.74360126794959,-1.1479568832915943,5.722029740533321,0.5117647058823529,0,39.15,-77.27,1,36
Montgomery,archery,2022,2,260,3,0.7258633628856614,0.5755371536507978,0,1,69.70588235294117,85.75832993052313,1.1011461273139809,2.1551359968811026,0.5235294117647059,0,39.15,-77.27,1,51
Montgomery,archery,2022,3,267,4,0.962905708306721,0.013519077253484946,0,1,67.05882352941177,84.44951642423979,0.768129617209466,0.7883962541032651,0.5352941176470588,0,39.15,-77.27,1,58
Montgomery,archery,2022,4,274,5,0.19994805372772362,0.34533630430196643,0,1,64.41176470588235,78.17569541470823,0.9292979134518361,6.221213767114934,0.5470588235294118,0,39.15,-77.27,1,65
Montgomery,archery,2022,5,281,6,0.4369903991487263,0.96132473912524,0,1,61.76470588235294,72.81443668033006,0.7703837486199742,2.7856566852028215,0.5588235294117647,0,39.15,-77.27,1,82
Montgomery,archery,2022,6,288,7,0.674032744569729,0.7296985627629547,1,0,59.11764705882353,78.70321144753825,-0.5347020302029774,8.978767334263305,0.5705882352941176,0,39.15,-77.27,1,58
Montgomery,archery,2022,7,295,8,0.9110750899907316,0.07603593039923284,1,0,56.470588235294116,68.6299873358235,-2.589120656317903,2.5903007054811154,0.5823529411764706,0,39.15,-77.27,1,60
Montgomery,archery,2022,8,302,9,0.14811743541173428,0.20134331532249478,1,0,53.82352941176471,63.330510488348175,0.10132155290488293,2.006841412807254,0.5941176470588235,0,39.15,-77.27,1,62
Montgomery,archery,2022,9,309,10,0.3851597808327938,0.8753873020177728,1,0,51.17647058823529,61.87710100650367,-1.231034454856678,1.6438261264876053,0.6058823529411765,0,39.15,-77.27,1,65
Montgomery,archery,2022,10,316,11,0.6222021262537965,0.8597137534098416,1,0,48.529411764705884,65.73694226488331,0.031178580213706224,5.241978530778545,0.6176470588235294,0,39.15,-77.27,1,60
Montgomery,archery,2022,11,323,12,0.8592444716747991,0.1831204505031771,1,0,45.882352941176464,52.18863983851941,-1.5736998503887416,2.722822857217479,0.6294117647058823,0,39.15,-77.27,1,70
Montgomery,archery,2022,12,330,13,0.09628681709580178,0.08874551431299516,0,0,43.23529411764706,55.660911587989546,-3.547657786087386,5.285083453001916,0.6411764705882353,1,39.15,-77.27,1,71
Montgomery,archery,2022,13,337,13,0.33332916251680444,0.7499886523776041,0,0,40.58823529411765,47.57084815178272,1.3836867193094464,13.249468225784323,0.6529411764705882,0,39.15,-77.27,1,45
Montgomery,archery,2022,14,344,13,0.570371507937864,0.9519153558029791,0,0,37.94117647058824,52.038114316577335,0.1643035386660874,3.594057394420392,0.6647058823529411,0,39.15,-77.27,1,64
Montgomery,archery,2022,15,351,13,0.8074138533588666,0.323515770366991,0,0,35.294117647058826,43.459180965283636,-0.0035876991868210957,7.99322088147059,0.6764705882352942,0,39.15,-77.27,1,51
Montgomery,archery,2022,16,358,13,0.04445619877986928,0.019379331894285756,0,0,32.64705882352941,48.605766344228,2.2183245397092204,1.3034831084779679,0.6882352941176471,0,39.15,-77.27,1,35
Montgomery,rifle,2021,0,307,1,0.9573682423310856,0.017830680710972602,1,0,75.0,85.00103647861452,1.1422242325051453,3.4694773656011146,0.5,0,39.15,-77.27,1,113
Montgomery,rifle,2021,1,314,2,0.1944105877520883,0.3288899828015325,1,0,69.375,73.52001810372428,-1.6571890207913904,2.5275182604309836,0.525,0,39.15,-77.27,1,253
Montgomery,rifle,2021,2,321,3,0.43145293317309097,0.9543381272781482,1,0,63.75,74.83987058371079,-1.59402959312724,2.4925015493229776,0.55,0,39.15,-77.27,1,165
Montgomery,rifle,2021,3,328,4,0.6684952785940936,0.745008505815151,0,0,58.125,70.46936733960533,-1.5523291695308994,2.111411289136555,0.575,0,39.15,-77.27,1,133
Montgomery,rifle,2021,4,335,5,0.9055376240151531,0.08551271770022578,0,0,52.5,63.12048199544843,0.46041244802456105,4.292004156216453,0.6,0,39.15,-77.27,1,93
Montgomery,rifle,2021,5,342,6,0.1425799694361558,0.18757477990595367,0,0,46.875,55.06014462858607,-1.4233265842496237,7.9883098020647205,0.625,0,39.15,-77.27,1,119
Montgomery,rifle,2021,6,349,7,0.37962231485715847,0.8636710505452458,0,0,41.25,53.909241094009744,0.9439848854274302,6.43760025599215,0.65,0,39.15,-77.27,1,143
Montgomery,rifle,2021,7,356,8,0.6166646602781611,0.8715766304102717,0,0,35.625,48.99701775050606,-0.5638732544243791,2.5839551760437818,0.675,0,39.15,-77.27,1,148
Montgomery,archery,2021,0,246,1,0.8917135179479487,0.11133440792525257,0,1,75.0,93.64087257848647,0.07969353002514293,2.2569665870909272,0.5,0,39.15,-77.27,1,45
Montgomery,archery,2021,1,253,2,0.1287558633689514,0.15488770850156242,0,1,72.3529411764706,89.7696960823537,-1.9333008348316796,7.34304444021848,0.5117647058823529,0,39.15,-77.27,1,48
Montgomery,archery,2021,2,260,3,0.3657982087900109,0.832532779938774,0,1,69.70588235294117,84.44055566377722,0.6370396556497964,3.3365465220522683,0.5235294117647059,0,39.15,-77.27,1,57
Montgomery,archery,2021,3,267,4,0.6028405542110136,0.8991990352197647,0,1,67.05882352941177,77.29615993733029,1.2072880467889309,1.0951631345888055,0.5352941176470588,0,39.15,-77.27,1,51
Montgomery,archery,2021,4,274,5,0.8398828996320162,0.23239728775488172,0,1,64.41176470588235,80.84725134788434,1.8774001169883732,2.241519382131205,0.5470588235294118,0,39.15,-77.27,1,67
Montgomery,archery,2021,5,281,6,0.0769252450530189,0.05727515262110533,0,1,61.76470588235294,77.13209957535227,-2.2023951451481785,8.311879653766587,0.5588235294117647,0,39.15,-77.27,1,43
Montgomery,archery,2021,6,288,7,0.31396759047402156,0.6955931336294042,1,0,59.11764705882353,76.77842671988797,-0.1393706518089896,6.991470213399825,0.5705882352941176,0,39.15,-77.27,1,66
Montgomery,archery,2021,7,295,8,0.5510099358950811,0.9745382394126643,1,0,56.470588235294116,67.84164923180288,-0.8890852742048623,6.866476375619164,0.5823529411764706,0,39.15,-77.27,1,81
Montgomery,archery,2021,8,302,9,0.7880522813160837,0.3815909206638745,1,0,53.82352941176471,67.07727432778614,2.145131427014603,1.5654095876301035,0.5941176470588235,0,39.15,-77.27,1,60
Montgomery,archery,2021,9,309,10,0.0250946267370864,0.006202421614721398,1,0,51.17647058823529,60.77445092374354,-3.1011277523159335,11.8775557036979,0.6058823529411765,0,39.15,-77.27,1,48
Montgomery,archery,2021,10,316,11,0.26213697215808907,0.5380924769328443,1,0,48.529411764705884,63.36938932137469,1.30302826108534,0.20344014120059814,0.6176470588235294,0,39.15,-77.27,1,53
Montgomery,archery,2021,11,323,12,0.49917931757909173,0.9999933526423657,1,0,45.882352941176464,52.37404572699046,-1.366293076347699,3.3088246599476143,0.6294117647058823,0,39.15,-77.27,1,42
Montgomery,archery,2021,12,330,13,0.7362216630000944,0.5432318735019569,0,0,43.23529411764706,58.178956063142095,-4.6137684411901585,9.754070338257284,0.6411764705882353,1,39.15,-77.27,1,50
Montgomery,archery,2021,13,337,13,0.9732640084211539,0.007038348903326719,0,0,40.58823529411765,52.477543418816154,1.7638534396133971,2.1582799714332674,0.6529411764705882,0,39.15,-77.27,1,42
Montgomery,archery,2021,14,344,13,0.21030635384215657,0.37658748839005973,0,0,37.94117647058824,52.44630666370101,-1.725705730624928,4.074455969080896,0.6647058823529411,0,39.15,-77.27,1,40
Montgomery,archery,2021,15,351,13,0.44734869926315923,0.9728884995454274,0,0,35.294117647058826,47.368391457184785,-2.1410412511094763,8.856030200060088,0.6764705882352942,1,39.15,-77.27,1,36
Montgomery,archery,2021,16,358,13,0.6843910446841619,0.7003282342898121,0,0,32.64705882352941,43.95432202290525,0.37651698252605065,1.7932302036317342,0.6882352941176471,0,39.15,-77.27,1,62
Prince George,rifle,2022,0,307,1,0.317433396426793,0.7055664580881861,1,0,75.0,92.7253867507032,1.4070926236227599,6.741631285999145,0.5,0,38.81,-76.78,1,360
Prince George,rifle,2022,1,314,2,0.5544757418477957,0.9709957344495006,1,0,69.375,80.07795089071979,-0.8985176150415136,11.15523803281188,0.525,0,38.81,-76.78,1,457
Prince George,rifle,2022,2,321,3,0.7915180872687984,0.3710414047148724,1,0,63.75,77.60488063697149,1.4096466802730443,3.332065276393303,0.55,0,38.81,-76.78,1,301
Prince George,rifle,2022,3,328,4,0.02856043268980102,0.008029038701735935,0,0,58.125,75.20627212452216,0.33208842156369717,4.079109249961145,0.575,0,38.81,-76.78,1,259
Prince George,rifle,2022,4,335,5,0.2656027781108037,0.5489390937279066,0,0,52.5,65.68037907661767,-1.5799090523461479,4.08891824076884,0.6,0,38.81,-76.78,1,318
Prince George,rifle,2022,5,342,6,0.5026451235318063,0.999930947140589,0,0,46.875,58.25265037628336,-2.3063424812664994,2.9198342839797817,0.625,0,38.81,-76.78,1,205
Prince George,rifle,2022,6,349,7,0.7396874689528659,0.5323751063979798,0,0,41.25,52.87373110062707,-1.8385900671359405,2.3238652201701906,0.65,0,38.81,-76.78,1,241
Prince George,rifle,2022,7,356,8,0.9767298143738685,0.005334891863390645,0,0,35.625,42.99044074426532,1.6255915141179642,1.136462852119581,0.675,0,38.81,-76.78,1,328
Prince George,archery,2022,0,246,1,0.2517786720436561,0.5055877467084711,0,1,75.0,86.36665499188133,-3.8014148189742083,4.120273046735708,0.5,0,38.81,-76.78,1,75
Prince George,archery,2022,1,253,2,0.4888210174646588,0.9987671059964716,0,1,72.3529411764706,87.19449617834024,-1.5681047001735646,2.766776344500469,0.5117647058823529,0,38.81,-76.78,1,93
Prince George,archery,2022,2,260,3,0.7258633628856614,0.5755371536507978,0,1,69.70588235294117,84.84745074708997,0.7951923383780681,2.0893364333066735,0.5235294117647059,0,38.81,-76.78,1,41
Prince George,archery,2022,3,267,4,0.962905708306721,0.013519077253484946,0,1,67.05882352941177,77.56252272716291,0.1406371752097032,6.983985956719282,0.5352941176470588,0,38.81,-76.78,1,52
Prince George,archery,2022,4,274,5,0.19994805372772362,0.34533630430196643,0,1,64.41176470588235,74.79615639635895,-0.2889867298386224,5.499544588151652,0.5470588235294118,0,38.81,-76.78,1,73
Prince George,archery,2022,5,281,6,0.4369903991487263,0.96132473912524,0,1,61.76470588235294,71.06764664020317,-2.4256063753518133,2.548811911094938,0.5588235294117647,0,38.81,-76.78,1,98
Prince George,archery,2022,6,288,7,0.674032744569729,0.7296985627629547,1,0,59.11764705882353,72.29854583238102,3.529449053721126,1.907382520727475,0.5705882352941176,0,38.81,-76.78,1,99
Prince George,archery,2022,7,295,8,0.9110750899907316,0.07603593039923284,1,0,56.470588235294116,67.90688027269562,-0.4591660510033636,2.114995544792893,0.5823529411764706,0,38.81,-76.78,1,80
Prince George,archery,2022,8,302,9,0.14811743541173428,0.20134331532249478,1,0,53.82352941176471,65.69775723161513,-0.18225047878745365,10.549053833646676,0.5941176470588235,0,38.81,-76.78,1,111
Prince George,archery,2022,9,309,10,0.3851597808327938,0.8753873020177728,1,0,51.17647058823529,59.25160538019418,-0.12964795183482813,2.0873140021297183,0.6058823529411765,0,38.81,-76.78,1,115
Prince George,archery,2022,10,316,11,0.6222021262537965,0.8597137534098416,1,0,48.529411764705884,59.3354981633946,-0.23278874940828584,1.9195478627859468,0.6176470588235294,0,38.81,-76.78,1,95
Prince George,archery,2022,11,323,12,0.8592444716747991,0.1831204505031771,1,0,45.882352941176464,57.091431040327805,2.2296739773527556,1.6517065911740425,0.6294117647058823,0,38.81,-76.78,1,106
Prince George,archery,2022,12,330,13,0.09628681709580178,0.08874551431299516,0,0,43.23529411764706,56.696902206816034,-2.151355927604888,1.4731385531817303,0.6411764705882353,1,38.81,-76.78,1,85
Prince George,archery,2022,13,337,13,0.33332916251680444,0.7499886523776041,0,0,40.58823529411765,51.33761533819888,3.492016303175557,5.001505610262468,0.6529411764705882,0,38.81,-76.78,1,83
Prince George,archery,2022,14,344,13,0.570371507937864,0.9519153558029791,0,0,37.94117647058824,50.399051919551354,-4.767093420951639,8.893806439067072,0.6647058823529411,1,38.81,-76.78,1,109
Prince George,archery,2022,15,351,13,0.8074138533588666,0.323515770366991,0,0,35.294117647058826,48.597359077745196,0.6029841615184851,5.270812367737802,0.6764705882352942,0,38.81,-76.78,1,55
Prince George,archery,2022,16,358,13,0.04445619877986928,0.019379331894285756,0,0,32.64705882352941,44.131402338112025,-0.37799386008102365,2.5329004819541985,0.6882352941176471,0,38.81,-76.78,1,76
Prince George,rifle,2021,0,307,1,0.9573682423310856,0.017830680710972602,1,0,75.0,93.62104218816773,-3.262750230753128,2.847784807581263,0.5,0,38.81,-76.78,1,173
Prince George,rifle,2021,1,314,2,0.1944105877520883,0.3288899828015325,1,0,69.375,86.34669340505607,1.8639824223207289,1.534775720738019,0.525,0,38.81,-76.78,1,283
Prince George,rifle,2021,2,321,3,0.43145293317309097,0.9543381272781482,1,0,63.75,74.142537549831,0.2550715641768918,2.4460567600091663,0.55,0,38.81,-76.78,1,302
Prince George,rifle,2021,3,328,4,0.6684952785940936,0.745008505815151,0,0,58.125,72.42682543377948,5.282299465423735,2.559276671151285,0.575,0,38.81,-76.78,1,187
Prince George,rifle,2021,4,335,5,0.9055376240151531,0.08551271770022578,0,0,52.5,66.04396494672403,0.023252826403238905,7.637970889957989,0.6,0,38.81,-76.78,1,207
Prince George,rifle,2021,5,342,6,0.1425799694361558,0.18757477990595367,0,0,46.875,59.11596881386784,2.0131628750959116,3.803262073853601,0.625,0,38.81,-76.78,1,254
Prince George,rifle,2021,6,349,7,0.37962231485715847,0.8636710505452458,0,0,41.25,55.6212671048707,-2.45387079736457,13.163356254954163,0.65,1,38.81,-76.78,1,177
Prince George,rifle,2021,7,356,8,0.6166646602781611,0.8715766304102717,0,0,35.625,42.22985646376204,-0.2940757781150593,4.747031824867441,0.675,0,38.81,-76.78,1,343
Prince George,archery,2021,0,246,1,0.8917135179479487,0.11133440792525257,0,1,75.0,89.16344076808079,-0.17040583204876208,4.385582275287519,0.5,0,38.81,-76.78,1,76
Prince George,archery,2021,1,253,2,0.1287558633689514,0.15488770850156242,0,1,72.3529411764706,85.06415947638158,1.9917762032295978,1.377453579197345,0.5117647058823529,0,38.81,-76.78,1,112
Prince George,archery,2021,2,260,3,0.3657982087900109,0.832532779938774,0,1,69.70588235294117,82.83988458494804,0.6868426687310564,14.215643371861661,0.5235294117647059,0,38.81,-76.78,1,69
Prince George,archery,2021,3,267,4,0.6028405542110136,0.8991990352197647,0,1,67.05882352941177,84.43639583753885,1.751934042016734,1.033552849328764,0.5352941176470588,0,38.81,-76.78,1,74
Prince George,archery,2021,4,274,5,0.8398828996320162,0.23239728775488172,0,1,64.41176470588235,76.86973198537082,0.04683672255108568,5.148017507188015,0.5470588235294118,0,38.81,-76.78,1,28
Prince George,archery,2021,5,281,6,0.0769252450530189,0.05727515262110533,0,1,61.76470588235294,68.4536988954324,0.34534279829275494,2.774384473655714,0.5588235294117647,0,38.81,-76.78,1,67
Prince George,archery,2021,6,288,7,0.31396759047402156,0.6955931336294042,1,0,59.11764705882353,68.68476259314815,1.391863846107048,3.5029263714423897,0.5705882352941176,0,38.81,-76.78,1,107
Prince George,archery,2021,7,295,8,0.5510099358950811,0.9745382394126643,1,0,56.470588235294116,68.75405589455602,0.17022661582071064,3.0778078110264193,0.5823529411764706,0,38.81,-76.78,1,90
Prince George,archery,2021,8,302,9,0.7880522813160837,0.3815909206638745,1,0,53.82352941176471,59.539989983043746,1.9145365522361348,3.322194136520635,0.5941176470588235,0,38.81,-76.78,1,94
Prince George,archery,2021,9,309,10,0.0250946267370864,0.006202421614721398,1,0,51.17647058823529,63.37693627083825,-0.4707570670791112,2.0126074007798995,0.6058823529411765,0,38.81,-76.78,1,73
Prince George,archery,2021,10,316,11,0.26213697215808907,0.5380924769328443,1,0,48.529411764705884,56.78421540837253,-1.794053411385849,0.8922953672642592,0.6176470588235294,0,38.81,-76.78,1,49
Prince George,archery,2021,11,323,12,0.49917931757909173,0.9999933526423657,1,0,45.882352941176464,60.28081532938968,3.681828043043295,7.918765486518934,0.6294117647058823,0,38.81,-76.78,1,73
Prince George,archery,2021,12,330,13,0.7362216630000944,0.5432318735019569,0,0,43.23529411764706,54.20140321770487,2.2987859738608662,3.302408822994366,0.6411764705882353,0,38.81,-76.78,1,74
Prince George,archery,2021,13,337,13,0.9732640084211539,0.007038348903326719,0,0,40.58823529411765,53.882906491226464,2.012664289072065,4.567768272805305,0.6529411764705882,0,38.81,-76.78,1,67
Prince George,archery,2021,14,344,13,0.21030635384215657,0.37658748839005973,0,0,37.94117647058824,51.1593800492192,0.6077835756718062,1.654368916470287,0.6647058823529411,0,38.81,-76.78,1,97
Prince George,archery,2021,15,351,13,0.44734869926315923,0.9728884995454274,0,0,35.294117647058826,45.17265123456134,0.8800775131566393,3.4592425267554128,0.6764705882352942,0,38.81,-76.78,1,101
Prince George,archery,2021,16,358,13,0.6843910446841619,0.7003282342898121,0,0,32.64705882352941,47.59600244924437,-1.7910319264742645,1.388539380779967,0.6882352941176471,0,38.81,-76.78,1,77
Queen Anne,rifle,2022,0,307,1,0.317433396426793,0.7055664580881861,1,0,75.0,84.11567102520749,2.079903404893082,1.9471406104645206,0.5,0,39.08,-75.94,1,161
Queen Anne,rifle,2022,1,314,2,0.5544757418477957,0.9709957344495006,1,0,69.375,81.4301969803352,-3.4845795743728214,3.644672707058546,0.525,0,39.08,-75.94,1,117
Queen Anne,rifle,2022,2,321,3,0.7915180872687984,0.3710414047148724,1,0,63.75,85.56626232309034,2.1034595803813927,2.7453000215697627,0.55,0,39.08,-75.94,1,168
Queen Anne,rifle,2022,3,328,4,0.02856043268980102,0.008029038701735935,0,0,58.125,70.93806950021889,0.13922229320973414,10.980097628376686,0.575,0,39.08,-75.94,1,82
Queen Anne,rifle,2022,4,335,5,0.2656027781108037,0.5489390937279066,0,0,52.5,62.55276668669326,1.895037295587789,2.5506754405551937,0.6,0,39.08,-75.94,1,137
Queen Anne,rifle,2022,5,342,6,0.5026451235318063,0.999930947140589,0,0,46.875,62.59507748467372,-2.337570002139165,3.365093021026015,0.625,0,39.08,-75.94,1,141
Queen Anne,rifle,2022,6,349,7,0.7396874689528659,0.5323751063979798,0,0,41.25,49.06709981489599,2.3957201469442344,2.8429851395737025,0.65,0,39.08,-75.94,1,97
Queen Anne,rifle,2022,7,356,8,0.9767298143738685,0.005334891863390645,0,0,35.625,50.25705195898324,3.683984702798773,8.10948682634372,0.675,0,39.08,-75.94,1,114
Queen Anne,archery,2022,0,246,1,0.2517786720436561,0.5055877467084711,0,1,75.0,86.53054762939342,-1.5978905145594615,4.201745423734525,0.5,0,39.08,-75.94,1,34
Queen Anne,archery,2022,1,253,2,0.4888210174646588,0.9987671059964716,0,1,72.3529411764706,85.28018106231643,0.04008636693160021,3.5970273909229307,0.5117647058823529,0,39.08,-75.94,1,45
Queen Anne,archery,2022,2,260,3,0.7258633628856614,0.5755371536507978,0,1,69.70588235294117,85.09939621612239,-1.633686417839031,1.4844696564829873,0.5235294117647059,0,39.08,-75.94,1,33
Queen Anne,archery,2022,3,267,4,0.962905708306721,0.013519077253484946,0,1,67.05882352941177,82.61718612385181,1.5772582919597447,4.532642295077211,0.5352941176470588,0,39.08,-75.94,1,37
Queen Anne,archery,2022,4,274,5,0.19994805372772362,0.34533630430196643,0,1,64.41176470588235,73.31935475013611,2.398598182137566,4.039431729863004,0.5470588235294118,0,39.08,-75.94,1,38
Queen Anne,archery,2022,5,281,6,0.4369903991487263,0.96132473912524,0,1,61.76470588235294,75.44798388401489,0.9976866919614771,1.002511697607698,0.5588235294117647,0,39.08,-75.94,1,40
Queen Anne,archery,2022,6,288,7,0.674032744569729,0.7296985627629547,1,0,59.11764705882353,74.27870856965644,6.2271241193545706,6.573986726282812,0.5705882352941176,0,39.08,-75.94,1,54
Queen Anne,archery,2022,7,295,8,0.9110750899907316,0.07603593039923284,1,0,56.470588235294116,69.9262853092091,-1.7462443846144196,10.517282426741666,0.5823529411764706,0,39.08,-75.94,1,36
Queen Anne,archery,2022,8,302,9,0.14811743541173428,0.20134331532249478,1,0,53.82352941176471,66.60889202178006,-0.9014357259693276,4.494161811282437,0.5941176470588235,0,39.08,-75.94,1,47
Queen Anne,archery,2022,9,309,10,0.3851597808327938,0.8753873020177728,1,0,51.17647058823529,68.023774199716,-0.10485190254641373,0.6221301107776379,0.6058823529411765,0,39.08,-75.94,1,60
Queen Anne,archery,2022,10,316,11,0.6222021262537965,0.8597137534098416,1,0,48.529411764705884,64.57914031380989,1.5810346173015206,13.718075960231724,0.6176470588235294,0,39.08,-75.94,1,45
Queen Anne,archery,2022,11,323,12,0.8592444716747991,0.1831204505031771,1,0,45.882352941176464,61.02403376570243,0.8975940634243053,2.661334390243435,0.6294117647058823,0,39.08,-75.94,1,38
Queen Anne,archery,2022,12,330,13,0.09628681709580178,0.08874551431299516,0,0,43.23529411764706,58.19309592837804,2.912128404107575,5.881320531666164,0.6411764705882353,0,39.08,-75.94,1,46
Queen Anne,archery,2022,13,337,13,0.33332916251680444,0.7499886523776041,0,0,40.58823529411765,54.06549892628432,0.8395116343967725,0.5942794302258659,0.6529411764705882,0,39.08,-75.94,1,34
Queen Anne,archery,2022,14,344,13,0.570371507937864,0.9519153558029791,0,0,37.94117647058824,47.648146754856334,-2.6448052361566203,1.6709894521492927,0.6647058823529411,1,39.08,-75.94,1,34
Queen Anne,archery,2022,15,351,13,0.8074138533588666,0.323515770366991,0,0,35.294117647058826,46.41584985969045,2.699709964087065,2.653616571445077,0.6764705882352942,0,39.08,-75.94,1,33
Queen Anne,archery,2022,16,358,13,0.04445619877986928,0.019379331894285756,0,0,32.64705882352941,42.33021216108655,0.6966956295981184,3.0325084264136724,0.6882352941176471,0,39.08,-75.94,1,27
Queen Anne,rifle,2021,0,307,1,0.9573682423310856,0.017830680710972602,1,0,75.0,89.12853121841383,-2.3934787901820718,1.9577843312866636,0.5,0,39.08,-75.94,1,107
Queen Anne,rifle,2021,1,314,2,0.1944105877520883,0.3288899828015325,1,0,69.375,76.61045960025056,-0.8515407189693824,2.2917308026854237,0.525,0,39.08,-75.94,1,116
Queen Anne,rifle,2021,2,321,3,0.43145293317309097,0.9543381272781482,1,0,63.75,83.45711755330981,1.6657320632899828,2.7498125906979993,0.55,0,39.08,-75.94,1,102
Queen Anne,rifle,2021,3,328,4,0.6684952785940936,0.745008505815151,0,0,58.125,75.04115687997506,-2.3420387822655133,5.216625518442106,0.575,0,39.08,-75.94,1,76
Queen Anne,rifle,2021,4,335,5,0.9055376240151531,0.08551271770022578,0,0,52.5,64.04366198027752,1.6565710612089881,7.6465073937208485,0.6,0,39.08,-75.94,1,95
Queen Anne,rifle,2021,5,342,6,0.1425799694361558,0.18757477990595367,0,0,46.875,58.666258572802526,-0.18870384351619102,2.781382410293286,0.625,0,39.08,-75.94,1,97
Queen Anne,rifle,2021,6,349,7,0.37962231485715847,0.8636710505452458,0,0,41.25,51.415735261811385,-2.3991623624333807,3.039055906542577,0.65,1,39.08,-75.94,1,103
Queen Anne,rifle,2021,7,356,8,0.6166646602781611,0.8715766304102717,0,0,35.625,43.04194152959569,0.04312066928225594,2.795866407327559,0.675,0,39.08,-75.94,1,125
Queen Anne,archery,2021,0,246,1,0.8917135179479487,0.11133440792525257,0,1,75.0,84.3728525305797,1.8512567399838393,2.7782947457066505,0.5,0,39.08,-75.94,1,23
Queen Anne,archery,2021,1,253,2,0.1287558633689514,0.15488770850156242,0,1,72.3529411764706,82.87133543230806,0.7893929168041824,2.7927465587919573,0.5117647058823529,0,39.08,-75.94,1,38
Queen Anne,archery,2021,2,260,3,0.3657982087900109,0.832532779938774,0,1,69.70588235294117,82.49438670381474,2.4012334687652914,3.520123569344671,0.5235294117647059,0,39.08,-75.94,1,38
Queen Anne,archery,2021,3,267,4,0.6028405542110136,0.8991990352197647,0,1,67.05882352941177,78.09380132939393,2.20782097573794,9.51460591541487,0.5352941176470588,0,39.08,-75.94,1,42
Queen Anne,archery,2021,4,274,5,0.8398828996320162,0.23239728775488172,0,1,64.41176470588235,75.6499356096954,0.21993656886691382,3.2062025400215193,0.5470588235294118,0,39.08,-75.94,1,38
Queen Anne,archery,2021,5,281,6,0.0769252450530189,0.05727515262110533,0,1,61.76470588235294,77.69398035106788,0.028285943455848627,2.170951852650641,0.5588235294117647,0,39.08,-75.94,1,44
Queen Anne,archery,2021,6,288,7,0.31396759047402156,0.6955931336294042,1,0,59.11764705882353,65.86510988892178,4.192408288966345,1.5313849786644864,0.5705882352941176,0,39.08,-75.94,1,16
Queen Anne,archery,2021,7,295,8,0.5510099358950811,0.9745382394126643,1,0,56.470588235294116,68.43008049810712,2.2983190000003715,5.281742465444565,0.5823529411764706,0,39.08,-75.94,1,28
Queen Anne,archery,2021,8,302,9,0.7880522813160837,0.3815909206638745,1,0,53.82352941176471,65.13752713757701,-1.9159169681566053,2.700795558521733,0.5941176470588235,0,39.08,-75.94,1,26
Queen Anne,archery,2021,9,309,10,0.0250946267370864,0.006202421614721398,1,0,51.17647058823529,62.69226297427913,-0.6177759845498696,12.75055629139046,0.6058823529411765,0,39.08,-75.94,1,30
Queen Anne,archery,2021,10,316,11,0.26213697215808907,0.5380924769328443,1,0,48.529411764705884,55.893374043656806,-0.006878277300244373,0.1746950273533531,0.6176470588235294,0,39.08,-75.94,1,29
Queen Anne,archery,2021,11,323,12,0.49917931757909173,0.9999933526423657,1,0,45.882352941176464,59.01501240505594,0.9672439299607382,2.013075448937757,0.6294117647058823,0,39.08,-75.94,1,38
Queen Anne,archery,2021,12,330,13,0.7362216630000944,0.5432318735019569,0,0,43.23529411764706,52.52965224496046,0.07747537730551654,2.3452648747181173,0.6411764705882353,0,39.08,-75.94,1,28
Queen Anne,archery,2021,13,337,13,0.9732640084211539,0.007038348903326719,0,0,40.58823529411765,53.19186102760899,-2.4649473142197063,1.999546170680696,0.6529411764705882,1,39.08,-75.94,1,23
Queen Anne,archery,2021,14,344,13,0.21030635384215657,0.37658748839005973,0,0,37.94117647058824,47.23032332139185,-2.46065757935927,2.025844915113215,0.6647058823529411,1,39.08,-75.94,1,31
Queen Anne,archery,2021,15,351,13,0.44734869926315923,0.9728884995454274,0,0,35.294117647058826,49.286241562993446,2.8151358122768606,9.023141278388692,0.6764705882352942,0,39.08,-75.94,1,39
Queen Anne,archery,2021,16,358,13,0.6843910446841619,0.7003282342898121,0,0,32.64705882352941,45.55170738007715,-0.5323337516931025,2.119804441041881,0.6882352941176471,0,39.08,-75.94,1,33
Somerset,rifle,2022,0,307,1,0.317433396426793,0.7055664580881861,1,0,75.0,86.95646654396602,-1.1273799788346288,13.907807103280033,0.5,0,38.18,-75.71,1,206
Somerset,rifle,2022,1,314,2,0.5544757418477957,0.9709957344495006,1,0,69.375,77.95890601058274,3.915743648627087,2.2405020335843364,0.525,0,38.18,-75.71,1,348
Somerset,rifle,2022,2,321,3,0.7915180872687984,0.3710414047148724,1,0,63.75,72.31500890852114,0.3638353344718144,1.2997944055820134,0.55,0,38.18,-75.71,1,322
Somerset,rifle,2022,3,328,4,0.02856043268980102,0.008029038701735935,0,0,58.125,71.35264164200656,2.058818651918653,4.166156720184351,0.575,0,38.18,-75.71,1,366
Somerset,rifle,2022,4,335,5,0.2656027781108037,0.5489390937279066,0,0,52.5,65.57456074138797,0.5472609486399118,3.0465718319672828,0.6,0,38.18,-75.71,1,206
Somerset,rifle,2022,5,342,6,0.5026451235318063,0.999930947140589,0,0,46.875,66.40691746960124,-0.8718784689066459,2.932601656398287,0.625,0,38.18,-75.71,1,374
Somerset,rifle,2022,6,349,7,0.7396874689528659,0.5323751063979798,0,0,41.25,51.54829684357972,1.9773823035206741,4.115535729988897,0.65,0,38.18,-75.71,1,296
Somerset,rifle,2022,7,356,8,0.9767298143738685,0.005334891863390645,0,0,35.625,44.01307539068858,-1.2959744781879716,5.896808874443104,0.675,0,38.18,-75.71,1,320
Somerset,archery,2022,0,246,1,0.2517786720436561,0.5055877467084711,0,1,75.0,89.5605023969838,-1.278472209358757,2.7403659837299266,0.5,0,38.18,-75.71,1,86
Somerset,archery,2022,1,253,2,0.4888210174646588,0.9987671059964716,0,1,72.3529411764706,83.95973194477465,-2.721338348866493,6.426199851953255,0.5117647058823529,0,38.18,-75.71,1,88
Somerset,archery,2022,2,260,3,0.7258633628856614,0.5755371536507978,0,1,69.70588235294117,83.73858672188803,4.130126492360224,1.5993943001589872,0.5235294117647059,0,38.18,-75.71,1,116
Somerset,archery,2022,3,267,4,0.962905708306721,0.013519077253484946,0,1,67.05882352941177,83.28410601897757,-0.7295555465323681,3.4185547454338505,0.5352941176470588,0,38.18,-75.71,1,111
Somerset,archery,2022,4,274,5,0.19994805372772362,0.34533630430196643,0,1,64.41176470588235,77.79048136835705,0.45577322184184854,1.3350127500887548,0.5470588235294118,0,38.18,-75.71,1,111
Somerset,archery,2022,5,281,6,0.4369903991487263,0.96132473912524,0,1,61.76470588235294,70.56098303682026,-0.04495409163021136,4.99969344310696,0.5588235294117647,0,38.18,-75.71,1,80
Somerset,archery,2022,6,288,7,0.674032744569729,0.7296985627629547,1,0,59.11764705882353,66.56516828358941,-0.03961894374300976,0.6897437803712337,0.5705882352941176,0,38.18,-75.71,1,134
Somerset,archery,2022,7,295,8,0.9110750899907316,0.07603593039923284,1,0,56.470588235294116,70.31573031677708,0.8513302780014537,5.0498138852959125,0.5823529411764706,0,38.18,-75.71,1,103
Somerset,archery,2022,8,302,9,0.14811743541173428,0.20134331532249478,1,0,53.82352941176471,63.0707358901095,1.691081245722426,3.708735481663754,0.5941176470588235,0,38.18,-75.71,1,82
Somerset,archery,2022,9,309,10,0.3851597808327938,0.8753873020177728,1,0,51.17647058823529,61.642494525408516,0.45490715286387495,11.889875092242276,0.6058823529411765,0,38.18,-75.71,1,118
Somerset,archery,2022,10,316,11,0.6222021262537965,0.8597137534098416,1,0,48.529411764705884,58.09839447416718,-1.118321847120784,4.8199054642739405,0.6176470588235294,0,38.18,-75.71,1,115
Somerset,archery,2022,11,323,12,0.8592444716747991,0.1831204505031771,1,0,45.882352941176464,58.871958683532924,0.2858519876973909,3.899285439428016,0.6294117647058823,0,38.18,-75.71,1,128
Somerset,archery,2022,12,330,13,0.09628681709580178,0.08874551431299516,0,0,43.23529411764706,56.200156648540876,-1.4885766895451038,3.3478387572671076,0.6411764705882353,0,38.18,-75.71,1,108
Somerset,archery,2022,13,337,13,0.33332916251680444,0.7499886523776041,0,0,40.58823529411765,48.33383796042668,0.9526922317865879,2.0848105415154348,0.6529411764705882,0,38.18,-75.71,1,121
Somerset,archery,2022,14,344,13,0.570371507937864,0.9519153558029791,0,0,37.94117647058824,51.9360080193034,-0.20525211493887757,4.537683301302303,0.6647058823529411,0,38.18,-75.71,1,116
Somerset,archery,2022,15,351,13,0.8074138533588666,0.323515770366991,0,0,35.294117647058826,46.244809905659196,-1.7614889150855257,1.207447921250587,0.6764705882352942,0,38.18,-75.71,1,113
Somerset,archery,2022,16,358,13,0.04445619877986928,0.019379331894285756,0,0,32.64705882352941,39.73403354316487,-1.6551312039463335,4.317324384513887,0.6882352941176471,0,38.18,-75.71,1,95
Somerset,rifle,2021,0,307,1,0.9573682423310856,0.017830680710972602,1,0,75.0,85.5749932195293,3.6872875067915722,5.87351930922988,0.5,0,38.18,-75.71,1,359
Somerset,rifle,2021,1,314,2,0.1944105877520883,0.3288899828015325,1,0,69.375,81.88035775743285,-0.6382976040600263,4.007096325158259,0.525,0,38.18,-75.71,1,295
Somerset,rifle,2021,2,321,3,0.43145293317309097,0.9543381272781482,1,0,63.75,72.251336887382,3.822188134119901,0.5485568456070162,0.55,0,38.18,-75.71,1,368
Somerset,rifle,2021,3,328,4,0.6684952785940936,0.745008505815151,0,0,58.125,62.83232208620712,0.8856148549526642,3.5897511309791317,0.575,0,38.18,-75.71,1,260
Somerset,rifle,2021,4,335,5,0.9055376240151531,0.08551271770022578,0,0,52.5,64.12736199263404,-0.40948864657508477,3.2939789217713353,0.6,0,38.18,-75.71,1,218
Somerset,rifle,2021,5,342,6,0.1425799694361558,0.18757477990595367,0,0,46.875,56.89444638852183,0.45454328537872324,5.011410650787731,0.625,0,38.18,-75.71,1,296
Somerset,rifle,2021,6,349,7,0.37962231485715847,0.8636710505452458,0,0,41.25,62.00773744859818,0.49482352264678625,3.1203908136571394,0.65,0,38.18,-75.71,1,339
Somerset,rifle,2021,7,356,8,0.6166646602781611,0.8715766304102717,0,0,35.625,53.42280455939547,-3.6322601233795067,4.1781121584432155,0.675,1,38.18,-75.71,1,209
Somerset,archery,2021,0,246,1,0.8917135179479487,0.11133440792525257,0,1,75.0,89.05756655190012,-2.508939022358259,3.7509905863010724,0.5,0,38.18,-75.71,1,91
Somerset,archery,2021,1,253,2,0.1287558633689514,0.15488770850156242,0,1,72.3529411764706,88.44407978132043,-0.11676762224844202,4.441277223504877,0.5117647058823529,0,38.18,-75.71,1,90
Somerset,archery,2021,2,260,3,0.3657982087900109,0.832532779938774,0,1,69.70588235294117,82.53245314557493,0.30689365235991545,7.791092778097104,0.5235294117647059,0,38.18,-75.71,1,100
Somerset,archery,2021,3,267,4,0.6028405542110136,0.8991990352197647,0,1,67.05882352941177,80.50710589493347,0.6572752644927115,10.687019049238316,0.5352941176470588,0,38.18,-75.71,1,102
Somerset,archery,2021,4,274,5,0.8398828996320162,0.23239728775488172,0,1,64.41176470588235,82.2508463675594,-2.0972316041712,6.773780083574265,0.5470588235294118,0,38.18,-75.71,1,76
Somerset,archery,2021,5,281,6,0.0769252450530189,0.05727515262110533,0,1,61.76470588235294,72.7392800445086,-1.6806444649681598,7.5216747694741,0.5588235294117647,0,38.18,-75.71,1,64
Somerset,archery,2021,6,288,7,0.31396759047402156,0.6955931336294042,1,0,59.11764705882353,67.83412036678448,-1.9118252147072234,1.7839522137832895,0.5705882352941176,0,38.18,-75.71,1,103
Somerset,archery,2021,7,295,8,0.5510099358950811,0.9745382394126643,1,0,56.470588235294116,69.56815859783764,0.6708246097680487,0.44744553744443205,0.5823529411764706,0,38.18,-75.71,1,86
Somerset,archery,2021,8,302,9,0.7880522813160837,0.3815909206638745,1,0,53.82352941176471,67.257965365484,1.8306067227776779,5.304427888599845,0.5941176470588235,0,38.18,-75.71,1,95
Somerset,archery,2021,9,309,10,0.0250946267370864,0.006202421614721398,1,0,51.17647058823529,65.8703991463281,-1.3813167464783331,2.4295069477744917,0.6058823529411765,0,38.18,-75.71,1,109
Somerset,archery,2021,10,316,11,0.26213697215808907,0.5380924769328443,1,0,48.529411764705884,61.47700936524658,-1.7675447581426305,2.739583397241286,0.6176470588235294,0,38.18,-75.71,1,106
Somerset,archery,2021,11,323,12,0.49917931757909173,0.9999933526423657,1,0,45.882352941176464,56.99116135733453,-0.3592834514484079,1.1217048061676402,0.6294117647058823,0,38.18,-75.71,1,117
Somerset,archery,2021,12,330,13,0.7362216630000944,0.5432318735019569,0,0,43.23529411764706,55.38264582967722,-2.4799349019494232,3.635098721942801,0.6411764705882353,1,38.18,-75.71,1,78
Somerset,archery,2021,13,337,13,0.9732640084211539,0.007038348903326719,0,0,40.58823529411765,55.98101972289167,-3.109841785243389,5.623654774610637,0.6529411764705882,1,38.18,-75.71,1,58
Somerset,archery,2021,14,344,13,0.21030635384215657,0.37658748839005973,0,0,37.94117647058824,44.20363604505558,2.445162392180826,5.3782232735033295,0.6647058823529411,0,38.18,-75.71,1,83
Somerset,archery,2021,15,351,13,0.44734869926315923,0.9728884995454274,0,0,35.294117647058826,51.974023621015675,-0.5841058274776407,2.9601483902530736,0.6764705882352942,0,38.18,-75.71,1,63
Somerset,archery,2021,16,358,13,0.6843910446841619,0.7003282342898121,0,0,32.64705882352941,46.70665267435094,3.778394481370173,5.550522492972657,0.6882352941176471,0,38.18,-75.71,1,65
St Mary,rifle,2022,0,307,1,0.317433396426793,0.7055664580881861,1,0,75.0,88.79493848029121,-4.699647966731755,1.6739222976011097,0.5,0,38.27,-76.8,1,320
St Mary,rifle,2022,1,314,2,0.5544757418477957,0.9709957344495006,1,0,69.375,80.79995928671286,1.0442489262065742,1.063150725679601,0.525,0,38.27,-76.8,1,275
St Mary,rifle,2022,2,321,3,0.7915180872687984,0.3710414047148724,1,0,63.75,77.45217908126111,4.118348215592184,3.6796747230480027,0.55,0,38.27,-76.8,1,311
St Mary,rifle,2022,3,328,4,0.02856043268980102,0.008029038701735935,0,0,58.125,69.651838298842,2.893962469668279,5.232476926006694,0.575,0,38.27,-76.8,1,135
St Mary,rifle,2022,4,335,5,0.2656027781108037,0.5489390937279066,0,0,52.5,65.41270565526688,2.916886905327909,3.067290204818637,0.6,0,38.27,-76.8,1,169
St Mary,rifle,2022,5,342,6,0.5026451235318063,0.999930947140589,0,0,46.875,54.662173435261515,-6.209486517262352,2.048047584121409,0.625,0,38.27,-76.8,1,252
St Mary,rifle,2022,6,349,7,0.7396874689528659,0.5323751063979798,0,0,41.25,52.52852159525138,-0.1473259743023531,3.6082252809057076,0.65,0,38.27,-76.8,1,245
St Mary,rifle,2022,7,356,8,0.9767298143738685,0.005334891863390645,0,0,35.625,47.534419954975874,-1.1765051332005874,1.8521901877262237,0.675,0,38.27,-76.8,1,193
St Mary,archery,2022,0,246,1,0.2517786720436561,0.5055877467084711,0,1,75.0,88.54356089156926,-1.6909051852178751,2.689130012187513,0.5,0,38.27,-76.8,1,74
St Mary,archery,2022,1,253,2,0.4888210174646588,0.9987671059964716,0,1,72.3529411764706,82.01050089514807,2.1689555727330863,3.393444910447167,0.5117647058823529,0,38.27,-76.8,1,56
St Mary,archery,2022,2,260,3,0.7258633628856614,0.5755371536507978,0,1,69.70588235294117,80.04885181635514,1.1653049363847647,1.2437748333695753,0.5235294117647059,0,38.27,-76.8,1,59
St Mary,archery,2022,3,267,4,0.962905708306721,0.013519077253484946,0,1,67.05882352941177,80.36321305635445,-1.507984179778756,3.6068279661214007,0.5352941176470588,0,38.27,-76.8,1,79
St Mary,archery,2022,4,274,5,0.19994805372772362,0.34533630430196643,0,1,64.41176470588235,76.28975714010997,-1.9393109570948788,9.745066249068145,0.5470588235294118,0,38.27,-76.8,1,68
St Mary,archery,2022,5,281,6,0.4369903991487263,0.96132473912524,0,1,61.76470588235294,77.69005839911698,-1.3961153801630921,3.57901986138853,0.5588235294117647,0,38.27,-76.8,1,72
St Mary,archery,2022,6,288,7,0.674032744569729,0.7296985627629547,1,0,59.11764705882353,71.86479243133013,1.1442157228689196,4.640168768111187,0.5705882352941176,0,38.27,-76.8,1,107
St Mary,archery,2022,7,295,8,0.9110750899907316,0.07603593039923284,1,0,56.470588235294116,66.08329545910021,-1.1467106371690263,1.8688626619249349,0.5823529411764706,0,38.27,-76.8,1,70
St Mary,archery,2022,8,302,9,0.14811743541173428,0.20134331532249478,1,0,53.82352941176471,64.99165637544641,-3.8927289658301234,9.687207712266915,0.5941176470588235,0,38.27,-76.8,1,63
St Mary,archery,2022,9,309,10,0.3851597808327938,0.8753873020177728,1,0,51.17647058823529,65.08452654124673,0.4476347024545635,4.740999063193889,0.6058823529411765,0,38.27,-76.8,1,88
St Mary,archery,2022,10,316,11,0.6222021262537965,0.8597137534098416,1,0,48.529411764705884,64.01711548845127,-1.707550105628063,5.199478212272032,0.6176470588235294,0,38.27,-76.8,1,83
St Mary,archery,2022,11,323,12,0.8592444716747991,0.1831204505031771,1,0,45.882352941176464,55.24068786139456,1.5724853271751824,2.383996186768209,0.6294117647058823,0,38.27,-76.8,1,70
St Mary,archery,2022,12,330,13,0.09628681709580178,0.08874551431299516,0,0,43.23529411764706,56.98519557199558,2.386290382975906,0.9748670783839319,0.6411764705882353,0,38.27,-76.8,1,63
St Mary,archery,2022,13,337,13,0.33332916251680444,0.7499886523776041,0,0,40.58823529411765,54.49724167728592,-3.219882773118072,1.2539674992236423,0.6529411764705882,1,38.27,-76.8,1,71
St Mary,archery,2022,14,344,13,0.570371507937864,0.9519153558029791,0,0,37.94117647058824,46.16293981829706,1.4654760158094347,2.1357454971338186,0.6647058823529411,0,38.27,-76.8,1,58
St Mary,archery,2022,15,351,13,0.8074138533588666,0.323515770366991,0,0,35.294117647058826,47.51157064110693,-2.3858714391705256,1.5221353930480417,0.6764705882352942,1,38.27,-76.8,1,74
St Mary,archery,2022,16,358,13,0.04445619877986928,0.019379331894285756,0,0,32.64705882352941,46.59058379332668,1.262908138895822,2.493605474440136,0.6882352941176471,0,38.27,-76.8,1,50
St Mary,rifle,2021,0,307,1,0.9573682423310856,0.017830680710972602,1,0,75.0,83.80564991427914,-2.1196539124881144,2.8564030983959463,0.5,0,38.27,-76.8,1,255
St Mary,rifle,2021,1,314,2,0.1944105877520883,0.3288899828015325,1,0,69.375,80.39623131622787,3.442754656617615,7.4451520331540255,0.525,0,38.27,-76.8,1,216
St Mary,rifle,2021,2,321,3,0.43145293317309097,0.9543381272781482,1,0,63.75,74.12751620520999,1.4990511899978711,5.613018462699192,0.55,0,38.27,-76.8,1,220
St Mary,rifle,2021,3,328,4,0.6684952785940936,0.745008505815151,0,0,58.125,70.74532394093944,0.5631087710081087,4.261427218773191,0.575,0,38.27,-76.8,1,216
St Mary,rifle,2021,4,335,5,0.9055376240151531,0.08551271770022578,0,0,52.5,63.39568701273048,-1.4198767375352326,5.497812476415733,0.6,0,38.27,-76.8,1,90
St Mary,rifle,2021,5,342,6,0.1425799694361558,0.18757477990595367,0,0,46.875,58.16223456378848,0.7648900222419249,7.796369414298988,0.625,0,38.27,-76.8,1,188
St Mary,rifle,2021,6,349,7,0.37962231485715847,0.8636710505452458,0,0,41.25,55.36532937376995,-2.5329053918720468,9.540636555971531,0.65,1,38.27,-76.8,1,251
St Mary,rifle,2021,7,356,8,0.6166646602781611,0.8715766304102717,0,0,35.625,48.300682550830096,-0.146035659389661,5.770366064786262,0.675,0,38.27,-76.8,1,180
St Mary,archery,2021,0,246,1,0.8917135179479487,0.11133440792525257,0,1,75.0,90.65176269448797,-0.39062950221001763,2.4924655597897134,0.5,0,38.27,-76.8,1,49
St Mary,archery,2021,1,253,2,0.1287558633689514,0.15488770850156242,0,1,72.3529411764706,83.9925326955916,3.597175302907912,4.6466196397596224,0.5117647058823529,0,38.27,-76.8,1,67
St Mary,archery,2021,2,260,3,0.3657982087900109,0.832532779938774,0,1,69.70588235294117,75.2083491675295,-0.5642958067995257,2.908013263468002,0.5235294117647059,0,38.27,-76.8,1,79
St Mary,archery,2021,3,267,4,0.6028405542110136,0.8991990352197647,0,1,67.05882352941177,82.21562070313279,-0.32044795469547815,3.166780130223088,0.5352941176470588,0,38.27,-76.8,1,46
St Mary,archery,2021,4,274,5,0.8398828996320162,0.23239728775488172,0,1,64.41176470588235,74.5974126380845,-2.190534320396546,5.848989091807433,0.5470588235294118,0,38.27,-76.8,1,40
St Mary,archery,2021,5,281,6,0.0769252450530189,0.05727515262110533,0,1,61.76470588235294,74.08523514037262,1.1998393957314812,3.9755918659150056,0.5588235294117647,0,38.27,-76.8,1,55
St Mary,archery,2021,6,288,7,0.31396759047402156,0.6955931336294042,1,0,59.11764705882353,71.67618699906862,-0.07628495280280029,5.770890738857965,0.5705882352941176,0,38.27,-76.8,1,68
St Mary,archery,2021,7,295,8,0.5510099358950811,0.9745382394126643,1,0,56.470588235294116,64.36159494543854,0.0034378005897303878,7.147478741353923,0.5823529411764706,0,38.27,-76.8,1,75
St Mary,archery,2021,8,302,9,0.7880522813160837,0.3815909206638745,1,0,53.82352941176471,60.63195391633275,1.504976135450553,2.287411430087098,0.5941176470588235,0,38.27,-76.8,1,94
St Mary,archery,2021,9,309,10,0.0250946267370864,0.006202421614721398,1,0,51.17647058823529,62.657978478906,1.5234574624047637,4.319224696540777,0.6058823529411765,0,38.27,-76.8,1,43
St Mary,archery,2021,10,316,11,0.26213697215808907,0.5380924769328443,1,0,48.529411764705884,67.09207094439535,1.5535402060408154,1.5634224328777957,0.6176470588235294,0,38.27,-76.8,1,89
St Mary,archery,2021,11,323,12,0.49917931757909173,0.9999933526423657,1,0,45.882352941176464,57.32938584932674,-2.5944171762497215,6.4700484556025675,0.6294117647058823,0,38.27,-76.8,1,63
St Mary,archery,2021,12,330,13,0.7362216630000944,0.5432318735019569,0,0,43.23529411764706,55.64329273014539,0.4319588600110517,5.578617116982519,0.6411764705882353,0,38.27,-76.8,1,49
St Mary,archery,2021,13,337,13,0.9732640084211539,0.007038348903326719,0,0,40.58823529411765,51.0036065456745,-3.2046637809411056,7.437049652275329,0.6529411764705882,1,38.27,-76.8,1,67
St Mary,archery,2021,14,344,13,0.21030635384215657,0.37658748839005973,0,0,37.94117647058824,51.47855668594811,-0.8546873270951648,2.703010499720802,0.6647058823529411,0,38.27,-76.8,1,53
St Mary,archery,2021,15,351,13,0.44734869926315923,0.9728884995454274,0,0,35.294117647058826,46.93685212558402,1.251601744489494,1.863975324850533,0.6764705882352942,0,38.27,-76.8,1,78
St Mary,archery,2021,16,358,13,0.6843910446841619,0.7003282342898121,0,0,32.64705882352941,41.74104489935376,-0.25564909008435543,3.4419659135280676,0.6882352941176471,0,38.27,-76.8,1,57
Talbot,rifle,2022,0,307,1,0.317433396426793,0.7055664580881861,1,0,75.0,81.54254503133649,0.5348990963454515,1.1613576720592145,0.5,0,38.73,-76.24,1,122
Talbot,rifle,2022,1,314,2,0.5544757418477957,0.9709957344495006,1,0,69.375,85.58486856336856,-0.4664905345307293,5.735838149605467,0.525,0,38.73,-76.24,1,218
Talbot,rifle,2022,2,321,3,0.7915180872687984,0.3710414047148724,1,0,63.75,77.32802949631028,0.01639033931075749,3.3770789884316295,0.55,0,38.73,-76.24,1,192
Talbot,rifle,2022,3,328,4,0.02856043268980102,0.008029038701735935,0,0,58.125,67.49881565096767,-0.7110264098130792,5.517848974531778,0.575,0,38.73,-76.24,1,134
Talbot,rifle,2022,4,335,5,0.2656027781108037,0.5489390937279066,0,0,52.5,63.41524742882596,-2.464384145975642,1.5767437434180562,0.6,0,38.73,-76.24,1,230
Talbot,rifle,2022,5,342,6,0.5026451235318063,0.999930947140589,0,0,46.875,57.09840127875242,-4.237708897577351,0.6585797697126553,0.625,0,38.73,-76.24,1,161
Talbot,rifle,2022,6,349,7,0.7396874689528659,0.5323751063979798,0,0,41.25,53.99396757306788,0.5881603840231298,2.078153467904022,0.65,0,38.73,-76.24,1,185
Talbot,rifle,2022,7,356,8,0.9767298143738685,0.005334891863390645,0,0,35.625,46.39036825505893,-3.6990166411256498,7.407533065183304,0.675,1,38.73,-76.24,1,188
Talbot,archery,2022,0,246,1,0.2517786720436561,0.5055877467084711,0,1,75.0,87.38901747793527,0.4531784416012838,3.391909884775097,0.5,0,38.73,-76.24,1,36
Talbot,archery,2022,1,253,2,0.4888210174646588,0.9987671059964716,0,1,72.3529411764706,84.72516081251597,-1.955858975257059,8.17132858957553,0.5117647058823529,0,38.73,-76.24,1,47
Talbot,archery,2022,2,260,3,0.7258633628856614,0.5755371536507978,0,1,69.70588235294117,81.57173122888122,-2.9203755310279016,0.9083435913779755,0.5235294117647059,0,38.73,-76.24,1,51
Talbot,archery,2022,3,267,4,0.962905708306721,0.013519077253484946,0,1,67.05882352941177,82.04907382058781,-1.884500537744667,1.5232116071036514,0.5352941176470588,0,38.73,-76.24,1,54
Talbot,archery,2022,4,274,5,0.19994805372772362,0.34533630430196643,0,1,64.41176470588235,78.24778970262223,-2.5402779590321276,5.1228573744482775,0.5470588235294118,0,38.73,-76.24,1,60
Talbot,archery,2022,5,281,6,0.4369903991487263,0.96132473912524,0,1,61.76470588235294,70.93564213429867,-2.4801488226654778,3.004711009069349,0.5588235294117647,0,38.73,-76.24,1,80
Talbot,archery,2022,6,288,7,0.674032744569729,0.7296985627629547,1,0,59.11764705882353,68.87530280593953,-5.176463865283301,6.163799356107117,0.5705882352941176,0,38.73,-76.24,1,57
Talbot,archery,2022,7,295,8,0.9110750899907316,0.07603593039923284,1,0,56.470588235294116,69.11971946542755,1.5874092661064483,4.932078939212556,0.5823529411764706,0,38.73,-76.24,1,74
Talbot,archery,2022,8,302,9,0.14811743541173428,0.20134331532249478,1,0,53.82352941176471,61.57623561617697,2.1974147880866792,1.9658326556482608,0.5941176470588235,0,38.73,-76.24,1,60
Talbot,archery,2022,9,309,10,0.3851597808327938,0.8753873020177728,1,0,51.17647058823529,64.08623336312218,0.09738990214319826,0.7935967210952641,0.6058823529411765,0,38.73,-76.24,1,52
Talbot,archery,2022,10,316,11,0.6222021262537965,0.8597137534098416,1,0,48.529411764705884,59.08836386347894,-4.365134622235132,4.909792363999958,0.6176470588235294,0,38.73,-76.24,1,52
Talbot,archery,2022,11,323,12,0.8592444716747991,0.1831204505031771,1,0,45.882352941176464,67.16497146312813,0.1736542913151893,5.440976745305152,0.6294117647058823,0,38.73,-76.24,1,58
Talbot,archery,2022,12,330,13,0.09628681709580178,0.08874551431299516,0,0,43.23529411764706,60.86846849111811,2.8767015286695825,3.985606272017399,0.6411764705882353,0,38.73,-76.24,1,64
Talbot,archery,2022,13,337,13,0.33332916251680444,0.7499886523776041,0,0,40.58823529411765,55.53365236738594,-1.5909586873499968,1.1631759199728804,0.6529411764705882,0,38.73,-76.24,1,57
Talbot,archery,2022,14,344,13,0.570371507937864,0.9519153558029791,0,0,37.94117647058824,46.17703901777318,-1.746279762074081,1.4547171526041978,0.6647058823529411,0,38.73,-76.24,1,57
Talbot,archery,2022,15,351,13,0.8074138533588666,0.323515770366991,0,0,35.294117647058826,47.31949900604768,-2.4566284571074815,0.8684642035588601,0.6764705882352942,1,38.73,-76.24,1,58
Talbot,archery,2022,16,358,13,0.04445619877986928,0.019379331894285756,0,0,32.64705882352941,46.999990152054046,-3.6500619048149447,3.3251893528695136,0.6882352941176471,1,38.73,-76.24,1,47
Talbot,rifle,2021,0,307,1,0.9573682423310856,0.017830680710972602,1,0,75.0,84.83793921105912,0.18085454857723146,1.9397892238323755,0.5,0,38.73,-76.24,1,213
Talbot,rifle,2021,1,314,2,0.1944105877520883,0.3288899828015325,1,0,69.375,79.70370280603471,0.9859835484355152,1.1231097329311943,0.525,0,38.73,-76.24,1,171
Talbot,rifle,2021,2,321,3,0.43145293317309097,0.9543381272781482,1,0,63.75,71.94255707288954,-2.0633294959400166,5.2988443719532246,0.55,0,38.73,-76.24,1,227
Talbot,rifle,2021,3,328,4,0.6684952785940936,0.745008505815151,0,0,58.125,70.90147010100313,1.0823079622191003,4.549183506087805,0.575,0,38.73,-76.24,1,130
Talbot,rifle,2021,4,335,5,0.9055376240151531,0.08551271770022578,0,0,52.5,65.52344350704776,-0.3059829632392325,1.353217992118302,0.6,0,38.73,-76.24,1,136
Talbot,rifle,2021,5,342,6,0.1425799694361558,0.18757477990595367,0,0,46.875,56.92160705421185,-0.6205202676307073,2.3028459611043015,0.625,0,38.73,-76.24,1,148
Talbot,rifle,2021,6,349,7,0.37962231485715847,0.8636710505452458,0,0,41.25,50.1750819563931,-3.696620395237733,2.948638639938127,0.65,1,38.73,-76.24,1,196
Talbot,rifle,2021,7,356,8,0.6166646602781611,0.8715766304102717,0,0,35.625,48.7954994599526,0.701015780630804,1.079102111770859,0.675,0,38.73,-76.24,1,177
Talbot,archery,2021,0,246,1,0.8917135179479487,0.11133440792525257,0,1,75.0,90.35909830751574,1.1696839063765563,4.330166142500221,0.5,0,38.73,-76.24,1,48
Talbot,archery,2021,1,253,2,0.1287558633689514,0.15488770850156242,0,1,72.3529411764706,81.1477438340192,-2.0597953330088448,11.183705474655717,0.5117647058823529,0,38.73,-76.24,1,34
Talbot,archery,2021,2,260,3,0.3657982087900109,0.832532779938774,0,1,69.70588235294117,83.13473531005604,-0.41967761619783495,5.801644439530636,0.5235294117647059,0,38.73,-76.24,1,57
Talbot,archery,2021,3,267,4,0.6028405542110136,0.8991990352197647,0,1,67.05882352941177,78.43171450247114,1.4569596600808694,5.4361281609732,0.5352941176470588,0,38.73,-76.24,1,58
Talbot,archery,2021,4,274,5,0.8398828996320162,0.23239728775488172,0,1,64.41176470588235,77.31602795603874,0.5202634751342081,1.7284681284446117,0.5470588235294118,0,38.73,-76.24,1,41
Talbot,archery,2021,5,281,6,0.0769252450530189,0.05727515262110533,0,1,61.76470588235294,74.47776641904375,-1.667206969792425,1.7363039207207747,0.5588235294117647,0,38.73,-76.24,1,45
Talbot,archery,2021,6,288,7,0.31396759047402156,0.6955931336294042,1,0,59.11764705882353,70.21187680118541,2.9097304261166452,2.0378744218935654,0.5705882352941176,0,38.73,-76.24,1,52
Talbot,archery,2021,7,295,8,0.5510099358950811,0.9745382394126643,1,0,56.470588235294116,62.4619598681819,2.808962637566402,0.5871192753041536,0.5823529411764706,0,38.73,-76.24,1,55
Talbot,archery,2021,8,302,9,0.7880522813160837,0.3815909206638745,1,0,53.82352941176471,67.0962299439718,0.2617527885980224,2.540070470568393,0.5941176470588235,0,38.73,-76.24,1,52
Talbot,archery,2021,9,309,10,0.0250946267370864,0.006202421614721398,1,0,51.17647058823529,63.47769972257878,-1.3298653603704735,3.186807281254919,0.6058823529411765,0,38.73,-76.24,1,50
Talbot,archery,2021,10,316,11,0.26213697215808907,0.5380924769328443,1,0,48.529411764705884,56.12389123126656,-1.2612254587019796,1.778726444567133,0.6176470588235294,0,38.73,-76.24,1,46
Talbot,archery,2021,11,323,12,0.49917931757909173,0.9999933526423657,1,0,45.882352941176464,59.86344670774815,2.913213889753432,1.2876753220441797,0.6294117647058823,0,38.73,-76.24,1,54
Talbot,archery,2021,12,330,13,0.7362216630000944,0.5432318735019569,0,0,43.23529411764706,59.7210087698231,-1.5207590446656505,1.4622241304603174,0.6411764705882353,0,38.73,-76.24,1,20
Talbot,archery,2021,13,337,13,0.9732640084211539,0.007038348903326719,0,0,40.58823529411765,52.90844137167254,-1.529314189577405,2.7382019341448225,0.6529411764705882,0,38.73,-76.24,1,34
Talbot,archery,2021,14,344,13,0.21030635384215657,0.37658748839005973,0,0,37.94117647058824,53.93159281205698,-0.8044404389343243,1.4846421117553572,0.6647058823529411,0,38.73,-76.24,1,39
Talbot,archery,2021,15,351,13,0.44734869926315923,0.9728884995454274,0,0,35.294117647058826,46.843798877567174,2.8345373487877557,6.678972479587983,0.6764705882352942,0,38.73,-76.24,1,59
Talbot,archery,2021,16,358,13,0.6843910446841619,0.7003282342898121,0,0,32.64705882352941,45.52265029757166,-0.24862844691276667,1.9136569133674368,0.6882352941176471,0,38.73,-76.24,1,35
Washington,rifle,2022,0,307,1,0.317433396426793,0.7055664580881861,1,0,75.0,91.81597133131143,1.4594897650542473,3.305783765712986,0.5,0,39.64,-77.8,1,359
Washington,rifle,2022,1,314,2,0.5544757418477957,0.9709957344495006,1,0,69.375,83.77534843652334,0.5041351978148796,4.604872298946069,0.525,0,39.64,-77.8,1,698
Washington,rifle,2022,2,321,3,0.7915180872687984,0.3710414047148724,1,0,63.75,75.95878784081978,-2.118263015778763,2.825399377530119,0.55,0,39.64,-77.8,1,417
Washington,rifle,2022,3,328,4,0.02856043268980102,0.008029038701735935,0,0,58.125,68.35761890937326,1.7544349605918534,5.278138006339676,0.575,0,39.64,-77.8,1,353
Washington,rifle,2022,4,335,5,0.2656027781108037,0.5489390937279066,0,0,52.5,60.89604485819318,-3.313319071078078,3.968263597303518,0.6,0,39.64,-77.8,1,500
Washington,rifle,2022,5,342,6,0.5026451235318063,0.999930947140589,0,0,46.875,56.906948630807065,3.1388408157753713,3.407126409616322,0.625,0,39.64,-77.8,1,463
Washington,rifle,2022,6,349,7,0.7396874689528659,0.5323751063979798,0,0,41.25,50.294239967219916,-0.8923143902793622,1.1175463163326356,0.65,0,39.64,-77.8,1,480
Washington,rifle,2022,7,356,8,0.9767298143738685,0.005334891863390645,0,0,35.625,48.92361078837165,-1.0828466005334856,3.4273682750820673,0.675,0,39.64,-77.8,1,282
Washington,archery,2022,0,246,1,0.2517786720436561,0.5055877467084711,0,1,75.0,87.16160374227509,-1.520851832297853,1.9518434739675725,0.5,0,39.64,-77.8,1,135
Washington,archery,2022,1,253,2,0.4888210174646588,0.9987671059964716,0,1,72.3529411764706,82.53914793230393,1.5152610108260767,2.125941291325274,0.5117647058823529,0,39.64,-77.8,1,149
Washington,archery,2022,2,260,3,0.7258633628856614,0.5755371536507978,0,1,69.70588235294117,75.42895232953451,1.1333164241879894,7.66999292851986,0.5235294117647059,0,39.64,-77.8,1,83
Washington,archery,2022,3,267,4,0.962905708306721,0.013519077253484946,0,1,67.05882352941177,78.44401439668216,1.656270413348181,6.292329151945323,0.5352941176470588,0,39.64,-77.8,1,85
Washington,archery,2022,4,274,5,0.19994805372772362,0.34533630430196643,0,1,64.41176470588235,72.4398951623265,2.108392246963964,3.689891392097002,0.5470588235294118,0,39.64,-77.8,1,133
Washington,archery,2022,5,281,6,0.4369903991487263,0.96132473912524,0,1,61.76470588235294,69.67221633177647,2.0175517285133107,1.4376977495095997,0.5588235294117647,0,39.64,-77.8,1,144
Washington,archery,2022,6,288,7,0.674032744569729,0.7296985627629547,1,0,59.11764705882353,67.80348400749779,-0.7157669783701531,0.5354625259298372,0.5705882352941176,0,39.64,-77.8,1,194
Washington,archery,2022,7,295,8,0.9110750899907316,0.07603593039923284,1,0,56.470588235294116,70.7989431898946,-1.4338219972409578,2.9174870071426526,0.5823529411764706,0,39.64,-77.8,1,134
Washington,archery,2022,8,302,9,0.14811743541173428,0.20134331532249478,1,0,53.82352941176471,69.78327877752852,-1.0934240999179567,2.9389181314065183,0.5941176470588235,0,39.64,-77.8,1,160
Washington,archery,2022,9,309,10,0.3851597808327938,0.8753873020177728,1,0,51.17647058823529,62.81210067250351,-1.1768377469401003,0.8547751141575723,0.6058823529411765,0,39.64,-77.8,1,174
Washington,archery,2022,10,316,11,0.6222021262537965,0.8597137534098416,1,0,48.529411764705884,57.22818963264236,-1.323653073218153,0.8093414033510874,0.6176470588235294,0,39.64,-77.8,1,145
Washington,archery,2022,11,323,12,0.8592444716747991,0.1831204505031771,1,0,45.882352941176464,56.401217045156514,-4.539009341107087,6.831414852736055,0.6294117647058823,0,39.64,-77.8,1,98
Washington,archery,2022,12,330,13,0.09628681709580178,0.08874551431299516,0,0,43.23529411764706,56.213603154007096,0.8980958459167198,2.9082593906699454,0.6411764705882353,0,39.64,-77.8,1,131
Washington,archery,2022,13,337,13,0.33332916251680444,0.7499886523776041,0,0,40.58823529411765,51.39139832606773,3.7733097250750873,2.708260018214336,0.6529411764705882,0,39.64,-77.8,1,157
Washington,archery,2022,14,344,13,0.570371507937864,0.9519153558029791,0,0,37.94117647058824,44.84113808904588,-2.185811898623568,0.9247098277417236,0.6647058823529411,1,39.64,-77.8,1,140
Washington,archery,2022,15,351,13,0.8074138533588666,0.323515770366991,0,0,35.294117647058826,49.12644842660465,1.8929439223645317,1.9895766044370364,0.6764705882352942,0,39.64,-77.8,1,127
Washington,archery,2022,16,358,13,0.04445619877986928,0.019379331894285756,0,0,32.64705882352941,48.744805743462976,-1.357805644439713,5.4289447090616685,0.6882352941176471,0,39.64,-77.8,1,101
Washington,rifle,2021,0,307,1,0.9573682423310856,0.017830680710972602,1,0,75.0,91.33290151160604,-1.155996758499513,3.8439464803453594,0.5,0,39.64,-77.8,1,400
Washington,rifle,2021,1,314,2,0.1944105877520883,0.3288899828015325,1,0,69.375,82.47531233071146,-3.5658652424693846,1.8260823650622913,0.525,0,39.64,-77.8,1,192
Washington,rifle,2021,2,321,3,0.43145293317309097,0.9543381272781482,1,0,63.75,77.28077700869851,-1.2206463869885045,1.8459916110847057,0.55,0,39.64,-77.8,1,401
Washington,rifle,2021,3,328,4,0.6684952785940936,0.745008505815151,0,0,58.125,68.38260544882195,0.7290028011290095,1.4805289684703993,0.575,0,39.64,-77.8,1,342
Washington,rifle,2021,4,335,5,0.9055376240151531,0.08551271770022578,0,0,52.5,66.64877402245713,-1.6956095084136127,5.465122439387419,0.6,0,39.64,-77.8,1,489
Washington,rifle,2021,5,342,6,0.1425799694361558,0.18757477990595367,0,0,46.875,60.14994277613241,-2.633827126234134,0.46722885462918945,0.625,0,39.64,-77.8,1,419
Washington,rifle,2021,6,349,7,0.37962231485715847,0.8636710505452458,0,0,41.25,52.328481844092764,3.099239528594543,2.023192329712056,0.65,0,39.64,-77.8,1,257
Washington,rifle,2021,7,356,8,0.6166646602781611,0.8715766304102717,0,0,35.625,47.55758863175888,0.34194014616362767,4.175883693539594,0.675,0,39.64,-77.8,1,430
Washington,archery,2021,0,246,1,0.8917135179479487,0.11133440792525257,0,1,75.0,86.51370229756051,-0.7023500034921948,3.0550495677874943,0.5,0,39.64,-77.8,1,100
Washington,archery,2021,1,253,2,0.1287558633689514,0.15488770850156242,0,1,72.3529411764706,79.36283747473419,-0.8873135393761405,1.6690434667345797,0.5117647058823529,0,39.64,-77.8,1,158
Washington,archery,2021,2,260,3,0.3657982087900109,0.832532779938774,0,1,69.70588235294117,81.12173660013268,-0.8424254132209028,3.0864380095197803,0.5235294117647059,0,39.64,-77.8,1,98
Washington,archery,2021,3,267,4,0.6028405542110136,0.8991990352197647,0,1,67.05882352941177,76.81346002429075,-0.25089831225527953,8.797879730816014,0.5352941176470588,0,39.64,-77.8,1,127
Washington,archery,2021,4,274,5,0.8398828996320162,0.23239728775488172,0,1,64.41176470588235,75.9791772826456,0.9570379243945893,0.9498047962651994,0.5470588235294118,0,39.64,-77.8,1,112
Washington,archery,2021,5,281,6,0.0769252450530189,0.05727515262110533,0,1,61.76470588235294,71.61300288950392,0.8569674701863604,7.55138782816179,0.5588235294117647,0,39.64,-77.8,1,69
Washington,archery,2021,6,288,7,0.31396759047402156,0.6955931336294042,1,0,59.11764705882353,73.49133719575613,0.8668573103166791,2.4606523516478935,0.5705882352941176,0,39.64,-77.8,1,121
Washington,archery,2021,7,295,8,0.5510099358950811,0.9745382394126643,1,0,56.470588235294116,68.86556894689033,-0.7683569326201564,3.1832930087775275,0.5823529411764706,0,39.64,-77.8,1,161
Washington,archery,2021,8,302,9,0.7880522813160837,0.3815909206638745,1,0,53.82352941176471,67.96540845656267,-3.202136845210486,7.371638112220137,0.5941176470588235,0,39.64,-77.8,1,113
Washington,archery,2021,9,309,10,0.0250946267370864,0.006202421614721398,1,0,51.17647058823529,63.44073138329623,-4.6845051755201865,0.6513230745535009,0.6058823529411765,0,39.64,-77.8,1,125
Washington,archery,2021,10,316,11,0.26213697215808907,0.5380924769328443,1,0,48.529411764705884,63.082529250190696,-2.776183260480073,5.926634502268921,0.6176470588235294,0,39.64,-77.8,1,136
Washington,archery,2021,11,323,12,0.49917931757909173,0.9999933526423657,1,0,45.882352941176464,62.69684939073474,-1.002141572723612,4.444282941952007,0.6294117647058823,0,39.64,-77.8,1,145
Washington,archery,2021,12,330,13,0.7362216630000944,0.5432318735019569,0,0,43.23529411764706,52.76111390094859,2.9672358041048077,3.5579804572054052,0.6411764705882353,0,39.64,-77.8,1,93
Washington,archery,2021,13,337,13,0.9732640084211539,0.007038348903326719,0,0,40.58823529411765,46.43884816798111,0.22693353862916055,3.241352660624322,0.6529411764705882,0,39.64,-77.8,1,114
Washington,archery,2021,14,344,13,0.21030635384215657,0.37658748839005973,0,0,37.94117647058824,48.15772991383099,0.9615415237219284,4.149988696872398,0.6647058823529411,0,39.64,-77.8,1,99
Washington,archery,2021,15,351,13,0.44734869926315923,0.9728884995454274,0,0,35.294117647058826,46.77281920126076,2.5806682434957864,5.59734146672105,0.6764705882352942,0,39.64,-77.8,1,108
Washington,archery,2021,16,358,13,0.6843910446841619,0.7003282342898121,0,0,32.64705882352941,48.72378999584983,-0.2938519848695108,4.35047834040593,0.6882352941176471,0,39.64,-77.8,1,95
Wicomico,rifle,2022,0,307,1,0.317433396426793,0.7055664580881861,1,0,75.0,90.99783277279965,4.737716434653356,5.61705247818899,0.5,0,38.33,-75.32,1,402
Wicomico,rifle,2022,1,314,2,0.5544757418477957,0.9709957344495006,1,0,69.375,82.66501056020113,-3.3333187481825814,2.852355355038827,0.525,0,38.33,-75.32,1,283
Wicomico,rifle,2022,2,321,3,0.7915180872687984,0.3710414047148724,1,0,63.75,77.60942631078865,1.2757376160657288,4.1365717096429195,0.55,0,38.33,-75.32,1,276
Wicomico,rifle,2022,3,328,4,0.02856043268980102,0.008029038701735935,0,0,58.125,69.29447987034523,1.257831145644262,1.3768361481760443,0.575,0,38.33,-75.32,1,315
Wicomico,rifle,2022,4,335,5,0.2656027781108037,0.5489390937279066,0,0,52.5,68.76658603945528,1.2714566122971087,3.644387837136419,0.6,0,38.33,-75.32,1,354
Wicomico,rifle,2022,5,342,6,0.5026451235318063,0.999930947140589,0,0,46.875,53.54416793138445,-4.733408935291521,3.2709574101930574,0.625,0,38.33,-75.32,1,200
Wicomico,rifle,2022,6,349,7,0.7396874689528659,0.5323751063979798,0,0,41.25,54.493380755922956,1.7022242343430594,5.302735527717014,0.65,0,38.33,-75.32,1,268
Wicomico,rifle,2022,7,356,8,0.9767298143738685,0.005334891863390645,0,0,35.625,48.8761023919078,-0.9429060921298126,7.045271825365895,0.675,0,38.33,-75.32,1,333
Wicomico,archery,2022,0,246,1,0.2517786720436561,0.5055877467084711,0,1,75.0,88.4675937846088,1.9748876109197047,2.6453469641489744,0.5,0,38.33,-75.32,1,82
Wicomico,archery,2022,1,253,2,0.4888210174646588,0.9987671059964716,0,1,72.3529411764706,91.04686054689645,-0.8073979264251484,2.479064701638879,0.5117647058823529,0,38.33,-75.32,1,88
Wicomico,archery,2022,2,260,3,0.7258633628856614,0.5755371536507978,0,1,69.70588235294117,77.33973714165889,-1.1814157599743111,1.742089787757004,0.5235294117647059,0,38.33,-75.32,1,77
Wicomico,archery,2022,3,267,4,0.962905708306721,0.013519077253484946,0,1,67.05882352941177,82.27705859549737,1.3126162577196872,3.6301309973220284,0.5352941176470588,0,38.33,-75.32,1,69
Wicomico,archery,2022,4,274,5,0.19994805372772362,0.34533630430196643,0,1,64.41176470588235,86.03034780540233,-0.8082523276779436,1.515978232093334,0.5470588235294118,0,38.33,-75.32,1,108
Wicomico,archery,2022,5,281,6,0.4369903991487263,0.96132473912524,0,1,61.76470588235294,75.2094044024443,-0.157079905682695,2.6584313331324267,0.5588235294117647,0,38.33,-75.32,1,72
Wicomico,archery,2022,6,288,7,0.674032744569729,0.7296985627629547,1,0,59.11764705882353,70.41606553518267,0.26685564943605566,2.8303269000721443,0.5705882352941176,0,38.33,-75.32,1,91
Wicomico,archery,2022,7,295,8,0.9110750899907316,0.07603593039923284,1,0,56.470588235294116,67.82660861983608,-0.33515532902836614,1.5749620915890157,0.5823529411764706,0,38.33,-75.32,1,89
Wicomico,archery,2022,8,302,9,0.14811743541173428,0.20134331532249478,1,0,53.82352941176471,67.04284253863172,1.1094292255153277,3.0164654613857222,0.5941176470588235,0,38.33,-75.32,1,110
Wicomico,archery,2022,9,309,10,0.3851597808327938,0.8753873020177728,1,0,51.17647058823529,62.89577683930864,-1.9438622465848328,7.4200900935759675,0.6058823529411765,0,38.33,-75.32,1,95
Wicomico,archery,2022,10,316,11,0.6222021262537965,0.8597137534098416,1,0,48.529411764705884,60.45681652588531,-1.4449236233660576,9.876826776749171,0.6176470588235294,0,38.33,-75.32,1,109
Wicomico,archery,2022,11,323,12,0.8592444716747991,0.1831204505031771,1,0,45.882352941176464,58.652954388434985,3.3783698694441004,1.5458032886572985,0.6294117647058823,0,38.33,-75.32,1,127
Wicomico,archery,2022,12,330,13,0.09628681709580178,0.08874551431299516,0,0,43.23529411764706,52.992525786219716,1.8680062945656266,0.6307712771910691,0.6411764705882353,0,38.33,-75.32,1,79
Wicomico,archery,2022,13,337,13,0.33332916251680444,0.7499886523776041,0,0,40.58823529411765,49.68079217719279,-0.6332486101901459,1.5729595525943947,0.6529411764705882,0,38.33,-75.32,1,101
Wicomico,archery,2022,14,344,13,0.570371507937864,0.9519153558029791,0,0,37.94117647058824,51.40063803583379,-2.3690383201556613,0.9382514721586651,0.6647058823529411,1,38.33,-75.32,1,86
Wicomico,archery,2022,15,351,13,0.8074138533588666,0.323515770366991,0,0,35.294117647058826,52.45118719144573,-0.4517468257946801,5.569400377121503,0.6764705882352942,0,38.33,-75.32,1,101
Wicomico,archery,2022,16,358,13,0.04445619877986928,0.019379331894285756,0,0,32.64705882352941,45.76242466246903,-0.34724137379541425,3.3646062379269948,0.6882352941176471,0,38.33,-75.32,1,108
Wicomico,rifle,2021,0,307,1,0.9573682423310856,0.017830680710972602,1,0,75.0,84.86780762914339,1.4740407305547918,8.418866401249813,0.5,0,38.33,-75.32,1,287
Wicomico,rifle,2021,1,314,2,0.1944105877520883,0.3288899828015325,1,0,69.375,79.28091625323965,-0.7296927898249851,0.6241836466499827,0.525,0,38.33,-75.32,1,235
Wicomico,rifle,2021,2,321,3,0.43145293317309097,0.9543381272781482,1,0,63.75,76.21558446490454,-2.901613184796537,1.6851181227196015,0.55,0,38.33,-75.32,1,397
Wicomico,rifle,2021,3,328,4,0.6684952785940936,0.745008505815151,0,0,58.125,67.55572984155559,-1.3655005513359506,0.8988697860739902,0.575,0,38.33,-75.32,1,220
Wicomico,rifle,2021,4,335,5,0.9055376240151531,0.08551271770022578,0,0,52.5,61.67388077569976,4.810656986303985,0.1524822706020008,0.6,0,38.33,-75.32,1,144
Wicomico,rifle,2021,5,342,6,0.1425799694361558,0.18757477990595367,0,0,46.875,61.97227435527196,-0.9132376995774081,4.678149079469246,0.625,0,38.33,-75.32,1,167
Wicomico,rifle,2021,6,349,7,0.37962231485715847,0.8636710505452458,0,0,41.25,58.145983954034534,3.469571984221473,3.692739054233317,0.65,0,38.33,-75.32,1,209
Wicomico,rifle,2021,7,356,8,0.6166646602781611,0.8715766304102717,0,0,35.625,48.859925105361356,0.26151205920838805,8.294037909228638,0.675,0,38.33,-75.32,1,298
Wicomico,archery,2021,0,246,1,0.8917135179479487,0.11133440792525257,0,1,75.0,80.5583872407128,-2.2579490630833545,3.738611206869366,0.5,0,38.33,-75.32,1,57
Wicomico,archery,2021,1,253,2,0.1287558633689514,0.15488770850156242,0,1,72.3529411764706,84.69884114130113,-0.2790560961226049,3.549883575477126,0.5117647058823529,0,38.33,-75.32,1,80
Wicomico,archery,2021,2,260,3,0.3657982087900109,0.832532779938774,0,1,69.70588235294117,75.0216393005015,0.49096346622400955,0.7891680600120993,0.5235294117647059,0,38.33,-75.32,1,60
Wicomico,archery,2021,3,267,4,0.6028405542110136,0.8991990352197647,0,1,67.05882352941177,81.31303155148827,-2.1272457563723277,2.1319636707902845,0.5352941176470588,0,38.33,-75.32,1,69
Wicomico,archery,2021,4,274,5,0.8398828996320162,0.23239728775488172,0,1,64.41176470588235,75.9511886156896,-2.9902748276204507,6.366192975354815,0.5470588235294118,0,38.33,-75.32,1,62
Wicomico,archery,2021,5,281,6,0.0769252450530189,0.05727515262110533,0,1,61.76470588235294,68.81451304799154,-0.8246282470262088,3.135598210036472,0.5588235294117647,0,38.33,-75.32,1,39
Wicomico,archery,2021,6,288,7,0.31396759047402156,0.6955931336294042,1,0,59.11764705882353,69.50004675681832,2.5052087260813756,2.7645747580802316,0.5705882352941176,0,38.33,-75.32,1,82
Wicomico,archery,2021,7,295,8,0.5510099358950811,0.9745382394126643,1,0,56.470588235294116,68.18088759394726,-3.6258470229977586,5.861432195477819,0.5823529411764706,0,38.33,-75.32,1,75
Wicomico,archery,2021,8,302,9,0.7880522813160837,0.3815909206638745,1,0,53.82352941176471,67.5738221326658,-0.8623345762411319,5.679113943381896,0.5941176470588235,0,38.33,-75.32,1,92
Wicomico,archery,2021,9,309,10,0.0250946267370864,0.006202421614721398,1,0,51.17647058823529,67.66956733701136,1.2772116511461125,3.250111476848846,0.6058823529411765,0,38.33,-75.32,1,67
Wicomico,archery,2021,10,316,11,0.26213697215808907,0.5380924769328443,1,0,48.529411764705884,61.68298946375566,-0.46274084004126176,6.583805462059224,0.6176470588235294,0,38.33,-75.32,1,88
Wicomico,archery,2021,11,323,12,0.49917931757909173,0.9999933526423657,1,0,45.882352941176464,60.3948668091042,2.274573181723154,3.6354383456176707,0.6294117647058823,0,38.33,-75.32,1,61
Wicomico,archery,2021,12,330,13,0.7362216630000944,0.5432318735019569,0,0,43.23529411764706,50.110384585876496,-2.331380009037811,2.1568915986514345,0.6411764705882353,1,38.33,-75.32,1,81
Wicomico,archery,2021,13,337,13,0.9732640084211539,0.007038348903326719,0,0,40.58823529411765,49.77399962521559,-0.21029453213292698,5.918265553240176,0.6529411764705882,0,38.33,-75.32,1,65
Wicomico,archery,2021,14,344,13,0.21030635384215657,0.37658748839005973,0,0,37.94117647058824,52.47047612982809,1.6380873801776359,0.9993232816029942,0.6647058823529411,0,38.33,-75.32,1,101
Wicomico,archery,2021,15,351,13,0.44734869926315923,0.9728884995454274,0,0,35.294117647058826,48.22780808345367,2.9591245629809153,11.144187973117155,0.6764705882352942,0,38.33,-75.32,1,62
Wicomico,archery,2021,16,358,13,0.6843910446841619,0.7003282342898121,0,0,32.64705882352941,45.09784543694638,-0.9417239146357814,3.1646677689143754,0.6882352941176471,0,38.33,-75.32,1,92
Worcester,rifle,2022,0,307,1,0.317433396426793,0.7055664580881861,1,0,75.0,84.91137905005587,3.8386680976172434,3.2528492664508755,0.5,0,38.16,-75.36,1,255
Worcester,rifle,2022,1,314,2,0.5544757418477957,0.9709957344495006,1,0,69.375,80.0559375054571,-2.06896000024674,5.5629051932434095,0.525,0,38.16,-75.36,1,147
Worcester,rifle,2022,2,321,3,0.7915180872687984,0.3710414047148724,1,0,63.75,76.67490849577652,1.3680719405873483,6.979747132676026,0.55,0,38.16,-75.36,1,223
Worcester,rifle,2022,3,328,4,0.02856043268980102,0.008029038701735935,0,0,58.125,69.15378292716818,-0.3432901512222628,0.7980184345933131,0.575,0,38.16,-75.36,1,248
Worcester,rifle,2022,4,335,5,0.2656027781108037,0.5489390937279066,0,0,52.5,60.892242987892665,-0.08107742109757275,4.889828564017287,0.6,0,38.16,-75.36,1,258
Worcester,rifle,2022,5,342,6,0.5026451235318063,0.999930947140589,0,0,46.875,63.619196209459076,-3.4356666455598184,0.24826385412088717,0.625,0,38.16,-75.36,1,306
Worcester,rifle,2022,6,349,7,0.7396874689528659,0.5323751063979798,0,0,41.25,56.51159599608433,-1.0782621073539609,4.200625414971082,0.65,0,38.16,-75.36,1,123
Worcester,rifle,2022,7,356,8,0.9767298143738685,0.005334891863390645,0,0,35.625,46.01064864447094,-0.5573588039223523,8.544743973019026,0.675,0,38.16,-75.36,1,238
Worcester,archery,2022,0,246,1,0.2517786720436561,0.5055877467084711,0,1,75.0,85.43757302595264,0.757597550351672,5.711094257160628,0.5,0,38.16,-75.36,1,52
Worcester,archery,2022,1,253,2,0.4888210174646588,0.9987671059964716,0,1,72.3529411764706,85.334186744765,1.5787269952689291,2.9326866915904803,0.5117647058823529,0,38.16,-75.36,1,65
Worcester,archery,2022,2,260,3,0.7258633628856614,0.5755371536507978,0,1,69.70588235294117,84.3689991842049,0.2789167491160151,2.6031551570591263,0.5235294117647059,0,38.16,-75.36,1,100
Worcester,archery,2022,3,267,4,0.962905708306721,0.013519077253484946,0,1,67.05882352941177,79.06019519472751,0.6951345314196016,7.52063456741653,0.5352941176470588,0,38.16,-75.36,1,65
Worcester,archery,2022,4,274,5,0.19994805372772362,0.34533630430196643,0,1,64.41176470588235,75.23475552635271,0.9796219262608419,0.9519938728309604,0.5470588235294118,0,38.16,-75.36,1,73
Worcester,archery,2022,5,281,6,0.4369903991487263,0.96132473912524,0,1,61.76470588235294,78.60131547818222,1.9052652202211156,9.714544907560011,0.5588235294117647,0,38.16,-75.36,1,105
Worcester,archery,2022,6,288,7,0.674032744569729,0.7296985627629547,1,0,59.11764705882353,76.76840348494443,-0.19177459480978223,13.36086340215668,0.5705882352941176,0,38.16,-75.36,1,69
Worcester,archery,2022,7,295,8,0.9110750899907316,0.07603593039923284,1,0,56.470588235294116,68.0570983750895,2.6223223500610633,2.3663920014672906,0.5823529411764706,0,38.16,-75.36,1,98
Worcester,archery,2022,8,302,9,0.14811743541173428,0.20134331532249478,1,0,53.82352941176471,67.46854488025585,0.0007631136174830084,3.7477840643955793,0.5941176470588235,0,38.16,-75.36,1,64
Worcester,archery,2022,9,309,10,0.3851597808327938,0.8753873020177728,1,0,51.17647058823529,58.486606848688865,-2.092134772293578,1.70532367785717,0.6058823529411765,0,38.16,-75.36,1,97
Worcester,archery,2022,10,316,11,0.6222021262537965,0.8597137534098416,1,0,48.529411764705884,58.207646620477796,1.1591102284570602,0.7061994565521847,0.6176470588235294,0,38.16,-75.36,1,82
Worcester,archery,2022,11,323,12,0.8592444716747991,0.1831204505031771,1,0,45.882352941176464,61.37453229938327,5.000736378796375,2.3838449779406017,0.6294117647058823,0,38.16,-75.36,1,79
Worcester,archery,2022,12,330,13,0.09628681709580178,0.08874551431299516,0,0,43.23529411764706,56.287631221668434,1.8014160209613912,3.9235351396256424,0.6411764705882353,0,38.16,-75.36,1,67
Worcester,archery,2022,13,337,13,0.33332916251680444,0.7499886523776041,0,0,40.58823529411765,55.44650909785487,-0.6993580506777388,3.0667894701551948,0.6529411764705882,0,38.16,-75.36,1,62
Worcester,archery,2022,14,344,13,0.570371507937864,0.9519153558029791,0,0,37.94117647058824,47.36314804808249,0.1621025838086213,2.6632302808270882,0.6647058823529411,0,38.16,-75.36,1,101
Worcester,archery,2022,15,351,13,0.8074138533588666,0.323515770366991,0,0,35.294117647058826,47.69995484570694,2.1647398592551883,6.103287881015346,0.6764705882352942,0,38.16,-75.36,1,78
Worcester,archery,2022,16,358,13,0.04445619877986928,0.019379331894285756,0,0,32.64705882352941,47.39454537442736,0.5372083737684692,3.5686070186402317,0.6882352941176471,0,38.16,-75.36,1,56
Worcester,rifle,2021,0,307,1,0.9573682423310856,0.017830680710972602,1,0,75.0,90.19983398207215,-3.09319462758121,6.2735116730317735,0.5,0,38.16,-75.36,1,209
Worcester,rifle,2021,1,314,2,0.1944105877520883,0.3288899828015325,1,0,69.375,82.05178822277273,-0.3705707982521814,0.7451243842122293,0.525,0,38.16,-75.36,1,218
Worcester,rifle,2021,2,321,3,0.43145293317309097,0.9543381272781482,1,0,63.75,72.36139617461977,0.18456706824867303,2.0384770747993564,0.55,0,38.16,-75.36,1,231
Worcester,rifle,2021,3,328,4,0.6684952785940936,0.745008505815151,0,0,58.125,68.7277015169793,-3.9028161748222607,4.884747091852193,0.575,0,38.16,-75.36,1,198
Worcester,rifle,2021,4,335,5,0.9055376240151531,0.08551271770022578,0,0,52.5,65.44086762989292,0.5138318488240601,4.5520855851878155,0.6,0,38.16,-75.36,1,230
Worcester,rifle,2021,5,342,6,0.1425799694361558,0.18757477990595367,0,0,46.875,53.660903908131196,-0.45440126713877266,2.6969777007281257,0.625,0,38.16,-75.36,1,170
Worcester,rifle,2021,6,349,7,0.37962231485715847,0.8636710505452458,0,0,41.25,53.33453948754706,2.591413204090178,4.56778321851764,0.65,0,38.16,-75.36,1,172
Worcester,rifle,2021,7,356,8,0.6166646602781611,0.8715766304102717,0,0,35.625,50.440661184565194,0.4300749406830186,1.575052028675073,0.675,0,38.16,-75.36,1,263
Worcester,archery,2021,0,246,1,0.8917135179479487,0.11133440792525257,0,1,75.0,84.58767366931482,-0.4330974809228515,4.317683234381732,0.5,0,38.16,-75.36,1,65
Worcester,archery,2021,1,253,2,0.1287558633689514,0.15488770850156242,0,1,72.3529411764706,84.52196258506493,4.778869797064904,8.84815853739096,0.5117647058823529,0,38.16,-75.36,1,72
Worcester,archery,2021,2,260,3,0.3657982087900109,0.832532779938774,0,1,69.70588235294117,84.95781169517893,-0.11564017018239275,6.314645368617946,0.5235294117647059,0,38.16,-75.36,1,80
Worcester,archery,2021,3,267,4,0.6028405542110136,0.8991990352197647,0,1,67.05882352941177,80.46730259802663,1.7096778383390197,1.8084636392966047,0.5352941176470588,0,38.16,-75.36,1,77
Worcester,archery,2021,4,274,5,0.8398828996320162,0.23239728775488172,0,1,64.41176470588235,80.88091654962287,1.8866191954494038,9.532533684140365,0.5470588235294118,0,38.16,-75.36,1,77
Worcester,archery,2021,5,281,6,0.0769252450530189,0.05727515262110533,0,1,61.76470588235294,75.1716579427604,-2.2841225126520746,1.566792035777512,0.5588235294117647,0,38.16,-75.36,1,43
Worcester,archery,2021,6,288,7,0.31396759047402156,0.6955931336294042,1,0,59.11764705882353,73.31454099565819,1.2444734123671675,4.350416392451689,0.5705882352941176,0,38.16,-75.36,1,75
Worcester,archery,2021,7,295,8,0.5510099358950811,0.9745382394126643,1,0,56.470588235294116,72.52277753845826,-3.2443899564853456,9.299267445129624,0.5823529411764706,0,38.16,-75.36,1,61
Worcester,archery,2021,8,302,9,0.7880522813160837,0.3815909206638745,1,0,53.82352941176471,63.676176585692055,-0.20894033260638123,4.225623337455443,0.5941176470588235,0,38.16,-75.36,1,75
Worcester,archery,2021,9,309,10,0.0250946267370864,0.006202421614721398,1,0,51.17647058823529,59.44602747718152,-1.0099271803045842,8.271524790895525,0.6058823529411765,0,38.16,-75.36,1,72
Worcester,archery,2021,10,316,11,0.26213697215808907,0.5380924769328443,1,0,48.529411764705884,64.83010672329655,-1.9880998169954358,0.6495802271275307,0.6176470588235294,0,38.16,-75.36,1,83
Worcester,archery,2021,11,323,12,0.49917931757909173,0.9999933526423657,1,0,45.882352941176464,52.8713958073886,2.2388398172858492,5.343614260047799,0.6294117647058823,0,38.16,-75.36,1,74
Worcester,archery,2021,12,330,13,0.7362216630000944,0.5432318735019569,0,0,43.23529411764706,52.65681437522301,-1.546867975158006,3.5670163616327617,0.6411764705882353,0,38.16,-75.36,1,53
Worcester,archery,2021,13,337,13,0.9732640084211539,0.007038348903326719,0,0,40.58823529411765,52.30902061292,-5.132426259372012,4.0132128695508875,0.6529411764705882,1,38.16,-75.36,1,67
Worcester,archery,2021,14,344,13,0.21030635384215657,0.37658748839005973,0,0,37.94117647058824,43.62844946730006,-1.775760093023378,6.184469297238068,0.6647058823529411,0,38.16,-75.36,1,73
Worcester,archery,2021,15,351,13,0.44734869926315923,0.9728884995454274,0,0,35.294117647058826,45.533217005085945,-0.11190060556335985,5.22669596578887,0.6764705882352942,0,38.16,-75.36,1,66
Worcester,archery,2021,16,358,13,0.6843910446841619,0.7003282342898121,0,0,32.64705882352941,42.29413329048059,-0.42369026114477437,1.2721073792178172,0.6882352941176471,0,38.16,-75.36,1,73
Somerset,archery,2021,5,279,6,0.009198860647018137,0.0008349239524686469,0,1,61.98347107438016,71.8419539393191,-2.746130272252262,9.396461900263072,0.5848429068937765,0,38.18,-75.71,0,16
Washington,archery,2022,14,347,13,0.6719610845468651,0.7354598248849504,0,0,38.55371900826446,51.384993352116936,-0.176048731706395,10.172019581419201,0.686511671321658,0,39.64,-77.8,0,17
Cecil,firearms,2022,4,333,5,0.19787639370480292,0.3391604657199333,0,0,54.0,66.82122527450542,-0.3329612943946327,3.1822971557517983,0.2243605673781837,0,39.67,-75.96,0,13
Dorchester,firearms,2021,0,309,1,0.0250946267370864,0.006202421614721398,1,0,75.0,85.502411427949,0.08814559752550444,1.806639342557852,0.17339411571322308,0,38.47,-75.87,0,14
Caroline,firearms,2020,7,359,8,0.32432589058851136,0.7251062660968253,0,0,38.25,51.751239527683616,-0.19594732850255217,6.359483727702795,0.08531017802831324,0,38.89,-75.81,0,21
Cecil,archery,2022,6,291,7,0.7756223211787301,0.4198523609763214,1,0,59.3801652892562,72.39103096861086,2.1695705676222685,7.740960593093404,0.5352293031438177,0,39.67,-75.96,0,11
Anne Arundel,archery,2023,16,356,13,0.3367949684695759,0.7593581938712347,0,0,33.34710743801653,46.870395626247564,-0.07755475850829184,2.85622585830654,0.5532493817424496,0,38.97,-76.55,0,16
Prince George,firearms,2023,6,346,7,0.9981630464395153,3.330360741893301e-05,0,0,43.5,56.31362970652081,0.34314134862977436,9.276013679690596,0.09390678010469901,0,38.81,-76.78,0,18
Queen Anne,firearms,2020,6,347,7,0.91796758415245,0.06495830975515599,0,0,43.5,55.45464754789996,-5.385087015691436,5.381613272909971,0.6125754275558103,1,39.08,-75.94,0,16
Kent,archery,2021,13,340,13,0.07485358503015505,0.05428810163070513,0,0,41.15702479338843,54.384595661060885,3.719928001828903,3.338584624738934,0.7434167114360384,0,39.15,-75.73,0,13
Cecil,firearms,2022,0,304,1,0.21584381981773504,0.3935169951394357,1,0,75.0,91.07779846438356,-1.2162239553631276,4.481580544119482,0.679506011273109,0,39.67,-75.96,0,17
Harford,archery,2021,0,248,1,0.9594399023539495,0.01614901183408407,0,1,75.0,94.21379535303669,2.2081430110930698,0.8225970510292826,0.2061833000819586,0,39.54,-76.22,0,9
Baltimore,archery,2023,6,286,7,0.9663715142594356,0.011119826355261986,1,0,59.3801652892562,74.54235351309437,-2.572201910609944,1.777155928939975,0.1685230115678768,0,39.27,-76.67,0,11
St Mary,firearms,2020,6,350,7,0.019557160761451087,0.0037702036353516877,0,0,43.5,58.10227183552717,-1.6792637467333325,1.1030724415732807,0.04122453304674027,0,38.27,-76.8,0,18
Harford,archery,2022,16,361,13,0.14604577538887042,0.19614904559731883,0,0,33.34710743801653,44.591149924356685,-1.78571866232075,2.3550599204392157,0.3327077668093228,0,39.54,-76.22,0,16
Calvert,firearms,2020,0,309,1,0.6311662804383786,0.8395934619907948,1,0,75.0,82.91855998944517,0.2111754378479555,10.583472908446954,0.400870636404215,0,38.45,-76.47,0,13
St Mary,muzzleloader,2023,7,358,8,0.40452135287557667,0.9126932054467352,0,0,38.25,50.20329065166071,-4.459191537105141,2.7149342035982045,0.5514203917806175,1,38.27,-76.8,0,16
Anne Arundel,firearms,2020,2,322,3,0.07138777907744043,0.04945997736477109,1,0,64.5,76.36474712734612,-0.9872814338001652,4.803291536154661,0.4379398646450332,0,38.97,-76.55,0,9
Talbot,muzzleloader,2022,3,326,4,0.9608340482838003,0.01506344518295022,0,0,59.25,73.07854399002808,4.037561199360931,3.6374493943480064,0.051943778072792435,0,38.73,-76.24,0,12
Caroline,firearms,2023,6,350,7,0.13361581525151678,0.16609472221326332,0,0,43.5,55.472614275258394,-1.239432305874409,8.409984959953297,0.6737156952109824,0,38.89,-75.81,0,22
Kent,firearms,2022,5,341,6,0.46878193132880597,0.9904122008618323,0,0,48.75,65.22330063947341,-2.3411619898013893,8.100865270591216,0.3015954730141163,0,39.15,-75.73,0,15
Baltimore,muzzleloader,2021,4,338,5,0.007127200624154284,0.0005012624065353077,0,0,54.0,63.59835063756022,2.43984993720173,2.184632481804959,0.23704404252006347,0,39.27,-76.67,0,17
Somerset,archery,2020,3,269,4,0.27663859231830656,0.5832974090185145,0,1,67.19008264462809,73.84338703466823,-2.0396735969494055,1.656312775877269,0.13531484999736257,0,38.18,-75.71,0,12
Baltimore,firearms,2023,0,309,1,0.7452249349284443,0.5149990588612463,1,0,75.0,92.30775024278564,2.754990044628608,0.32480604181587125,0.6582539550830145,0,39.27,-76.67,0,10
Worcester,archery,2021,12,331,13,0.7700848552031516,0.43706891372109435,0,0,43.760330578512395,55.17964421538943,-1.0463762434312571,1.7068436524937467,0.729586973699453,0,38.16,-75.36,0,8
Howard,firearms,2022,2,324,3,0.8931076638777995,0.10859403495877668,0,0,64.5,80.01204255157955,-0.8511295330089829,3.804376641074454,0.32831107729005937,0,39.2,-76.81,0,18
Caroline,archery,2021,14,341,13,0.10871677723315543,0.11218624105563396,0,0,38.55371900826446,49.44516336675481,-1.599817458971481,7.281975765906874,0.9045695110663071,0,38.89,-75.81,0,15
St Mary,firearms,2022,2,321,3,0.7915180872687984,0.3710414047148724,1,0,64.5,74.39828131273372,-1.5341255733074435,2.241076880787813,0.5303497778902029,0,38.27,-76.8,0,13
Somerset,firearms,2022,5,342,6,0.5026451235318063,0.999930947140589,0,0,48.75,63.358812880091,0.1181256190573867,2.506481596375167,0.1845078629568412,0,38.18,-75.71,0,21
Wicomico,muzzleloader,2021,4,337,5,0.9732640084211539,0.007038348903326719,0,0,54.0,65.27459672709196,-0.05616710471602669,1.5900648132680182,0.23540960362628696,0,38.33,-75.32,0,14
Anne Arundel,archery,2021,10,319,11,0.3637265487670902,0.8276444370994818,1,0,48.966942148760324,59.469380377097956,3.4709670920076743,3.202300320623271,0.6072166616160177,0,38.97,-76.55,0,15
Somerset,muzzleloader,2023,0,308,1,0.711361742725444,0.6201968043161783,1,0,75.0,88.52662934684464,-3.778320459428131,1.9730947263926024,0.37784070861202945,0,38.18,-75.71,0,18
Prince George,firearms,2022,3,331,4,0.13015000929880216,0.15807013868641906,0,0,59.25,77.52457208329204,-2.440516680133082,4.060487951824331,0.5427791935136308,0,38.81,-76.78,0,12
St Mary,archery,2020,12,330,13,0.3422933167014435,0.7739684756451792,0,0,43.760330578512395,55.87805252346273,-1.1937227977449538,4.780416613220351,0.2232238608841102,0,38.27,-76.8,0,20
Queen Anne,muzzleloader,2023,5,345,6,0.9642998542365149,0.012526161015673276,0,0,48.75,59.74463392930696,2.3190098201185965,2.927179310912256,0.2568237328550409,0,39.08,-75.94,0,18
Queen Anne,firearms,2023,2,324,3,0.2531728179735069,0.5099670414220309,0,0,64.5,75.39491975698468,1.232320063405179,7.2468455035964885,0.37689203591889686,0,39.08,-75.94,0,17
Prince George,archery,2021,5,280,6,0.04306205285001852,0.018190228627506577,0,1,61.98347107438016,75.96476473213079,0.9297771831758926,3.634054428986778,0.14737060547807748,0,38.81,-76.78,0,21
Worcester,archery,2023,11,323,12,0.2193096257705065,0.40417977295631147,1,0,46.36363636363636,58.3688454616229,2.93021972967354,15.535819083758005,0.34765177054696295,0,38.16,-75.36,0,23
Anne Arundel,firearms,2022,5,344,6,0.570371507937864,0.9519153558029791,0,0,48.75,64.3704966342669,-0.0853539768183873,4.121439705827423,0.174640196996326,0,38.97,-76.55,0,19
Caroline,archery,2022,8,303,9,0.18198062761473466,0.29275682185859175,1,0,54.17355371900827,64.85774872321426,-0.5998023175841023,1.0125843023572838,0.22782788427959583,0,38.89,-75.81,0,22
Calvert,archery,2020,15,352,13,0.08728354516745185,0.07332500643782397,0,0,35.950413223140494,49.43689053420793,-1.639091625483707,4.505327153097228,0.6762857478153397,0,38.45,-76.47,0,13
Cecil,archery,2021,1,256,2,0.23034543997800938,0.43841020430197053,0,1,72.39669421487604,83.86980177115073,-1.5171255615461832,4.766992066316819,0.3458426289546029,0,39.67,-75.96,0,11
Baltimore,firearms,2021,2,318,3,0.3298633565640898,0.7405005691280675,1,0,64.5,74.20428398657901,3.2319380878555144,6.347899163634659,0.23030892646341752,0,39.27,-76.67,0,17
Caroline,archery,2023,14,344,13,0.9304366620335145,0.04700408717567256,0,0,38.55371900826446,48.772438038888524,-1.305649921619938,4.642643424896813,0.13739451954893503,0,38.89,-75.81,0,11
Harford,muzzleloader,2023,1,317,2,0.016130472552504216,0.0025657960927092938,1,0,69.75,80.13964479734582,3.005915920624169,5.375619480954983,0.21626693159988478,0,39.54,-76.22,0,9
Frederick,firearms,2023,7,357,8,0.3706581606725763,0.8437778906032096,0,0,38.25,49.59033327309222,-3.4787539147278124,8.863035232230093,0.6485002872991049,1,39.41,-77.41,0,10
Baltimore,firearms,2023,0,305,1,0.6097721661164428,0.8857124698820362,1,0,75.0,88.27469768639567,-1.4196879775598668,5.802290079375534,0.3243306884950965,0,39.27,-76.67,0,22
Prince George,firearms,2021,5,340,6,0.07485358503015505,0.05428810163070513,0,0,48.75,57.86535682567015,0.07537728853745344,6.654715003457027,0.22589758428550247,0,38.81,-76.78,0,9
Howard,firearms,2023,6,350,7,0.13361581525151678,0.16609472221326332,0,0,43.5,58.9168050292087,-1.571061576317723,2.502824249766331,0.4893529183362385,0,39.2,-76.81,0,17
Dorchester,firearms,2021,6,346,7,0.27803273824815733,0.5876127903135057,0,0,43.5,56.589799887868296,-3.0492784387176237,2.4459866366387044,0.2628492863492627,1,38.47,-75.87,0,14
Cecil,firearms,2020,0,307,1,0.5634398960323779,0.9608017413382368,1,0,75.0,82.86273513555078,-0.24065200554023275,6.237654397017177,0.24525328254302597,0,39.67,-75.96,0,13
Caroline,archery,2023,12,329,13,0.4224887789885088,0.9418663185557674,0,0,43.760330578512395,53.62120102878957,0.09771910740579927,13.361365567262022,0.043705114567455065,0,38.89,-75.81,0,20
Talbot,archery,2021,14,344,13,0.21030635384215657,0.37658748839005973,0,0,38.55371900826446,48.413287828345254,-0.11790581985720101,4.136690196071695,0.5368655301555972,0,38.73,-76.24,0,15
Worcester,firearms,2023,7,356,8,0.3367949684695759,0.7593581938712347,0,0,38.25,46.99684678933334,-1.511869047913855,7.986513915982706,0.02025351008650684,0,38.16,-75.36,0,15
Prince George,muzzleloader,2022,3,327,4,0.9946972404868006,0.0002775002843988239,0,0,59.25,72.90641735644705,1.1751847306130068,5.5680112389469665,0.4459660134110123,0,38.81,-76.78,0,18
Washington,muzzleloader,2022,6,346,7,0.6380978923438647,0.8232934396566942,0,0,43.5,55.39755875923335,1.1909340377385105,3.5443683503706302,0.18996544952459027,0,39.64,-77.8,0,21
Somerset,archery,2021,7,292,8,0.4494203592860231,0.9749623872655642,1,0,56.77685950413223,64.98930595874435,2.311016869263141,4.807594340617619,0.2685736097599311,0,38.18,-75.71,0,13
Wicomico,firearms,2023,6,350,7,0.13361581525151678,0.16609472221326332,0,0,43.5,57.037464647537085,-1.5364803838617604,0.830930978365263,0.7104298670529082,0,38.33,-75.32,0,9
Dorchester,archery,2023,3,270,4,0.42456043901137264,0.9448746385174983,0,1,67.19008264462809,79.65586816820176,1.2329707583681802,2.3146551245700646,0.706802102635018,0,38.47,-75.87,0,16
Garrett,archery,2021,0,247,1,0.9255767101509491,0.05367712979116346,0,1,75.0,91.29270202970979,1.2711001230044032,2.5955904090918254,0.4358263601448749,0,39.31,-79.48,0,21
Somerset,archery,2020,2,259,3,0.9380066702883028,0.03745343859320743,0,1,69.79338842975207,74.70391516022644,0.681338131344556,6.688457766342939,0.827533838909002,0,38.18,-75.71,0,15
Washington,firearms,2022,0,305,1,0.24970701202079226,0.4990795516368163,1,0,75.0,92.63602305107014,0.4988806113450649,0.7358360221756681,0.3405385546862747,0,39.64,-77.8,0,18
Dorchester,muzzleloader,2020,6,348,7,0.9518307763554503,0.022725914210856735,0,0,43.5,55.13920602516346,1.0421812932779446,0.9541897243101254,0.1979726322959872,0,38.47,-75.87,0,10
Carroll,archery,2022,12,330,13,0.09628681709580178,0.08874551431299516,0,0,43.760330578512395,59.92041338625517,1.3990305523110595,3.3053423908455466,0.31874025070129486,0,39.61,-77.14,0,14
Harford,firearms,2021,0,310,1,0.05895781894008678,0.03391645296232043,1,0,75.0,83.56673703139334,-2.4589552968885764,9.30278308300015,0.471596250846875,0,39.54,-76.22,0,18
St Mary,archery,2023,10,313,11,0.8806777037404458,0.13406154697074069,1,0,48.966942148760324,62.85713041068143,-1.7686942728068853,2.52235982636618,0.6119085815356352,0,38.27,-76.8,0,14
Harford,muzzleloader,2023,1,316,2,0.9822672803495038,0.003100281428026097,1,0,69.75,84.19660131162652,4.896195445584809,13.18387945025917,0.8106676225107883,0,39.54,-76.22,0,8
Kent,firearms,2021,6,351,7,0.44734869926315923,0.9728884995454274,0,0,43.5,55.70489872950606,-2.549448984638024,6.851892417930946,0.08592695682435905,1,39.15,-75.73,0,21
Harford,muzzleloader,2023,3,328,4,0.3886255867855084,0.882489991476479,0,0,59.25,71.76072484627979,4.8449752632504826,4.362185969746756,0.7522188467406069,0,39.54,-76.22,0,18
Frederick,archery,2020,12,328,13,0.2745669322954427,0.5768731725833118,0,0,43.760330578512395,61.78627592402448,-0.7722186911434279,1.990549089343741,0.62248120074902,0,39.41,-77.41,0,12
St Mary,archery,2023,11,324,12,0.2531728179735069,0.5099670414220309,0,0,46.36363636363636,60.13093531286545,1.1194635418095051,5.601965468782373,0.21843654815089542,0,38.27,-76.8,0,22
Dorchester,firearms,2023,6,346,7,0.9981630464395153,3.330360741893301e-05,0,0,43.5,52.16511084920935,7.897935509605722,6.591908857516765,0.49296093036655764,0,38.47,-75.87,0,19
Wicomico,firearms,2021,6,352,7,0.4812118914661596,0.9965201424913652,0,0,43.5,56.792732438939446,2.6025067802546817,3.226470420570013,0.5552045036039275,0,38.33,-75.32,0,16
Washington,archery,2020,1,256,2,0.8364170936793016,0.24165746754097145,0,1,72.39669421487604,88.83243918272916,-0.9572270918134459,5.874118390189362,0.1889926504946655,0,39.64,-77.8,0,17
Carroll,firearms,2020,1,316,2,0.8682086258593813,0.16185050720258848,1,0,69.75,83.15516781779675,1.1528047013184513,2.985388894772223,0.07712787463172012,0,39.61,-77.14,0,12
St Mary,firearms,2022,4,333,5,0.19787639370480292,0.3391604657199333,0,0,54.0,65.62940671072431,0.09107126092781308,4.254822507395154,0.6093926377243224,0,38.27,-76.8,0,20
Frederick,firearms,2022,7,353,8,0.8751402377648674,0.14613521671136726,0,0,38.25,49.23867116394932,0.43509929554877996,3.586048263418623,0.36300735559427005,0,39.41,-77.41,0,13
Caroline,archery,2022,12,330,13,0.09628681709580178,0.08874551431299516,0,0,43.760330578512395,64.42032209599277,-2.176105043337105,10.973185993386194,0.19143855817206795,1,38.89,-75.81,0,15
Frederick,archery,2022,12,332,13,0.16401320150180254,0.24281579883258614,0,0,43.760330578512395,52.210230886875955,0.5648430844156823,3.7090507784164206,0.4236459650986732,0,39.41,-77.41,0,9
Montgomery,archery,2023,10,316,11,0.9822672803495038,0.003100281428026097,1,0,48.966942148760324,63.063781309593125,-4.314632310842851,10.242350507984005,0.4259066097045635,0,39.15,-77.27,0,9
Somerset,archery,2020,0,250,1,0.6332379404612709,0.834787952833359,0,1,75.0,83.7716493194948,-3.451583294357432,5.82382763325984,0.41615669225274077,0,38.18,-75.71,0,17
Caroline,firearms,2020,5,341,6,0.7147884309344477,0.6097201807013685,0,0,48.75,59.6456387674642,1.577702458621183,3.9350605147939577,0.5600301831793398,0,38.89,-75.81,0,9
Caroline,firearms,2021,3,327,4,0.6346320863910933,0.8315220528042181,0,0,59.25,72.83182591009091,-0.8261424697985177,4.094442529543653,0.5875208841707535,0,38.89,-75.81,0,12
Baltimore,muzzleloader,2022,3,325,4,0.9269708560807999,0.051720027324518913,0,0,59.25,66.035335522393,0.053528828405945056,1.7370726076263203,0.4469615679680697,0,39.27,-76.67,0,18
Dorchester,muzzleloader,2022,3,328,4,0.02856043268980102,0.008029038701735935,0,0,59.25,73.38374543977858,3.944217892523269,21.026247783143102,0.07786215946252699,0,38.47,-75.87,0,13
Howard,firearms,2022,2,324,3,0.8931076638777995,0.10859403495877668,0,0,64.5,81.3569333038354,-0.9489910648015334,14.326934892434577,0.3112136860150508,0,39.2,-76.81,0,19
Talbot,archery,2020,13,337,13,0.5793356621224461,0.9391549779788191,0,0,41.15702479338843,52.279017134083205,3.2144691508186494,8.201514113855477,0.12437094051524698,0,38.73,-76.24,0,23
Queen Anne,firearms,2022,0,306,1,0.28357020422379264,0.604683620352584,1,0,75.0,84.65654831040281,0.5997238703077399,0.8083870201315904,0.26441858603982366,0,39.08,-75.94,0,21
Washington,archery,2023,15,353,13,0.23520539186051792,0.4535882762293305,0,0,35.950413223140494,46.72376706965893,-1.4743056358970985,3.137159614924906,0.4833613248049185,0,39.64,-77.8,0,21
Somerset,archery,2023,13,337,13,0.6933943166125118,0.6741064420555488,0,0,41.15702479338843,56.433954847487655,0.9149611692243471,3.1738676788549576,0.5647886676341026,0,38.18,-75.71,0,25
St Mary,firearms,2021,5,339,6,0.040990392827154665,0.01649156755456055,0,0,48.75,59.46215251471479,0.849423647783667,5.634975041097898,0.6497261063254514,0,38.27,-76.8,0,14
Caroline,archery,2022,7,294,8,0.8772118977877312,0.14156730959588232,1,0,56.77685950413223,68.04970758261294,0.9133758306454782,3.163866060942347,0.2835930087022657,0,38.89,-75.81,0,17
Caroline,firearms,2020,2,322,3,0.07138777907744043,0.04945997736477109,1,0,64.5,74.68593917982906,-0.30403037956769907,0.8893178363951332,0.47160093952902943,0,38.89,-75.81,0,21
Kent,firearms,2022,3,331,4,0.13015000929880216,0.15807013868641906,0,0,59.25,68.40237417315475,-1.9493635200170403,7.204085835322875,0.3873255531028268,0,39.15,-75.73,0,22
Dorchester,firearms,2022,1,316,2,0.6222021262537965,0.8597137534098416,1,0,69.75,80.29190072605975,3.4055802305503136,0.8973538194832553,0.755053015450787,0,38.47,-75.87,0,10
Frederick,firearms,2023,6,351,7,0.16747900745451716,0.25221338166737045,0,0,43.5,58.89889477120052,-0.6655390806941148,2.0924109845009493,0.5730048377483382,0,39.41,-77.41,0,16
Talbot,firearms,2022,7,358,8,0.04445619877986928,0.019379331894285756,0,0,38.25,48.11203028676961,0.5128404694448745,6.378993352126636,0.2749329278734429,0,38.73,-76.24,0,20
Anne Arundel,archery,2023,16,359,13,0.43838454507857705,0.9629960578983737,0,0,33.34710743801653,49.66246243532998,-1.1936410507464492,1.2976781475452719,0.7832889520414806,0,38.97,-76.55,0,12
Harford,firearms,2020,3,331,4,0.37615650890444385,0.8561131505441137,0,0,59.25,65.30236708618261,-2.229839188128598,5.500594118629699,0.4080817970191422,0,39.54,-76.22,0,15
Carroll,firearms,2021,3,326,4,0.6007688941880929,0.903083956154713,0,0,59.25,74.5461948810671,1.8383000291282134,1.9241479309796832,0.5600923166219192,0,39.61,-77.14,0,19
Wicomico,archery,2021,9,306,10,0.9235050501280853,0.056648536702654295,1,0,51.570247933884296,66.09262509855202,-0.33081962676119187,3.556171231624171,0.3607119227789713,0,38.33,-75.32,0,12
Calvert,firearms,2022,5,339,6,0.4010555469228052,0.9064487403370917,0,0,48.75,60.26613234142414,-1.3359842965284574,10.152031882089565,0.11550880522961454,0,38.45,-76.47,0,17
Somerset,firearms,2023,4,332,5,0.5240783555975099,0.9942888327259319,0,0,54.0,65.85689614029612,-1.1146477610829668,2.4121575873429424,0.8647637586050313,0,38.18,-75.71,0,20
Cecil,firearms,2022,2,323,3,0.8592444716747991,0.1831204505031771,1,0,64.5,72.15471590752433,1.2921979252285558,2.388392359056832,0.4808492586198581,0,39.67,-75.96,0,6
Garrett,archery,2023,2,263,3,0.18751809359036997,0.30871080085223,0,1,69.79338842975207,81.9619988757763,0.5271842849405854,1.5749643331311654,0.40539001302239075,0,39.31,-79.48,0,23
Caroline,archery,2021,0,249,1,0.9933030945569499,0.0004425720671433764,0,1,75.0,89.91054807662815,1.6808928244598158,5.352448270749387,0.7079658034949844,0,38.89,-75.81,0,21
Washington,archery,2023,5,282,6,0.830918745447434,0.256597885454221,0,1,61.98347107438016,76.01171125230408,1.737665833412207,9.262980735767464,0.7475852137183673,0,39.64,-77.8,0,16
Talbot,firearms,2023,0,304,1,0.5759089739134424,0.9441995763914877,1,0,75.0,85.29917904437129,0.03159153870169737,2.710284482922237,0.43100154465031465,0,38.73,-76.24,0,22
Frederick,muzzleloader,2021,5,340,6,0.07485358503015505,0.05428810163070513,0,0,48.75,60.32337757284604,-0.8542071053201511,1.1216747443421309,0.29019375415870596,0,39.41,-77.41,0,11
Garrett,archery,2020,13,339,13,0.6470620465284469,0.80130923792404,0,0,41.15702479338843,56.32523740609428,-3.3741518848160372,4.640097448376401,0.25829815633768693,1,39.31,-79.48,0,16
Prince George,muzzleloader,2020,8,361,9,0.3920522749945121,0.8893342134913929,0,0,33.0,46.77315642464701,-0.3850407826604238,4.523574819158008,0.24815317178252663,0,38.81,-76.78,0,16
Frederick,firearms,2022,7,359,8,0.07831939098286966,0.05932757737450228,0,0,38.25,48.29391068816794,-1.0124276085479416,12.133409513309042,0.5542375916232147,0,39.41,-77.41,0,12
Harford,firearms,2023,2,320,3,0.11772004916150536,0.13065006263456885,1,0,64.5,80.70932676762749,1.3363482538050793,2.398769629084396,0.4494633319177869,0,39.54,-76.22,0,14
Frederick,firearms,2023,4,338,5,0.7272575088155122,0.5712047423658192,0,0,54.0,64.1247689374895,-2.5648648665423948,2.822808148073703,0.2864859076857225,0,39.41,-77.41,0,14
Anne Arundel,archery,2020,14,346,13,0.8841043919494496,0.1268110842921742,0,0,38.55371900826446,54.19304656786416,-0.8218225728006286,1.0356390068544425,0.2539731414431103,0,38.97,-76.55,0,16
Harford,firearms,2022,4,335,5,0.2656027781108037,0.5489390937279066,0,0,54.0,63.818742175734876,-1.4343927275402086,3.807571288220227,0.5710974649410014,0,39.54,-76.22,0,24
Cecil,firearms,2022,7,358,8,0.04445619877986928,0.019379331894285756,0,0,38.25,48.26175849600024,-1.7860524912761733,2.7119251662268984,0.3380852425421462,0,39.67,-75.96,0,12
Garrett,archery,2022,6,287,7,0.6401695523667286,0.8183013890669006,1,0,59.3801652892562,69.6506481729894,1.540012918874839,4.52467130316029,0.2777337160999185,0,39.31,-79.48,0,18
Kent,firearms,2020,6,351,7,0.05342035296445147,0.02790179109718821,0,0,43.5,53.186352176467466,3.2495323379873446,9.620531595999593,0.45432385271089204,0,39.15,-75.73,0,12
Garrett,firearms,2021,5,344,6,0.21030635384215657,0.37658748839005973,0,0,48.75,61.02243858070499,1.0600379304082133,5.851576421855366,0.40215345491732163,0,39.31,-79.48,0,17
Garrett,muzzleloader,2021,1,313,2,0.16054739554908792,0.23354016980069242,1,0,69.75,81.8134997956683,0.8810104419753446,1.5770332936122917,0.39652576764433545,0,39.31,-79.48,0,11
Anne Arundel,archery,2022,1,250,2,0.38723144085565764,0.8796545002270448,0,1,72.39669421487604,84.83451445347308,1.9627187322484274,1.3426010100959396,0.4616908036993478,0,38.97,-76.55,0,20
Baltimore,firearms,2023,6,347,7,0.032026238642515636,0.010088942784490407,0,0,43.5,57.221500117890756,1.3298543691559834,2.761138005541326,0.27361463101309724,0,39.27,-76.67,0,18
Carroll,archery,2020,16,361,13,0.3920522749945121,0.8893342134913929,0,0,33.34710743801653,49.232512777903196,1.2148167995176284,6.694920264158428,0.2639135655159514,0,39.61,-77.14,0,11
Frederick,firearms,2020,5,340,6,0.6809252387314473,0.7102559813941427,0,0,48.75,62.1315421384668,-0.2873488297191903,1.428468678733637,0.4519307062008614,0,39.41,-77.41,0,7
Caroline,muzzleloader,2022,6,350,7,0.7735506611558662,0.426283122908912,0,0,43.5,55.971936289800894,1.359983462299912,1.8659209811469322,0.3930477636204632,0,38.89,-75.81,0,9
Calvert,archery,2023,15,350,13,0.13361581525151678,0.16609472221326332,0,0,35.950413223140494,45.88711535217012,0.5109954749067424,5.703963932857226,0.5602297455978642,0,38.45,-76.47,0,10
Frederick,archery,2021,15,350,13,0.41348550706015885,0.9279295866149563,0,0,35.950413223140494,47.633434047204126,1.1728403382971062,4.032713378504153,0.29398708966001286,0,39.41,-77.41,0,8
Dorchester,muzzleloader,2020,0,311,1,0.6988926648443794,0.6578132623741345,1,0,75.0,87.63629931611294,2.818835372143386,2.6139896573632866,0.422940925988329,0,38.47,-75.87,0,13
Talbot,archery,2023,14,347,13,0.032026238642515636,0.010088942784490407,0,0,38.55371900826446,49.274470577758635,-2.9681136243604973,3.2216952324170625,0.1729248185286025,1,38.73,-76.24,0,12
Washington,muzzleloader,2023,0,305,1,0.6097721661164428,0.8857124698820362,1,0,75.0,89.56232630444869,3.207379191041842,3.1101511056312194,0.6596061150871453,0,39.64,-77.8,0,11
Anne Arundel,muzzleloader,2021,0,310,1,0.05895781894008678,0.03391645296232043,1,0,75.0,85.38574140238364,1.3480563236240108,3.758382823085897,0.06737039989577719,0,38.97,-76.55,0,19
Harford,archery,2022,8,303,9,0.18198062761473466,0.29275682185859175,1,0,54.17355371900827,68.0929006916212,-0.7207634928185878,3.5136761421308593,0.41664338107893445,0,39.54,-76.22,0,21
Kent,firearms,2020,6,349,7,0.9856939685584507,0.0020185785782094734,0,0,43.5,58.44691925928517,1.2771239082107002,2.353219962348987,0.5492748190032554,0,39.15,-75.73,0,17
Prince George,firearms,2022,6,352,7,0.841277045561867,0.22870785607957128,0,0,43.5,53.8152409100159,-0.7103970655244926,0.740193631550312,0.5658498244436491,0,38.81,-76.78,0,17
Prince George,archery,2021,5,278,6,0.9753356684440178,0.005991962787474603,0,1,61.98347107438016,71.78542819184476,2.028537219437657,1.1647177019953612,0.22774245220465897,0,38.81,-76.78,0,20
Frederick,archery,2021,10,317,11,0.29600016436108945,0.6425101261729971,1,0,48.966942148760324,63.16767852402653,-0.012323237862677286,5.145788751882944,0.7717136746399044,0,39.41,-77.41,0,19
Caroline,firearms,2021,6,351,7,0.44734869926315923,0.9728884995454274,0,0,43.5,58.82054723283384,-0.4800299340372804,8.504788832761328,0.09292425777843313,0,38.89,-75.81,0,20
Garrett,archery,2023,13,338,13,0.7272575088155122,0.5712047423658192,0,0,41.15702479338843,54.06380220814194,2.765353193104604,3.1985636564867685,0.0769872563045839,0,39.31,-79.48,0,18
Queen Anne,archery,2020,7,295,8,0.1570815895963733,0.22439089296875087,1,0,56.77685950413223,70.39667490969916,-1.9067010249889065,3.752078515724538,0.4091042437169012,0,39.08,-75.94,0,13
Dorchester,firearms,2022,4,335,5,0.2656027781108037,0.5489390937279066,0,0,54.0,69.30519401838593,1.8651469499297026,8.416192127739873,0.5707016053663025,0,38.47,-75.87,0,29
Prince George,archery,2021,7,296,8,0.5848731280980815,0.930573770381452,1,0,56.77685950413223,70.36739614418302,-1.2372034412060193,2.906117304513586,0.3853742169377313,0,38.81,-76.78,0,12
Worcester,firearms,2023,8,360,9,0.47224773728157743,0.9924177894556254,0,0,33.0,48.10509264023233,0.2564672378599299,6.3376868565477995,0.7777038848433383,0,38.16,-75.36,0,15
St Mary,archery,2021,11,322,12,0.46531612537609135,0.9881740644186782,1,0,46.36363636363636,58.62225008772838,0.16943265417146278,1.9626527012994148,0.8168437626198761,0,38.27,-76.8,0,9
Cecil,archery,2020,7,299,8,0.29253435840837483,0.6320406363541906,1,0,56.77685950413223,69.88099358575748,-3.807007126536621,1.4115624548337373,0.47154271120248836,0,39.67,-75.96,0,6
Somerset,archery,2020,3,267,4,0.2089122079123058,0.3723479507942996,0,1,67.19008264462809,84.14924210282024,-2.211871071031083,1.4134041807192432,0.8076954613744779,0,38.18,-75.71,0,13
Kent,muzzleloader,2021,6,347,7,0.3118959304511577,0.6895870586242627,0,0,43.5,52.58957837958771,2.6171515901192377,1.9500663551980157,0.3311412596544082,0,39.15,-75.73,0,21
Calvert,firearms,2022,5,342,6,0.5026451235318063,0.999930947140589,0,0,48.75,58.97229428569544,-0.23213334770129201,7.204203724260293,0.6356113771530821,0,38.45,-76.47,0,19
Worcester,firearms,2022,3,330,4,0.09628681709580178,0.08874551431299516,0,0,59.25,72.51168980602253,0.8542275328329981,5.760120239390057,0.33612483538331966,0,38.16,-75.36,0,28
Howard,firearms,2021,4,338,5,0.007127200624154284,0.0005012624065353077,0,0,54.0,63.50593894912628,0.39705401598637285,1.6073686596108878,0.7072631877995871,0,39.2,-76.81,0,19
Carroll,firearms,2023,6,346,7,0.9981630464395153,3.330360741893301e-05,0,0,43.5,61.188608426437774,0.6269349284267698,4.059344945667941,0.3788433053545452,0,39.61,-77.14,0,19
Talbot,archery,2021,12,330,13,0.7362216630000944,0.5432318735019569,0,0,43.760330578512395,49.926518861230115,3.1056179729085196,4.305686600529678,0.2924938420006596,0,38.73,-76.24,0,10
Worcester,firearms,2023,3,328,4,0.3886255867855084,0.882489991476479,0,0,59.25,68.42002714891186,0.5991895250626293,4.598809242292203,0.5356747417697684,0,38.16,-75.36,0,17
Howard,firearms,2020,5,344,6,0.8163780075434488,0.29746046063086407,0,0,48.75,57.38853988296328,0.4093383793446487,4.4206225754885855,0.10311426165920264,0,39.2,-76.81,0,10
Anne Arundel,muzzleloader,2023,1,314,2,0.9145408959434462,0.07036497562556926,1,0,69.75,81.67946910098169,-2.3879466099846276,1.8280749129067608,0.2915669510501065,0,38.97,-76.55,0,7
Washington,firearms,2023,5,340,6,0.794983893221513,0.36055303945490635,0,0,48.75,60.185450746200715,0.9474258508369234,4.0652156180898995,0.30875395891857144,0,39.64,-77.8,0,16
Prince George,muzzleloader,2020,2,325,3,0.17297735568644157,0.2673614886601367,0,0,64.5,75.78060051465627,3.4958923704439986,5.791040357461132,0.4121579572269846,0,38.81,-76.78,0,16
Prince George,firearms,2023,1,314,2,0.9145408959434462,0.07036497562556926,1,0,69.75,87.22813348189472,-1.3428761160088583,1.2532443056593046,0.5424626570147847,0,38.81,-76.78,0,15
Anne Arundel,firearms,2021,3,328,4,0.6684952785940936,0.745008505815151,0,0,59.25,65.06431795150465,3.510802855368304,3.503948136992182,0.47688357679926857,0,38.97,-76.55,0,16
Caroline,muzzleloader,2023,5,339,6,0.7611207010185126,0.4650917089979075,0,0,48.75,62.44769567629025,-1.4103794539622103,1.4713063675734115,0.7137735997134178,0,38.89,-75.81,0,15
Caroline,muzzleloader,2022,5,343,6,0.5365083157348636,0.9869028091251425,0,0,48.75,66.86691312319886,3.5437876350364106,2.590662958183728,0.5370693130781846,0,38.89,-75.81,0,18
Queen Anne,firearms,2021,2,319,3,0.3637265487670902,0.8276444370994818,1,0,64.5,71.85828468189067,2.192740330338731,4.916027337865047,0.3797602526059566,0,39.08,-75.94,0,13
Calvert,firearms,2023,6,351,7,0.16747900745451716,0.25221338166737045,0,0,43.5,50.891044600051586,1.475004901131399,1.864551541635549,0.2759302104583345,0,38.45,-76.47,0,26
Wicomico,archery,2020,2,258,3,0.9041434780853024,0.08797817223396232,0,1,69.79338842975207,78.95801308225549,-0.7205837352864293,4.130137942497777,0.21662276010670614,0,38.33,-75.32,0,16
Wicomico,archery,2020,14,347,13,0.91796758415245,0.06495830975515599,0,0,38.55371900826446,52.052276079578476,-2.4080913694651933,3.5748745847539976,0.40544511259518684,1,38.33,-75.32,0,12
Kent,muzzleloader,2020,1,316,2,0.8682086258593813,0.16185050720258848,1,0,69.75,79.6842195306921,1.0040133070637933,4.35829259531247,0.6933555785739509,0,39.15,-75.73,0,15
Howard,muzzleloader,2020,0,311,1,0.6988926648443794,0.6578132623741345,1,0,75.0,81.82210149076809,-3.164745309667659,0.3149743875054782,0.7975115915637494,0,39.2,-76.81,0,17
Kent,firearms,2020,0,308,1,0.5973030882353783,0.9094302532940565,1,0,75.0,88.03278027414373,-0.23163780701185407,5.135784683395136,0.6896677379139098,0,39.15,-75.73,0,14
St Mary,firearms,2022,4,336,5,0.29946597031380406,0.6529120393220145,0,0,54.0,66.25631551299755,0.48224412688663215,8.78935964441711,0.5870663886096833,0,38.27,-76.8,0,14
Baltimore,muzzleloader,2023,5,342,6,0.8627102776275137,0.1747739301634525,0,0,48.75,60.240410223141716,0.1765157108649635,3.715897549973781,0.6733931144626367,0,39.27,-76.67,0,14
Caroline,muzzleloader,2021,6,348,7,0.3457591226541581,0.7830109511302795,0,0,43.5,56.552307465690106,-3.765052807717506,1.4364260973505998,0.6318457931086726,1,38.89,-75.81,0,20
Harford,firearms,2021,0,310,1,0.05895781894008678,0.03391645296232043,1,0,75.0,87.97159400317787,1.5940327478458527,3.4068492368905576,0.3528154860893752,0,39.54,-76.22,0,16
Harford,archery,2021,7,292,8,0.4494203592860231,0.9749623872655642,1,0,56.77685950413223,62.09802928534968,2.2856356796701824,2.5955888764216684,0.6327405947620882,0,39.54,-76.22,0,24
St Mary,archery,2020,1,256,2,0.8364170936793016,0.24165746754097145,0,1,72.39669421487604,84.55373373129387,-1.1542138679631762,1.3443235856998281,0.6482217525705278,0,38.27,-76.8,0,15
Caroline,firearms,2021,4,335,5,0.9055376240151531,0.08551271770022578,0,0,54.0,63.23679547808143,-2.0305253973477626,3.2846889808235886,0.32559397819987884,0,38.89,-75.81,0,11
Worcester,archery,2023,7,295,8,0.271140244086439,0.5662189139730807,1,0,56.77685950413223,69.2604633446435,-0.7889909706236053,1.00688912125595,0.657553218452546,0,38.16,-75.36,0,16
Somerset,firearms,2020,6,350,7,0.019557160761451087,0.0037702036353516877,0,0,43.5,56.71319551411414,-2.2130617160240744,10.603947026417137,0.1659867473807008,1,38.18,-75.71,0,19
Harford,archery,2021,1,256,2,0.23034543997800938,0.43841020430197053,0,1,72.39669421487604,84.89374064538212,-1.2511441160210748,1.6029490569101195,0.25945061454876556,0,39.54,-76.22,0,16
St Mary,archery,2023,9,307,10,0.6774985505224436,0.7199736742383083,1,0,51.570247933884296,61.73913786239335,4.10868124805559,1.4530702221430323,0.3137762532228702,0,38.27,-76.8,0,13
Anne Arundel,archery,2023,1,250,2,0.747296594951365,0.5084925890407309,0,1,72.39669421487604,81.12468729026358,2.03759613261128,0.45986285970486485,0.8864277185214842,0,38.97,-76.55,0,13
St Mary,firearms,2021,3,327,4,0.6346320863910933,0.8315220528042181,0,0,59.25,74.80556137250024,-3.242787952013997,14.816169365645319,0.11633289255488981,0,38.27,-76.8,0,14
Montgomery,muzzleloader,2023,0,305,1,0.6097721661164428,0.8857124698820362,1,0,75.0,82.25489511248297,1.4713505346761033,1.7330127699980418,0.7070628112939563,0,39.15,-77.27,0,16
Carroll,firearms,2021,7,359,8,0.7182542368871623,0.5990722443966413,0,0,38.25,48.41145274339152,1.6840715395537031,1.0618316462796273,0.36404734306814307,0,39.61,-77.14,0,15
Cecil,archery,2020,3,265,4,0.14118582350630504,0.18416727528269067,0,1,67.19008264462809,79.32979576939935,1.1823876680346186,5.525302870602497,0.20912565909472566,0,39.67,-75.96,0,11
Somerset,archery,2021,6,287,7,0.2801043982710212,0.5940128045831059,1,0,59.3801652892562,69.29327562843298,-0.5728349563196379,7.57382248396117,0.05632581334960305,0,38.18,-75.71,0,16
Worcester,archery,2022,13,335,13,0.2656027781108037,0.5489390937279066,0,0,41.15702479338843,51.7036808960216,3.696388003329025,1.2364367245342953,0.6629074075188259,0,38.16,-75.36,0,14
Howard,firearms,2023,1,314,2,0.9145408959434462,0.07036497562556926,1,0,69.75,83.6577859609638,-3.9760280878991394,3.456803229599499,0.4832968051171536,0,39.2,-76.81,0,10
Carroll,firearms,2022,8,362,9,0.1799089675918708,0.28685162051221047,0,0,33.0,49.035171018374015,0.7421155159180863,2.641272041547321,0.6591793112567991,0,39.61,-77.14,0,20
Somerset,firearms,2021,6,347,7,0.3118959304511577,0.6895870586242627,0,0,43.5,47.522774264582594,1.845538988974821,0.7969587917116365,0.3231907956167623,0,38.18,-75.71,0,16
Cecil,archery,2022,5,278,6,0.33540082253972514,0.7556037641363302,0,1,61.98347107438016,73.34964647849219,-1.1581521520260596,1.332053776615881,0.5271899522279496,0,39.67,-75.96,0,16
Carroll,muzzleloader,2020,6,350,7,0.019557160761451087,0.0037702036353516877,0,0,43.5,60.30705483508403,-0.8375101997852762,5.403309553471412,0.21041750618930743,0,39.61,-77.14,0,19
Cecil,firearms,2021,1,312,2,0.12668420334608754,0.15020769438398984,1,0,69.75,78.04004777058417,-1.112894332170119,2.0487414589107695,0.6561355218511649,0,39.67,-75.96,0,19
Washington,archery,2023,6,287,7,0.00023470646243595183,5.436880181064474e-07,1,0,59.3801652892562,74.70179726244767,3.8909646608475605,1.6529338721792672,0.36715249520139276,0,39.64,-77.8,0,9
Somerset,firearms,2020,1,314,2,0.8004822414533805,0.344051357760488,1,0,69.75,82.61962674597103,4.040076722150588,3.971507377554133,0.4657894210487997,0,38.18,-75.71,0,16
Talbot,firearms,2020,5,340,6,0.6809252387314473,0.7102559813941427,0,0,48.75,63.73044375123902,1.7340953467630726,4.516965841786576,0.3846593129442619,0,38.73,-76.24,0,18
Dorchester,firearms,2020,0,305,1,0.4957135116263771,0.9998186670223002,1,0,75.0,91.49093896984301,1.264605964724216,4.988563125294498,0.303047529953287,0,38.47,-75.87,0,13
St Mary,archery,2021,16,359,13,0.7182542368871623,0.5990722443966413,0,0,33.34710743801653,46.049036248036735,-0.09254314317310423,3.2325327176490455,0.36039212933860443,0,38.27,-76.8,0,23
Wicomico,archery,2021,7,295,8,0.5510099358950811,0.9745382394126643,1,0,56.77685950413223,67.5398569926885,1.0087372194360498,4.908421860119372,0.47723493227368485,0,38.33,-75.32,0,15
Somerset,muzzleloader,2020,7,357,8,0.25659950618245375,0.5207270191977091,0,0,38.25,52.009656189354814,-1.6272925966052918,0.9945445938417373,0.4354654280049709,0,38.18,-75.71,0,17
Talbot,firearms,2023,3,331,4,0.49021516339450955,0.9990553517987972,0,0,59.25,67.74313714950088,-3.4647122290150665,5.301106027230827,0.18171207366755732,0,38.73,-76.24,0,22
Dorchester,archery,2021,4,275,5,0.8737460918350166,0.14924303689800117,0,1,64.58677685950413,80.05173842186734,3.761520085320099,6.113486238768237,0.2771800016637273,0,38.47,-75.87,0,21
Kent,archery,2020,6,286,7,0.8523128597693699,0.20026024406667686,1,0,59.3801652892562,74.75599584667016,0.6231317676164607,2.4732301895392013,0.30547977346483607,0,39.15,-75.73,0,15
Cecil,firearms,2021,3,326,4,0.6007688941880929,0.903083956154713,0,0,59.25,72.79060953968147,0.29355767868898996,2.435383172059683,0.2896182798093728,0,39.67,-75.96,0,31
St Mary,archery,2020,0,250,1,0.6332379404612709,0.834787952833359,0,1,75.0,90.13944033550727,0.5679759799771302,3.9281944610206088,0.3411235872050335,0,38.27,-76.8,0,13
Worcester,firearms,2023,0,309,1,0.7452249349284443,0.5149990588612463,1,0,75.0,93.41117814381083,1.7643037992463058,3.3573803539149605,0.3223092659045877,0,38.16,-75.36,0,10
Anne Arundel,firearms,2020,4,339,5,0.6470620465284469,0.80130923792404,0,0,54.0,65.35778228482096,0.10767296109515302,5.245609341809122,0.3477277584598615,0,38.97,-76.55,0,24
Howard,firearms,2020,3,332,4,0.41001970110744423,0.9221971233663473,0,0,59.25,75.6685131527982,-0.4970918475120073,3.3654362418334403,0.04578658674964418,0,39.2,-76.81,0,13
Washington,archery,2020,0,247,1,0.5316483638522698,0.9901469493643673,0,1,75.0,82.5879488455079,-1.98804948060519,3.4411368736522974,0.1609936578097729,0,39.64,-77.8,0,26
Howard,archery,2023,12,329,13,0.4224887789885088,0.9418663185557674,0,0,43.760330578512395,53.62236619094059,-0.14989720674500684,8.721605890731306,0.7910585259662009,0,39.2,-76.81,0,16
Cecil,archery,2022,6,288,7,0.674032744569729,0.7296985627629547,1,0,59.3801652892562,66.24556440024583,0.24707884448523346,7.0444071039465985,0.2570316448093252,0,39.67,-75.96,0,20
Frederick,muzzleloader,2021,4,337,5,0.9732640084211539,0.007038348903326719,0,0,54.0,65.6132467486722,4.800829331848723,6.030360797195805,0.33333176109817036,0,39.41,-77.41,0,15
Kent,firearms,2023,1,312,2,0.8468145115374455,0.214261941506748,1,0,69.75,79.19443319228623,-0.7696841611020785,3.6018217879317977,0.3895971225605235,0,39.15,-75.73,0,13
Harford,firearms,2023,4,336,5,0.6595311244095114,0.7691559417037579,0,0,54.0,68.73686355048231,1.2598042657137922,2.205371303899547,0.6875328277181252,0,39.54,-76.22,0,24
Dorchester,archery,2022,8,304,9,0.21584381981773504,0.3935169951394357,1,0,54.17355371900827,68.23489092892622,-0.18581618958502724,7.630162607174035,0.12820620145369846,0,38.47,-75.87,0,10
Talbot,archery,2022,3,269,4,0.030632092712721715,0.009232344777890977,0,1,67.19008264462809,83.06034818772744,-0.8985937857147126,3.7909724471109114,0.3394358750930168,0,38.73,-76.24,0,11
Wicomico,archery,2022,5,283,6,0.504716783554727,0.9997804366476423,1,0,61.98347107438016,75.74586041616591,1.6109011483914226,15.159204513674064,0.4183555151171354,0,38.33,-75.32,0,19
Worcester,archery,2020,4,274,5,0.44595455333330847,0.9714477304426052,0,1,64.58677685950413,74.6061616081976,-1.176188861947242,1.4357010253877638,0.3685402641611679,0,38.16,-75.36,0,13
Montgomery,archery,2023,14,341,13,0.8288470854245134,0.26230342743588053,0,0,38.55371900826446,48.58267950362348,1.5657711245198147,3.937623587759995,0.3890894406229815,0,39.15,-77.27,0,13
Wicomico,muzzleloader,2022,6,351,7,0.8074138533588666,0.323515770366991,0,0,43.5,60.103013582254036,-2.417535171087812,4.980642674588561,0.25860762993176883,1,38.33,-75.32,0,24
Frederick,muzzleloader,2022,4,332,5,0.16401320150180254,0.24281579883258614,0,0,54.0,71.93005906338817,-1.230088034786466,6.860120325199176,0.6122330727215505,0,39.41,-77.41,0,13
Anne Arundel,archery,2020,3,270,4,0.31050178452130694,0.685527061146773,0,1,67.19008264462809,73.17593162531496,-2.3040173595004787,4.155187549134315,0.1614034933497715,0,38.97,-76.55,0,13
St Mary,firearms,2021,5,339,6,0.040990392827154665,0.01649156755456055,0,0,48.75,61.79014967798808,1.8927517037235893,3.63971272419388,0.4698325624564108,0,38.27,-76.8,0,20
St Mary,archery,2022,15,348,13,0.7058242767498655,0.6370069726805778,0,0,35.950413223140494,47.28409258564001,-0.36694311400805113,0.7212839695541353,0.27983113035300844,0,38.27,-76.8,0,16
Howard,firearms,2021,3,331,4,0.7700848552031516,0.43706891372109435,0,0,59.25,65.06945066722196,-2.797123614140123,5.244281103695897,0.35423547703361935,0,39.2,-76.81,0,17
Dorchester,firearms,2023,0,310,1,0.7790881271314447,0.4091248558943312,1,0,75.0,82.97793964637901,1.8184453421112365,5.368883001907542,0.4710445199115757,0,38.47,-75.87,0,22
Kent,firearms,2021,6,349,7,0.37962231485715847,0.8636710505452458,0,0,43.5,63.71763749811984,0.7256828885223507,1.567567910550872,0.2769189173381124,0,39.15,-75.73,0,13
Somerset,muzzleloader,2022,3,331,4,0.13015000929880216,0.15807013868641906,0,0,59.25,69.87290322810084,3.2027184302813434,4.643027806976078,0.4582945399251425,0,38.18,-75.71,0,19
Frederick,archery,2020,9,309,10,0.6311662804383786,0.8395934619907948,1,0,51.570247933884296,62.25053773198516,-1.1351843218608446,2.1662948766698267,0.715648482212041,0,39.41,-77.41,0,31
Harford,firearms,2023,2,324,3,0.2531728179735069,0.5099670414220309,0,0,64.5,73.03598617295103,3.2360899662559515,6.265584539260692,0.7321233654665513,0,39.54,-76.22,0,21
Cecil,firearms,2021,3,325,4,0.5669057019850925,0.956466774229061,0,0,59.25,77.56837679146233,0.5498994984054495,5.573231442290579,0.24929717110122818,0,39.67,-75.96,0,11
Baltimore,archery,2022,12,331,13,0.13015000929880216,0.15807013868641906,0,0,43.760330578512395,55.602819428285805,-0.49531000039208933,18.719752303929045,0.486833489333486,0,39.27,-76.67,0,18
Prince George,archery,2022,9,307,10,0.317433396426793,0.7055664580881861,1,0,51.570247933884296,67.29121595438164,-2.3434326750379757,3.17907071262523,0.3262337117787287,0,38.81,-76.78,0,12
Queen Anne,firearms,2020,8,362,9,0.4259154671975125,0.9468015729734189,0,0,33.0,43.21849221178239,-0.20525766844972118,3.625958730629929,0.3281714244614699,0,39.08,-75.94,0,20
Dorchester,firearms,2021,3,328,4,0.6684952785940936,0.745008505815151,0,0,59.25,68.06771625070614,3.656132739236842,2.1349106215229745,0.24314367611822585,0,38.47,-75.87,0,19
Kent,archery,2020,11,327,12,0.24070374009244233,0.47081154202790065,0,0,46.36363636363636,59.421839932582884,0.7768857340466615,9.244504031169463,0.357020867493798,0,39.15,-75.73,0,20
Calvert,firearms,2023,2,318,3,0.0499936647555046,0.024465591938834463,1,0,64.5,79.22122934049415,-5.190481661537473,2.1718790291537844,0.42616167580184955,0,38.45,-76.47,0,16
Calvert,archery,2021,11,322,12,0.46531612537609135,0.9881740644186782,1,0,46.36363636363636,60.679657738117854,-0.5837526539384486,2.6799460812446014,0.2233652385839159,0,38.45,-76.47,0,15
Cecil,firearms,2023,5,340,6,0.794983893221513,0.36055303945490635,0,0,48.75,54.23841153304478,-0.3841771164777751,2.8002999868073393,0.028308406368718703,0,39.67,-75.96,0,13
Prince George,muzzleloader,2023,3,327,4,0.354762394582508,0.8058633668694597,0,0,59.25,69.64269124373129,-1.152203641490597,0.4496048334475723,0.5588378697362744,0,38.81,-76.78,0,11
Howard,firearms,2022,0,304,1,0.21584381981773504,0.3935169951394357,1,0,75.0,83.87019569678192,-0.7288078271167568,2.565502275469546,0.6699346033798869,0,39.2,-76.81,0,10
Washington,archery,2023,8,300,9,0.4404562051014409,0.9654139323851991,1,0,54.17355371900827,69.85481745162,-3.8567996173940924,1.5902972451720494,0.4491792435876841,0,39.64,-77.8,0,18
Somerset,firearms,2022,5,343,6,0.5365083157348636,0.9869028091251425,0,0,48.75,63.61149790875881,3.124483461684493,14.945129271695498,0.11843138138326363,0,38.18,-75.71,0,15
Frederick,firearms,2020,7,355,8,0.188873121776453,0.31265077723028956,0,0,38.25,48.86460421510094,2.8866053539848906,1.634198238511939,0.1950829012348218,0,39.41,-77.41,0,14
Anne Arundel,archery,2021,12,333,13,0.8378112396091524,0.23791751633781322,0,0,43.760330578512395,49.803385912385906,4.249308427406797,1.413616088056997,0.8058790921612747,0,38.97,-76.55,0,22
Carroll,archery,2022,4,275,5,0.233811245930724,0.44922918359438857,0,1,64.58677685950413,80.97427780860794,3.0949334082092723,4.695632254332339,0.21371332078320235,0,39.61,-77.14,0,11
Prince George,firearms,2021,4,334,5,0.8716744318121528,0.1539108061907865,0,0,54.0,68.58961514124559,-4.994975206778158,2.4728638493076778,0.27214249427190335,0,38.81,-76.78,0,18
Worcester,firearms,2023,3,328,4,0.3886255867855084,0.882489991476479,0,0,59.25,69.93176848183583,0.9142179348785467,2.7765856132889666,0.19524546997151407,0,38.16,-75.36,0,13
Prince George,firearms,2020,4,339,5,0.6470620465284469,0.80130923792404,0,0,54.0,59.60348022607591,-0.3780494964221491,4.122957199340033,0.7146165491569694,0,38.81,-76.78,0,14
Calvert,archery,2022,2,260,3,0.7258633628856614,0.5755371536507978,0,1,69.79338842975207,81.369190063148,1.9270600501147914,3.2742247210545217,0.4293192505053046,0,38.45,-76.47,0,15
Baltimore,archery,2022,1,252,2,0.4549578252616584,0.9801098608175862,0,1,72.39669421487604,87.4998964216428,0.3950302673358708,4.157188548557421,0.09204517578253989,0,39.27,-76.67,0,21
Kent,firearms,2021,5,343,6,0.1764431616391562,0.27705369529393115,0,0,48.75,59.0191002018695,-1.7753087722950178,1.6733064938625712,0.2753625202924422,0,39.15,-75.73,0,6
Kent,archery,2022,0,247,1,0.2856418642466565,0.6110386410864953,0,1,75.0,91.3870602803475,-4.707177425081053,4.182556573546966,0.6434782243089369,0,39.15,-75.73,0,13
Worcester,archery,2023,15,351,13,0.16747900745451716,0.25221338166737045,0,0,35.950413223140494,48.76162271993945,2.0171939399847996,1.377338647697761,0.17412400199918954,0,38.16,-75.36,0,17
Caroline,firearms,2022,3,329,4,0.0624236248928014,0.03796846607438614,0,0,59.25,68.8453190032893,-0.1779286435584319,3.7309723227696887,0.33439363544261447,0,38.89,-75.81,0,16
Harford,muzzleloader,2021,7,356,8,0.6166646602781611,0.8715766304102717,0,0,38.25,54.81420060326703,-0.3694850125272343,3.988952062141757,0.4005999150272213,0,39.54,-76.22,0,22
Carroll,muzzleloader,2020,7,356,8,0.22273631397945337,0.41476689174403514,0,0,38.25,49.98878285281838,1.2739097071021264,2.854062068846383,0.2365088173870945,0,39.61,-77.14,0,16
Queen Anne,muzzleloader,2021,4,337,5,0.9732640084211539,0.007038348903326719,0,0,54.0,61.91308420969267,-1.347208255009998,6.311398476529804,0.11576684209074946,0,39.08,-75.94,0,11
Cecil,archery,2023,13,336,13,0.6595311244095114,0.7691559417037579,0,0,41.15702479338843,56.212082273273936,-2.366701706203078,0.6876146067355943,0.33253758592123644,1,39.67,-75.96,0,24
Caroline,archery,2023,4,276,5,0.6277395922293749,0.8474154697074652,0,1,64.58677685950413,75.54613055227667,4.682100713567452,3.8856639292098833,0.07440312945950273,0,38.89,-75.81,0,16
Garrett,archery,2022,14,344,13,0.570371507937864,0.9519153558029791,0,0,38.55371900826446,48.052558339668224,3.3328853850848557,1.420519265829029,0.1717825445141933,0,39.31,-79.48,0,18
Garrett,archery,2021,8,299,9,0.6864627047070826,0.6943483319635206,1,0,54.17355371900827,69.8049839056745,1.9483280435794945,8.77744998792753,0.3593842161861701,0,39.31,-79.48,0,22
Montgomery,firearms,2023,8,360,9,0.47224773728157743,0.9924177894556254,0,0,33.0,40.986117014403405,0.38099278949736115,4.584821451922062,0.14125524405531337,0,39.15,-77.27,0,18
Garrett,archery,2020,2,264,3,0.10732263130330466,0.10943664088757299,0,1,69.79338842975207,82.78528867776856,1.7765938424431293,4.6620246414388085,0.16667343801075674,0,39.31,-79.48,0,17
Washington,firearms,2023,6,348,7,0.06588943084551602,0.04223956924860145,0,0,43.5,58.448285494697814,-4.56941147152185,0.6540164170360651,0.30076661274064437,1,39.64,-77.8,0,10
Howard,archery,2020,13,340,13,0.6809252387314473,0.7102559813941427,0,0,41.15702479338843,52.96657588165152,-2.503779557503807,8.717916701776288,0.5189872726153016,1,39.2,-76.81,0,18
Howard,firearms,2022,1,311,2,0.45288616523879455,0.9782518223638573,1,0,69.75,81.07619690321232,1.841009637548142,2.1319344157258286,0.4331038273866764,0,39.2,-76.81,0,13
Kent,archery,2020,1,255,2,0.8025539014763012,0.3378810934259665,0,1,72.39669421487604,82.95965265220119,-1.7082207480549172,1.5702638974359175,0.10311784029094981,0,39.15,-75.73,0,15
Anne Arundel,firearms,2021,5,344,6,0.21030635384215657,0.37658748839005973,0,0,48.75,61.11993413302954,-2.972990772025036,0.9312445681879837,0.28153560315161724,0,38.97,-76.55,0,14
Baltimore,firearms,2023,3,326,4,0.32089920237950764,0.7154423052865487,0,0,59.25,69.94885214859431,-0.5264479549405966,5.349151720648881,0.33311616437900493,0,39.27,-76.67,0,12
Carroll,archery,2020,3,270,4,0.31050178452130694,0.685527061146773,0,1,67.19008264462809,76.72037323319364,-1.7360561375736983,4.212614978609913,0.641855497171922,0,39.61,-77.14,0,18
Carroll,firearms,2022,2,321,3,0.7915180872687984,0.3710414047148724,1,0,64.5,75.84071884428026,-5.008955123435109,5.809286350105301,0.24689557827395772,0,39.61,-77.14,0,14
Worcester,firearms,2021,4,338,5,0.007127200624154284,0.0005012624065353077,0,0,54.0,60.790604657330604,0.9504736304962672,2.9993809319806632,0.5744265669842314,0,38.16,-75.36,0,13
Worcester,firearms,2021,7,357,8,0.6505278524811615,0.7925494213862753,0,0,38.25,52.5175320672493,-1.3803966522526256,6.604953315540704,0.6003016190202445,0,38.16,-75.36,0,26
Dorchester,archery,2021,15,352,13,0.4812118914661596,0.9965201424913652,0,0,35.950413223140494,49.08042098093087,-1.7331431307851022,5.388534797586095,0.43628676848258663,0,38.47,-75.87,0,13
Talbot,archery,2023,17,362,13,0.5399741216875782,0.9843117924303635,0,0,30.743801652892557,40.188219183180244,1.4827141792237128,0.137881535791815,0.629636157911188,0,38.73,-76.24,0,14
Talbot,muzzleloader,2023,1,316,2,0.9822672803495038,0.003100281428026097,1,0,69.75,84.25886894114697,1.9300462795151578,3.9143151320947207,0.40643089472090005,0,38.73,-76.24,0,15
Calvert,archery,2022,3,269,4,0.030632092712721715,0.009232344777890977,0,1,67.19008264462809,83.86378155526036,2.4581676700794866,5.778215442261182,0.2742088329635058,0,38.45,-76.47,0,17
Montgomery,archery,2022,6,291,7,0.7756223211787301,0.4198523609763214,1,0,59.3801652892562,76.47297005907541,1.437246064097573,1.9981021788099949,0.14279014445814067,0,39.15,-77.27,0,11
Harford,archery,2020,17,364,13,0.49364185160351326,0.9996010639301045,0,0,30.743801652892557,44.28189204709962,-1.0321735394105958,0.6572440879402629,0.21612534791915322,0,39.54,-76.22,0,14
Somerset,archery,2020,9,313,10,0.7666190492503802,0.4478845457338737,1,0,51.570247933884296,64.66475896817055,-0.18430630200747053,2.011266601737248,0.36220763729072175,0,38.18,-75.71,0,12
Queen Anne,archery,2022,6,291,7,0.7756223211787301,0.4198523609763214,1,0,59.3801652892562,69.24471251335467,-0.44346744240726865,5.065735583242926,0.8601034748784963,0,39.08,-75.94,0,14
Queen Anne,muzzleloader,2021,6,348,7,0.3457591226541581,0.7830109511302795,0,0,43.5,61.169211281245694,-0.7858780234932911,4.646311731785023,0.5586580547430628,0,39.08,-75.94,0,13
Prince George,firearms,2022,2,324,3,0.8931076638777995,0.10859403495877668,0,0,64.5,83.33506076297087,1.8563592987110973,0.7689772166309647,0.7136205182015501,0,38.81,-76.78,0,15
Frederick,archery,2022,4,274,5,0.19994805372772362,0.34533630430196643,0,1,64.58677685950413,73.9125993891044,2.7246840355936546,5.397533509485829,0.1993853129292705,0,39.41,-77.41,0,22
Baltimore,firearms,2023,5,340,6,0.794983893221513,0.36055303945490635,0,0,48.75,59.24373714610434,0.14886746270738802,2.3244286069063587,0.23551410225041666,0,39.27,-76.67,0,14
Garrett,firearms,2021,4,337,5,0.9732640084211539,0.007038348903326719,0,0,54.0,67.95404995019925,1.826340320574056,1.7431969603410422,0.7159280992435441,0,39.31,-79.48,0,11
Kent,firearms,2023,8,360,9,0.47224773728157743,0.9924177894556254,0,0,33.0,46.71079700562915,2.0473790005965,1.907738694302179,0.5988646107421197,0,39.15,-75.73,0,18
Harford,archery,2023,7,298,8,0.37272982069544014,0.8484745246922256,1,0,56.77685950413223,70.6164921563543,-2.376501899832572,3.960704277086404,0.3693143308083443,0,39.54,-76.22,0,18
Worcester,firearms,2023,1,313,2,0.8806777037404458,0.13406154697074069,1,0,69.75,77.13150724091678,-1.4296689868691235,1.2161078166981922,0.07373445223552794,0,38.16,-75.36,0,13
Dorchester,firearms,2021,5,340,6,0.07485358503015505,0.05428810163070513,0,0,48.75,56.53804401233275,-0.3138116954132646,0.3401482971719049,0.35520357682634623,0,38.47,-75.87,0,18
Cecil,archery,2023,16,359,13,0.43838454507857705,0.9629960578983737,0,0,33.34710743801653,46.0030755809226,2.5493046847023284,2.730203715099559,0.19320648320778844,0,39.67,-75.96,0,12
Worcester,archery,2020,15,350,13,0.019557160761451087,0.0037702036353516877,0,0,35.950413223140494,48.017625126814266,1.6677609724705258,0.3282550687560267,0.9428451370595803,0,38.16,-75.36,0,15
Washington,muzzleloader,2021,2,322,3,0.46531612537609135,0.9881740644186782,1,0,64.5,78.93946276750044,0.4810255045379741,8.020851922372865,0.49391260971334033,0,39.64,-77.8,0,13
Somerset,archery,2023,2,260,3,0.08592851698136883,0.07112118719698085,0,1,69.79338842975207,84.09190029823898,-3.631004290563397,4.628628187859437,0.3853818503286545,0,38.18,-75.71,0,15
Harford,archery,2021,1,252,2,0.09489267116595101,0.08627028168263712,0,1,72.39669421487604,87.76369307618947,2.2596623415090673,2.1053942370995338,0.23393049068445507,0,39.54,-76.22,0,19
Talbot,archery,2021,9,306,10,0.9235050501280853,0.056648536702654295,1,0,51.570247933884296,64.21743799951,1.7970970084180402,3.7238205942306335,0.2821154048290345,0,38.73,-76.24,0,13
Washington,archery,2022,15,354,13,0.9090034299678678,0.07952187806303684,0,0,35.950413223140494,54.78875136765649,1.7729052673149042,1.8152328132795996,0.3808598683405139,0,39.64,-77.8,0,15
Anne Arundel,archery,2023,9,308,10,0.711361742725444,0.6201968043161783,1,0,51.570247933884296,60.256310937500956,2.4479514835233402,4.850607392401236,0.49122343565486815,0,38.97,-76.55,0,21
Caroline,muzzleloader,2020,1,314,2,0.8004822414533805,0.344051357760488,1,0,69.75,78.45128119144965,-0.2249937894741714,1.5943128347282327,0.24844266606709303,0,38.89,-75.81,0,21
Cecil,firearms,2023,6,352,7,0.20134219965751754,0.34950721690353714,0,0,43.5,57.8269314462529,-0.4327909366409738,1.0802145321536754,0.5283710953111372,0,39.67,-75.96,0,15
Somerset,firearms,2021,6,349,7,0.37962231485715847,0.8636710505452458,0,0,43.5,52.037544771018034,-1.7021343544370373,1.8150517548017986,0.26680805956874515,0,38.18,-75.71,0,7
Caroline,firearms,2022,3,330,4,0.09628681709580178,0.08874551431299516,0,0,59.25,68.37607277853874,1.324882961077983,2.825806781061218,0.23498438855111847,0,38.89,-75.81,0,15
Somerset,muzzleloader,2023,6,346,7,0.9981630464395153,3.330360741893301e-05,0,0,43.5,56.28978845511578,-0.8852376075193698,0.48889765413677344,0.29980594972665087,0,38.18,-75.71,0,12
Prince George,archery,2021,13,340,13,0.07485358503015505,0.05428810163070513,0,0,41.15702479338843,48.86674549531456,2.711849421588072,8.285069204328147,0.45255463240789384,0,38.81,-76.78,0,17
Worcester,firearms,2020,0,308,1,0.5973030882353783,0.9094302532940565,1,0,75.0,89.85691336685545,-2.4569830388368596,3.1073874526803755,0.7893182188547591,0,38.16,-75.36,0,15
Montgomery,archery,2023,14,346,13,0.9981630464395153,3.330360741893301e-05,0,0,38.55371900826446,51.808691210446135,0.8183025904824354,11.065994820035757,0.4436509435327087,0,39.15,-77.27,0,13
St Mary,firearms,2022,4,335,5,0.2656027781108037,0.5489390937279066,0,0,54.0,67.48988665260045,1.5138068240847025,0.9524385904781779,0.6207522956056524,0,38.27,-76.8,0,20
Somerset,firearms,2022,2,319,3,0.7237917028627976,0.5819641850095828,1,0,64.5,76.45821510778146,-0.8270449287836817,0.40582580822548964,0.11501627529731953,0,38.18,-75.71,0,25
Baltimore,muzzleloader,2023,5,341,6,0.8288470854245134,0.26230342743588053,0,0,48.75,62.421801411506536,0.4206814809323138,1.3783926854063626,0.42062733314926776,0,39.27,-76.67,0,21
Montgomery,archery,2020,14,346,13,0.8841043919494496,0.1268110842921742,0,0,38.55371900826446,51.6766992519527,-1.4669150181450332,8.353466870759584,0.27993702533783915,0,39.15,-77.27,0,14
Montgomery,muzzleloader,2020,2,323,3,0.10525097128044081,0.1054062310926811,1,0,64.5,77.31309049306634,-1.0227647394562926,0.60372237013127,0.33263218379820275,0,39.15,-77.27,0,15
Garrett,firearms,2020,3,326,4,0.20684054788944195,0.366066310844015,0,0,59.25,68.94634489858785,-2.240980823207028,8.747371180553294,0.5291552320866988,0,39.31,-79.48,0,15
Howard,archery,2020,14,347,13,0.91796758415245,0.06495830975515599,0,0,38.55371900826446,47.15918787074914,-0.08749944252995304,6.521185898644729,0.6916582510204979,0,39.2,-76.81,0,15
Montgomery,archery,2021,4,276,5,0.907609284038017,0.08190792407941605,0,1,64.58677685950413,76.58802006713798,3.074458670615891,4.5324133192528535,0.37692966154885077,0,39.15,-77.27,0,22
Talbot,muzzleloader,2022,3,325,4,0.9269708560807999,0.051720027324518913,0,0,59.25,70.52856843759199,0.2732270545749603,4.403904833875577,0.16020392129075336,0,38.73,-76.24,0,17
Harford,firearms,2021,0,309,1,0.0250946267370864,0.006202421614721398,1,0,75.0,83.05976902948791,-0.33360737211204355,4.1953219261262,0.27523474638630996,0,39.54,-76.22,0,13
Dorchester,muzzleloader,2023,8,360,9,0.47224773728157743,0.9924177894556254,0,0,33.0,43.67431928102352,-1.0995806628243687,6.109848790549357,0.4100742124469545,0,38.47,-75.87,0,21
Prince George,firearms,2021,2,322,3,0.46531612537609135,0.9881740644186782,1,0,64.5,72.34387651248804,-1.4828024032336393,2.2579036915403643,0.6240576879123242,0,38.81,-76.78,0,25
Somerset,firearms,2021,8,361,9,0.785980621293163,0.3879239495553675,0,0,33.0,43.335603057702336,-1.2096817396924604,8.026015069412736,0.1292151622309744,0,38.18,-75.71,0,14
Calvert,archery,2022,16,358,13,0.04445619877986928,0.019379331894285756,0,0,33.34710743801653,40.60370421534629,0.33273812222796684,6.188896759643669,0.3691309421117964,0,38.45,-76.47,0,11
Carroll,firearms,2020,7,360,8,0.35818908279151174,0.8143078820882296,0,0,38.25,47.540963727415225,-0.23402390148970864,7.72732166985991,0.171708687810726,0,39.61,-77.14,0,11
Anne Arundel,firearms,2021,4,335,5,0.9055376240151531,0.08551271770022578,0,0,54.0,67.74179525242718,-0.6862567078622325,1.5142151487512745,0.26858146622799267,0,38.97,-76.55,0,17
St Mary,archery,2020,12,331,13,0.37615650890444385,0.8561131505441137,0,0,43.760330578512395,56.442548622083926,-0.41709210698720417,1.1345569877667296,0.891713051266914,0,38.27,-76.8,0,15
Dorchester,archery,2022,7,296,8,0.944938282193732,0.029625329535761302,1,0,56.77685950413223,69.20647222545914,3.0143799544882035,9.638893846129111,0.3054868898638936,0,38.47,-75.87,0,20
Caroline,archery,2020,13,341,13,0.7147884309344477,0.6097201807013685,0,0,41.15702479338843,51.994641616841584,4.600279888954545,1.3269223626907545,0.24228860540094854,0,38.89,-75.81,0,21
Howard,muzzleloader,2023,0,309,1,0.7452249349284443,0.5149990588612463,1,0,75.0,86.75132309696335,-1.470412196967943,2.412994473273908,0.37004996173043064,0,39.2,-76.81,0,12
Dorchester,muzzleloader,2021,2,324,3,0.5330425097820921,0.9892629420839378,0,0,64.5,79.79616188702038,1.0602471939885176,8.935992739633168,0.2728551452792646,0,38.47,-75.87,0,21
Talbot,firearms,2022,5,339,6,0.4010555469228052,0.9064487403370917,0,0,48.75,55.738061484063635,-0.7564384031754002,2.3310601154481554,0.6098220670510596,0,38.73,-76.24,0,24
Howard,archery,2023,8,299,9,0.4065930128984405,0.9163325264173683,1,0,54.17355371900827,68.96363844666851,-0.905336970574305,5.5887247423978215,0.22375615799636173,0,39.2,-76.81,0,15
Caroline,archery,2022,17,362,13,0.1799089675918708,0.28685162051221047,0,0,30.743801652892557,49.59680225987732,0.21064363442804268,2.88331750988531,0.24401173709607443,0,38.89,-75.81,0,13
Caroline,firearms,2020,5,340,6,0.6809252387314473,0.7102559813941427,0,0,48.75,63.13746284632572,1.5356985238536154,2.646331647693489,0.6580320443446456,0,38.89,-75.81,0,18
Kent,archery,2020,9,310,10,0.665029472641379,0.7544410065176024,1,0,51.570247933884296,65.03900833802672,0.31518099822456314,2.7811449245277426,0.5117305403801156,0,39.15,-75.73,0,16
Montgomery,firearms,2020,7,360,8,0.35818908279151174,0.8143078820882296,0,0,38.25,50.891281555145596,-0.13645525043185847,1.5389037918343187,0.23326916365730183,0,39.15,-77.27,0,16
Dorchester,archery,2020,12,332,13,0.41001970110744423,0.9221971233663473,0,0,43.760330578512395,50.255727218135775,0.32800234829340386,6.104488742864922,0.19535541235309642,0,38.47,-75.87,0,19
Garrett,firearms,2022,2,323,3,0.8592444716747991,0.1831204505031771,1,0,64.5,81.07275463314404,-0.933772346757664,5.663633407836628,0.6131448867224545,0,39.31,-79.48,0,14
Carroll,muzzleloader,2023,4,335,5,0.6256679322065111,0.8520665091466472,0,0,54.0,65.38427226505118,-1.1725716739719443,1.512903902116349,0.5750291987601769,0,39.61,-77.14,0,18
Queen Anne,firearms,2023,5,341,6,0.8288470854245134,0.26230342743588053,0,0,48.75,61.4485920820796,-1.0911612800033312,1.829309172149297,0.33763890792950213,0,39.08,-75.94,0,18
Wicomico,firearms,2021,7,355,8,0.5828014680751608,0.9338457344595841,0,0,38.25,47.832455061898784,-0.6706879966889728,1.9379752587057668,0.32732554143963755,0,38.33,-75.32,0,21
Talbot,firearms,2021,8,363,9,0.8537070056991638,0.19676620916064852,0,0,33.0,49.66520583972611,0.36854608682932555,0.9840522322149703,0.7394687795510327,0,38.73,-76.24,0,18
Wicomico,archery,2021,6,288,7,0.31396759047402156,0.6955931336294042,1,0,59.3801652892562,72.43852422567555,-1.8807772346301774,3.046514518430485,0.269304570924189,0,38.33,-75.32,0,15
Somerset,firearms,2023,1,316,2,0.9822672803495038,0.003100281428026097,1,0,69.75,87.26367494949585,-0.04597334642881505,8.610359499387688,0.5008835947312291,0,38.18,-75.71,0,13
Washington,firearms,2023,8,363,9,0.5738373138905786,0.9471496442906346,0,0,33.0,40.80889893379246,-1.081612916756462,0.8809896631257174,0.47157640749243485,0,39.64,-77.8,0,13
Carroll,muzzleloader,2023,2,321,3,0.15158324136450574,0.21014581815780486,1,0,64.5,81.48480281806242,4.025072396043304,5.280726545962179,0.6141092763561117,0,39.61,-77.14,0,20
Frederick,muzzleloader,2022,4,335,5,0.2656027781108037,0.5489390937279066,0,0,54.0,62.4566423691892,0.11868253271759482,4.245061773130625,0.4120186161836395,0,39.41,-77.41,0,10
Talbot,firearms,2022,2,320,3,0.757654895065798,0.47596070888169567,1,0,64.5,79.37557986906113,1.710802996487978,5.032461637210925,0.37846068080199047,0,38.73,-76.24,0,19
Queen Anne,firearms,2023,5,345,6,0.9642998542365149,0.012526161015673276,0,0,48.75,63.800131815339086,1.3683218642893007,9.36860706232674,0.4258395615483119,0,39.08,-75.94,0,22
Montgomery,archery,2023,4,271,5,0.458423631214373,0.9830362569780434,0,1,64.58677685950413,80.53192523238604,-2.2102519563119407,1.247474977486403,0.6751035332776998,0,39.15,-77.27,0,22
Talbot,firearms,2021,5,340,6,0.07485358503015505,0.05428810163070513,0,0,48.75,55.23748974169756,0.2586526484469098,6.256096257297107,0.4753348757728367,0,38.73,-76.24,0,14
Calvert,archery,2022,14,343,13,0.5365083157348636,0.9869028091251425,0,0,38.55371900826446,45.67496397833563,1.1060269488894054,4.2685407892440805,0.49822891075188797,0,38.45,-76.47,0,14
Baltimore,muzzleloader,2020,6,353,7,0.12114673737045223,0.13799126277458668,0,0,43.5,57.798697219393254,0.484779600520732,6.481954484639617,0.4250671519350684,0,39.27,-76.67,0,19
Anne Arundel,firearms,2023,7,359,8,0.43838454507857705,0.9629960578983737,0,0,38.25,51.139819656801585,-1.1456215677038317,4.886953117641884,0.30786631149234167,0,38.97,-76.55,0,15
Caroline,archery,2020,15,353,13,0.12114673737045223,0.13799126277458668,0,0,35.950413223140494,48.736969302919064,3.7456048926165115,6.349081897411794,0.2774856885539683,0,38.89,-75.81,0,20
Somerset,muzzleloader,2022,8,360,9,0.11218258318587004,0.11915014786179073,0,0,33.0,47.9715323531714,0.629180794406244,1.3477999673391037,0.4202389797838576,0,38.18,-75.71,0,16
St Mary,archery,2020,0,248,1,0.5655115560552701,0.9582366869203547,0,1,75.0,89.21061441566724,-1.752938669672733,3.48210077988756,0.6507820688417099,0,38.27,-76.8,0,13
Howard,muzzleloader,2023,4,338,5,0.7272575088155122,0.5712047423658192,0,0,54.0,62.41741460850543,0.3681123815269281,0.8504542258187768,0.4619939499722671,0,39.2,-76.81,0,11
Anne Arundel,firearms,2023,0,309,1,0.7452249349284443,0.5149990588612463,1,0,75.0,87.55817183620614,-1.6960640161584888,2.3158934940430624,0.2489413890840102,0,38.97,-76.55,0,19
Queen Anne,archery,2023,16,358,13,0.40452135287557667,0.9126932054467352,0,0,33.34710743801653,43.100396519903754,-2.88155326442075,8.490367301958075,0.3678925328939374,1,39.08,-75.94,0,20
Somerset,archery,2021,1,252,2,0.09489267116595101,0.08627028168263712,0,1,72.39669421487604,83.7589074463011,1.8762631648645969,7.5472732681588095,0.5056860799213202,0,38.18,-75.71,0,18
Worcester,firearms,2022,4,334,5,0.2317395859078033,0.4427589951458601,0,0,54.0,66.80275477775967,2.3342515634397656,3.33319072416431,0.29922956184713123,0,38.16,-75.36,0,16
Somerset,firearms,2021,2,319,3,0.3637265487670902,0.8276444370994818,1,0,64.5,82.14245247697262,0.5426237141212022,0.44010420838076864,0.4835221794087192,0,38.18,-75.71,0,21
Frederick,firearms,2022,1,316,2,0.6222021262537965,0.8597137534098416,1,0,69.75,82.75680953693,-1.443420385708461,4.58256578592448,0.07394045428254793,0,39.41,-77.41,0,16
St Mary,firearms,2022,6,349,7,0.7396874689528659,0.5323751063979798,0,0,43.5,53.840872006320325,0.7494835662389174,7.569397592818325,0.3332837760938217,0,38.27,-76.8,0,9
Worcester,firearms,2020,4,333,5,0.4438828933104446,0.9692400071255501,0,0,54.0,64.69754375998002,0.5797744701158862,1.5696529132165347,0.37441095629355137,0,38.16,-75.36,0,14
Somerset,firearms,2022,0,308,1,0.3512965886297934,0.7971782491486725,1,0,75.0,87.35809796037498,-1.2232344190094138,2.6690672639523374,0.2223867563020285,0,38.18,-75.71,0,15
Talbot,muzzleloader,2023,1,315,2,0.9484040881464466,0.02604494265773899,1,0,69.75,81.2730656366644,-0.28191072410325363,3.3822960193815663,0.4359282709851398,0,38.73,-76.24,0,13
Talbot,archery,2020,8,301,9,0.3602607428143756,0.8193427310371435,1,0,54.17355371900827,60.63000943800052,-0.33022990953452835,3.6229842861441575,0.22269733934904443,0,38.73,-76.24,0,23
Kent,archery,2023,8,304,9,0.5759089739134424,0.9441995763914877,1,0,54.17355371900827,65.2579794651266,0.3343456457000526,0.8922965870027968,0.4414281366088463,0,39.15,-75.73,0,18
Worcester,archery,2020,13,339,13,0.6470620465284469,0.80130923792404,0,0,41.15702479338843,47.94606921199824,5.127593460356302,10.381818712149833,0.3013046720497312,0,38.16,-75.36,0,19
Somerset,firearms,2023,4,334,5,0.5918047400035107,0.9190988780283522,0,0,54.0,60.347437356921745,-1.0293219076999947,10.047857034098179,0.0953816236933123,0,38.18,-75.71,0,19
Montgomery,archery,2020,17,363,13,0.4597786594005129,0.984118182785114,0,0,30.743801652892557,44.279757394628405,2.766512926784742,0.3828188014661984,0.3528136676700614,0,39.15,-77.27,0,18
Calvert,firearms,2020,0,310,1,0.665029472641379,0.7544410065176024,1,0,75.0,89.4967558916363,0.14031385852023556,5.781205542899963,0.6022748054219813,0,38.45,-76.47,0,14
Dorchester,firearms,2022,7,355,8,0.9428666221708681,0.03187210151816089,0,0,38.25,46.94813649973063,-0.8637987297566787,2.4345111345197172,0.297639081887686,0,38.47,-75.87,0,13
Kent,archery,2023,7,295,8,0.271140244086439,0.5662189139730807,1,0,56.77685950413223,69.10933780678602,-1.2216535664568948,5.648973634831686,0.5585446760813769,0,39.15,-75.73,0,17
Washington,archery,2020,16,360,13,0.35818908279151174,0.8143078820882296,0,0,33.34710743801653,42.3146732755883,2.6847379334040116,3.0855454572763508,0.8203682896520814,0,39.64,-77.8,0,16
Howard,archery,2022,2,259,3,0.6920001706826611,0.6782054383549608,0,1,69.79338842975207,81.36427476113911,-2.772662826141346,5.042818711402333,0.643946252546808,0,39.2,-76.81,0,14
Frederick,firearms,2020,4,339,5,0.6470620465284469,0.80130923792404,0,0,54.0,67.97436491254702,2.043178236365824,0.8393968850862538,0.5790389356271397,0,39.41,-77.41,0,17
Caroline,firearms,2020,5,341,6,0.7147884309344477,0.6097201807013685,0,0,48.75,59.81935709715679,0.13686847405495567,3.969551825530684,0.33510951812464795,0,38.89,-75.81,0,9
Garrett,muzzleloader,2020,3,330,4,0.3422933167014435,0.7739684756451792,0,0,59.25,76.7738618003598,-0.827570674523993,0.5300119246980144,0.7306169782912371,0,39.31,-79.48,0,12
Anne Arundel,firearms,2020,2,322,3,0.07138777907744043,0.04945997736477109,1,0,64.5,80.77925276568868,-0.4128159083981315,2.469348028346991,0.6584748195904152,0,38.97,-76.55,0,14
Caroline,archery,2022,9,306,10,0.28357020422379264,0.604683620352584,1,0,51.570247933884296,58.46677865803562,2.1765319035085384,5.918874899416368,0.18892539525543992,0,38.89,-75.81,0,18
Kent,archery,2022,2,260,3,0.7258633628856614,0.5755371536507978,0,1,69.79338842975207,85.90888800985087,-1.3971956314094929,1.7008605746357417,0.11335625476473182,0,39.15,-75.73,0,22
Harford,archery,2021,13,338,13,0.007127200624154284,0.0005012624065353077,0,0,41.15702479338843,55.070402780988,-1.0449837848862877,7.584654105728736,0.515613287063485,0,39.54,-76.22,0,19
Talbot,firearms,2023,7,358,8,0.40452135287557667,0.9126932054467352,0,0,38.25,44.81362734464616,1.4950983175877137,5.903536944922448,0.24420196949926645,0,38.73,-76.24,0,22
Anne Arundel,firearms,2021,3,327,4,0.6346320863910933,0.8315220528042181,0,0,59.25,75.21069008488067,-2.4738783505588757,1.05044871876388,0.44572318998331456,0,38.97,-76.55,0,28
Wicomico,archery,2020,13,341,13,0.7147884309344477,0.6097201807013685,0,0,41.15702479338843,54.03039521344323,-1.6915686820139741,1.3595931525180185,0.23508061240305206,0,38.33,-75.32,0,11
Dorchester,firearms,2022,3,326,4,0.9608340482838003,0.01506344518295022,0,0,59.25,68.70849141902775,-0.7360116279135687,3.018607121591079,0.18700246894036374,0,38.47,-75.87,0,11
Cecil,archery,2021,5,283,6,0.14465162945901966,0.1926824320669538,1,0,61.98347107438016,75.70565619628607,0.8323379922511686,2.734345455317686,0.44705099468049436,0,39.67,-75.96,0,11
Dorchester,muzzleloader,2021,4,336,5,0.9394008162181535,0.03580800446252169,0,0,54.0,72.38654757715999,0.7281896320988867,1.548380040019319,0.5184072352922369,0,38.47,-75.87,0,16
Talbot,muzzleloader,2022,4,335,5,0.2656027781108037,0.5489390937279066,0,0,54.0,58.96970501444376,1.175333403379968,11.360249549200645,0.5986417752330941,0,38.73,-76.24,0,10
Kent,muzzleloader,2023,8,362,9,0.5399741216875782,0.9843117924303635,0,0,33.0,44.31762536881305,1.282038230632142,4.060215147420809,0.7840776352138363,0,39.15,-75.73,0,18
Dorchester,firearms,2020,0,308,1,0.5973030882353783,0.9094302532940565,1,0,75.0,89.42972489529188,1.0970004862275418,2.1303556170698985,0.11665233256786914,0,38.47,-75.87,0,20
Worcester,archery,2021,11,324,12,0.5330425097820921,0.9892629420839378,0,0,46.36363636363636,59.31191021964368,-0.738911392898598,7.929469904700528,0.49802810991652957,0,38.16,-75.36,0,22
Carroll,firearms,2021,1,312,2,0.12668420334608754,0.15020769438398984,1,0,69.75,81.75574525496128,-0.9645882279712189,4.660047908276627,0.1251014205039503,0,39.61,-77.14,0,11
Howard,firearms,2021,0,308,1,0.991231434534086,0.0007586596478646457,1,0,75.0,78.30075438013765,0.7064246880837939,9.929062713707724,0.602110019176861,0,39.2,-76.81,0,15
Dorchester,archery,2023,15,348,13,0.06588943084551602,0.04223956924860145,0,0,35.950413223140494,50.13687763723706,2.6803970486253728,4.478574685638276,0.7570683361350362,0,38.47,-75.87,0,16
Carroll,archery,2021,8,300,9,0.720325896910083,0.5926847611754784,1,0,54.17355371900827,67.44217939550147,2.170733009816421,4.5874054764789225,0.041873928306468994,0,39.61,-77.14,0,13
Washington,firearms,2022,5,345,6,0.6042347001408643,0.8965465212194158,0,0,48.75,56.52485161290745,-0.8567824274507279,7.707290374285959,0.42020312696118284,0,39.64,-77.8,0,19
Baltimore,archery,2021,1,251,2,0.061029478962950634,0.03631206398311604,0,1,72.39669421487604,88.8663104471573,0.9022435927822832,5.088572710153171,0.4810147559815057,0,39.27,-76.67,0,8
Queen Anne,archery,2023,12,327,13,0.354762394582508,0.8058633668694597,0,0,43.760330578512395,57.8010423425287,2.021936118003869,2.6094149663752484,0.6181751752981186,0,39.08,-75.94,0,9
Dorchester,firearms,2020,6,351,7,0.05342035296445147,0.02790179109718821,0,0,43.5,60.15308943659503,-0.5485420899416722,1.7753668367001911,0.4015700215976133,0,38.47,-75.87,0,15
Somerset,archery,2023,16,361,13,0.5061109294845778,0.9996314801089379,0,0,33.34710743801653,49.49998173314111,-3.500948634167375,4.843894940891266,0.35609168108957756,1,38.18,-75.71,0,12
Anne Arundel,archery,2023,7,292,8,0.16955066747743786,0.2578871127497864,1,0,56.77685950413223,66.86542528528693,-0.416229718933805,5.379250126139558,0.4513628948152108,0,38.97,-76.55,0,25
Washington,firearms,2020,8,361,9,0.3920522749945121,0.8893342134913929,0,0,33.0,44.05109134270414,1.4293930178673655,0.9537361212843037,0.5156950217334755,0,39.64,-77.8,0,6
Howard,archery,2022,12,333,13,0.19787639370480292,0.3391604657199333,0,0,43.760330578512395,53.018318866134074,2.2839295586232615,4.241482300994689,0.5471347453455476,0,39.2,-76.81,0,19
Anne Arundel,firearms,2020,6,350,7,0.019557160761451087,0.0037702036353516877,0,0,43.5,56.68706749441451,-1.410628572948481,2.0038328275638118,0.4004922504723666,0,38.97,-76.55,0,10
Anne Arundel,archery,2023,12,330,13,0.45635197119150916,0.9813144759249244,0,0,43.760330578512395,53.80469039319567,0.1742037853093678,9.221480850374329,0.7307564445190912,0,38.97,-76.55,0,14
Washington,archery,2021,4,271,5,0.7382933230230151,0.5367444559426006,0,1,64.58677685950413,74.83450915436451,0.6341884676014083,3.983143234501438,0.32202188701008244,0,39.64,-77.8,0,19
Kent,firearms,2023,4,338,5,0.7272575088155122,0.5712047423658192,0,0,54.0,68.40047766038373,-1.7488241223453524,6.17126778719157,0.22749247491702465,0,39.15,-75.73,0,18
Anne Arundel,archery,2023,15,352,13,0.20134219965751754,0.34950721690353714,0,0,35.950413223140494,52.33472187505537,3.413999107402926,3.0526433679219034,0.04304189471937414,0,38.97,-76.55,0,21
Carroll,archery,2020,1,256,2,0.8364170936793016,0.24165746754097145,0,1,72.39669421487604,81.83781817143294,3.819843814342926,11.237380702353963,0.303649557737812,0,39.61,-77.14,0,15
Garrett,muzzleloader,2022,5,343,6,0.5365083157348636,0.9869028091251425,0,0,48.75,57.19114873449976,2.144535181805106,7.094681051836997,0.5281115009927565,0,39.31,-79.48,0,19
Wicomico,firearms,2023,0,306,1,0.6436353583194432,0.8098297320779287,1,0,75.0,89.7292620047559,2.5656571388304887,6.127556543839805,0.5083595736571602,0,38.33,-75.32,0,21
Prince George,firearms,2021,3,326,4,0.6007688941880929,0.903083956154713,0,0,59.25,73.77089258247769,-0.9384800168102534,5.138670589624545,0.3428859547780429,0,38.81,-76.78,0,23
Dorchester,firearms,2023,8,362,9,0.5399741216875782,0.9843117924303635,0,0,33.0,45.83788255265726,-3.1123586902255598,1.9544518705848455,0.6564920609760381,1,38.47,-75.87,0,13
Queen Anne,firearms,2022,8,363,9,0.21377215979487119,0.3871671867357758,0,0,33.0,43.314729813802806,-2.0776412952322354,0.49771650745936297,0.5812660730679152,1,39.08,-75.94,0,20
Worcester,archery,2023,9,306,10,0.6436353583194432,0.8098297320779287,1,0,51.570247933884296,60.44815345288853,-0.9872866220462331,2.028179066747743,0.4915859957191986,0,38.16,-75.36,0,18
Dorchester,firearms,2022,0,310,1,0.41902297303579417,0.9366663886335291,1,0,75.0,83.28848390772846,0.9204246990628245,1.0772907708461246,0.5619718888980024,0,38.47,-75.87,0,22
Queen Anne,muzzleloader,2022,1,315,2,0.5883389340507961,0.924937074352017,1,0,69.75,81.56244169037102,-0.6037819395616932,6.764349911677687,0.27545646221009784,0,39.08,-75.94,0,16
Frederick,firearms,2021,0,309,1,0.0250946267370864,0.006202421614721398,1,0,75.0,84.98618373372571,-2.417783642872721,4.778521422343572,0.462115745400527,0,39.41,-77.41,0,15
Montgomery,archery,2020,14,342,13,0.748651623137448,0.5042360001710235,0,0,38.55371900826446,52.16532144556028,-1.392715881296959,3.769211344612813,0.20613292692381568,0,39.15,-77.27,0,30
Worcester,muzzleloader,2022,1,313,2,0.5206125496447953,0.9958124882628938,1,0,69.75,82.83281079464224,1.2330923630014832,1.8288761431626543,0.38188801744260303,0,38.16,-75.36,0,14
Prince George,archery,2021,4,273,5,0.8060197074290159,0.3276204201729148,0,1,64.58677685950413,79.39804769406233,-1.0508087480990285,4.1363518132043104,0.6535187937068443,0,38.81,-76.78,0,20
Washington,firearms,2023,3,327,4,0.354762394582508,0.8058633668694597,0,0,59.25,65.9189716237877,0.8085125376935892,2.4189002157268216,0.4468914166108784,0,39.64,-77.8,0,12
Montgomery,firearms,2022,7,356,8,0.9767298143738685,0.005334891863390645,0,0,38.25,51.11333007123802,-2.092069725302202,7.9206864895609685,0.44167547899057924,1,39.15,-77.27,0,17
Carroll,muzzleloader,2021,4,336,5,0.9394008162181535,0.03580800446252169,0,0,54.0,65.77806264713173,-0.9638690611668749,7.57377415127858,0.2268417666284437,0,39.61,-77.14,0,18
Howard,muzzleloader,2021,4,333,5,0.8378112396091524,0.23791751633781322,0,0,54.0,69.75700507508392,-3.4413764036416348,5.286996035579966,0.0754963385561916,0,39.2,-76.81,0,11
Anne Arundel,archery,2022,4,277,5,0.30153763033672476,0.6590953963098589,0,1,64.58677685950413,74.83875360684115,-3.2229883592382467,2.535177137586568,0.7356344393961657,0,38.97,-76.55,0,23
Calvert,firearms,2022,7,357,8,0.010593006576868902,0.0011070771786803046,0,0,38.25,45.16746914909389,-2.141403084123075,10.791768022901257,0.790465113075333,1,38.45,-76.47,0,16
Frederick,muzzleloader,2023,8,360,9,0.47224773728157743,0.9924177894556254,0,0,33.0,45.05701181106263,1.8416901167479078,1.209982199933009,0.36058973745598943,0,39.41,-77.41,0,29
Caroline,archery,2021,3,269,4,0.6705669386170143,0.7393145308596731,0,1,67.19008264462809,75.99278905131874,0.6128762339509469,3.060963368015696,0.5531689485513063,0,38.89,-75.81,0,13
Caroline,archery,2023,16,360,13,0.47224773728157743,0.9924177894556254,0,0,33.34710743801653,43.543300496584926,-4.322121290817694,1.7360998391403264,0.10912874200325047,1,38.89,-75.81,0,23
Washington,archery,2022,2,258,3,0.6581369784796607,0.772836658296158,0,1,69.79338842975207,77.33050709190604,-1.2779303741208146,3.9851990141451075,0.34681593628783586,0,39.64,-77.8,0,15
Wicomico,archery,2023,11,323,12,0.2193096257705065,0.40417977295631147,1,0,46.36363636363636,59.75212022677096,0.2801268210127337,5.440940412515353,0.18372349388018108,0,38.33,-75.32,0,13
Kent,firearms,2022,2,318,3,0.6899285106597972,0.6842710766266564,1,0,64.5,76.61948572033857,-0.40098088218025557,3.7796003846376656,0.05962302587765007,0,39.15,-75.73,0,14
Calvert,firearms,2022,4,337,5,0.33332916251680444,0.7499886523776041,0,0,54.0,64.06003054167675,-2.1773102068439902,1.7410225659120342,0.37885391166505417,0,38.45,-76.47,0,15
Baltimore,firearms,2022,5,342,6,0.5026451235318063,0.999930947140589,0,0,48.75,60.54698203965216,4.016238581331056,1.7861363210930452,0.032818397950784034,0,39.27,-76.67,0,12
Baltimore,muzzleloader,2023,2,321,3,0.15158324136450574,0.21014581815780486,1,0,64.5,79.78210934874745,0.37031711625693825,2.8349070390664384,0.5786349903694128,0,39.27,-76.67,0,20
Wicomico,firearms,2022,8,360,9,0.11218258318587004,0.11915014786179073,0,0,33.0,47.59233917315288,-0.8124911329115324,0.4245386671870898,0.3091285913691064,0,38.33,-75.32,0,9
Prince George,firearms,2020,6,348,7,0.9518307763554503,0.022725914210856735,0,0,43.5,57.51221943374097,0.6042246093732422,5.004602235288929,0.5365003759375447,0,38.81,-76.78,0,16
Howard,firearms,2023,2,320,3,0.11772004916150536,0.13065006263456885,1,0,64.5,76.01996006342294,2.9070510613546543,0.9057389743221436,0.5809776478419373,0,39.2,-76.81,0,13
Queen Anne,archery,2023,0,244,1,0.5441174417333627,0.9809129981120364,0,1,75.0,88.1761948299721,1.4916795330667612,2.7681791246671272,0.2892691185347151,0,39.08,-75.94,0,11
Anne Arundel,archery,2021,2,260,3,0.3657982087900109,0.832532779938774,0,1,69.79338842975207,82.18004293799832,-1.2672812561934632,5.660719942702349,0.3336111615028912,0,38.97,-76.55,0,18
Carroll,firearms,2021,1,316,2,0.26213697215808907,0.5380924769328443,1,0,69.75,80.34959160371426,2.447887727827464,1.8377996844685707,0.5466584273884773,0,39.61,-77.14,0,9
Garrett,firearms,2023,7,357,8,0.3706581606725763,0.8437778906032096,0,0,38.25,49.104862460244156,-2.645597205733917,1.175601396812798,0.23647281858564156,1,39.31,-79.48,0,21
Montgomery,firearms,2021,0,308,1,0.991231434534086,0.0007586596478646457,1,0,75.0,88.56814922664528,-2.2693011626534143,5.691198364507459,0.42986428303580554,0,39.15,-77.27,0,19
Baltimore,archery,2023,5,279,6,0.7293291688384329,0.5647569140823899,0,1,61.98347107438016,72.71644467789733,1.5725528091786032,4.30668880033284,0.5895791487267085,0,39.27,-76.67,0,15
Garrett,firearms,2023,3,330,4,0.45635197119150916,0.9813144759249244,0,0,59.25,71.27406625560978,-0.40868533275341584,1.2150619452755271,0.2969464206889651,0,39.31,-79.48,0,21
Carroll,archery,2022,2,262,3,0.7935897472916622,0.3647643906527077,0,1,69.79338842975207,85.54344757718717,2.057904863630522,1.2642133876222166,0.5372463016393696,0,39.61,-77.14,0,16
Washington,archery,2022,13,340,13,0.4349187391258056,0.9587758657190124,0,0,41.15702479338843,53.683098472571714,2.7982406853904247,9.800279409382828,0.2968286822022786,0,39.64,-77.8,0,13
Anne Arundel,muzzleloader,2022,3,330,4,0.09628681709580178,0.08874551431299516,0,0,59.25,72.16541884697357,1.0398168478716607,2.6296959011158956,0.30936408363525464,0,38.97,-76.55,0,15
Carroll,archery,2023,10,315,11,0.9484040881464466,0.02604494265773899,1,0,48.966942148760324,59.86410512715651,1.6162085778336877,3.591406091598004,0.05684216321648217,0,39.61,-77.14,0,10
Montgomery,archery,2021,11,323,12,0.49917931757909173,0.9999933526423657,1,0,46.36363636363636,56.35300855069306,1.0021660256921872,2.3606553479966226,0.4651497297014525,0,39.15,-77.27,0,12
Queen Anne,archery,2022,14,347,13,0.6719610845468651,0.7354598248849504,0,0,38.55371900826446,50.432577464706114,0.8924208443560673,2.123110732181109,0.4282244550058189,0,39.08,-75.94,0,15
Somerset,muzzleloader,2022,1,315,2,0.5883389340507961,0.924937074352017,1,0,69.75,88.06203036173754,0.5971445294189068,6.319429185315752,0.4860925934265283,0,38.18,-75.71,0,22
Queen Anne,muzzleloader,2021,8,361,9,0.785980621293163,0.3879239495553675,0,0,33.0,46.028098569435834,0.2985434376843973,0.6860373417958188,0.13789098477297598,0,39.08,-75.94,0,8
Frederick,firearms,2023,2,320,3,0.11772004916150536,0.13065006263456885,1,0,64.5,73.78622530129968,-1.9435640480430112,3.559406010155429,0.6690999239771939,0,39.41,-77.41,0,20
Baltimore,archery,2020,14,343,13,0.7825148153404484,0.3985607760450127,0,0,38.55371900826446,51.02709694683067,-1.1977196181617582,4.82980887222851,0.5293683958711811,0,39.27,-76.67,0,11
Anne Arundel,muzzleloader,2022,6,348,7,0.7058242767498655,0.6370069726805778,0,0,43.5,59.2468055260251,-2.4215029578775873,9.273304769328043,0.4806528365085299,1,38.97,-76.55,0,10
Prince George,firearms,2021,1,316,2,0.26213697215808907,0.5380924769328443,1,0,69.75,82.00811703694492,2.0856647119012455,5.4589941034703475,0.2924933549618991,0,38.81,-76.78,0,25
Carroll,archery,2020,14,346,13,0.8841043919494496,0.1268110842921742,0,0,38.55371900826446,46.66970468948807,1.0975615115739206,1.0749304245725315,0.10371856589507486,0,39.61,-77.14,0,17
Worcester,firearms,2023,6,350,7,0.13361581525151678,0.16609472221326332,0,0,43.5,55.16308417473319,2.962852918125581,0.5896425414445438,0.9396739949477981,0,38.16,-75.36,0,16
Prince George,firearms,2020,6,347,7,0.91796758415245,0.06495830975515599,0,0,43.5,51.24934482645666,1.259916963194936,7.959524363692773,0.46378021362977634,0,38.81,-76.78,0,16
St Mary,archery,2020,2,260,3,0.9718698624913031,0.007789553556347584,0,1,69.79338842975207,82.86067412578893,0.7253721026252928,0.6181377142324309,0.5037893558621509,0,38.27,-76.8,0,21
Howard,firearms,2023,1,316,2,0.9822672803495038,0.003100281428026097,1,0,69.75,80.04591837009828,0.8125340808682006,3.4541038939807187,0.5679602475072454,0,39.2,-76.81,0,17
Caroline,firearms,2021,0,305,1,0.8896418579250849,0.11546154242808893,1,0,75.0,84.27220327807237,1.7343171183338602,2.6785334094251083,0.47793206333196614,0,38.89,-75.81,0,11
Calvert,firearms,2020,2,321,3,0.03752458687444005,0.013833077376307068,1,0,64.5,79.67511129403096,0.7227015503363108,2.6092647892833387,0.7962409409661414,0,38.45,-76.47,0,23
St Mary,archery,2020,15,354,13,0.1550099295734526,0.21898411213060887,0,0,35.950413223140494,46.30078667135693,-0.23644805724274617,5.651374835864546,0.3945968756594487,0,38.27,-76.8,0,8
Kent,firearms,2020,6,351,7,0.05342035296445147,0.02790179109718821,0,0,43.5,61.104628790442334,-0.9042154230359114,2.2109039396942776,0.3251598868084695,0,39.15,-75.73,0,18
Harford,firearms,2023,8,361,9,0.5061109294845778,0.9996314801089379,0,0,33.0,38.96385941354177,-0.2123070319236037,4.381519594125999,0.37433320457461733,0,39.54,-76.22,0,12
Howard,archery,2021,3,269,4,0.6705669386170143,0.7393145308596731,0,1,67.19008264462809,73.90975094482853,-0.40935347919874493,7.708361444937059,0.2411641178954161,0,39.2,-76.81,0,13
Frederick,firearms,2023,5,343,6,0.8965734698305141,0.1019121277156611,0,0,48.75,62.66697678716001,-0.7601766126165536,3.8604785708314036,0.18864838700241365,0,39.41,-77.41,0,11
Wicomico,muzzleloader,2020,4,334,5,0.477746085513445,0.9951201678979791,0,0,54.0,62.66491386194936,5.838762879549806,3.011862268235449,0.4405052669152372,0,38.33,-75.32,0,20
Baltimore,muzzleloader,2020,7,359,8,0.32432589058851136,0.7251062660968253,0,0,38.25,55.17112441568564,1.2399966511945222,0.3536976672467954,0.10959744117889356,0,39.27,-76.67,0,13
Prince George,archery,2022,10,315,11,0.5883389340507961,0.924937074352017,1,0,48.966942148760324,58.86474865286811,-3.9210070135555704,15.083600476913508,0.5290860048795973,0,38.81,-76.78,0,19
Worcester,muzzleloader,2022,7,353,8,0.8751402377648674,0.14613521671136726,0,0,38.25,46.39664222367964,2.806499501199791,11.246553343521962,0.7135615814558675,0,38.16,-75.36,0,18
Carroll,firearms,2020,2,321,3,0.03752458687444005,0.013833077376307068,1,0,64.5,72.70027799726287,-1.5565052068132945,2.9521504639287484,0.7463591345847195,0,39.61,-77.14,0,9
Carroll,firearms,2023,4,334,5,0.5918047400035107,0.9190988780283522,0,0,54.0,67.65920369821191,1.4250649489192782,1.39325170286784,0.1718353135421552,0,39.61,-77.14,0,19
Worcester,firearms,2023,1,314,2,0.9145408959434462,0.07036497562556926,1,0,69.75,80.63292333001588,1.183201787355726,1.7064977974776938,0.07888770353757837,0,38.16,-75.36,0,16
Kent,archery,2023,5,283,6,0.8647819376504344,0.16985825093482398,1,0,61.98347107438016,73.03769574436845,-2.6246088519178326,2.5613391958398424,0.392004696201825,0,39.15,-75.73,0,8
Harford,firearms,2023,5,344,6,0.9304366620335145,0.04700408717567256,0,0,48.75,59.34731989721021,1.1157984105631196,2.680985345206205,0.24643428869213663,0,39.54,-76.22,0,16
St Mary,firearms,2023,3,325,4,0.28703601017650726,0.6153047963479644,0,0,59.25,71.23661018525098,-0.9546566233760303,4.713899630085002,0.6371726556938744,0,38.27,-76.8,0,22
Worcester,archery,2021,5,279,6,0.009198860647018137,0.0008349239524686469,0,1,61.98347107438016,79.5318194070135,-1.8817592847903246,3.410631072885697,0.6396798101014788,0,38.16,-75.36,0,11
Worcester,archery,2022,4,275,5,0.233811245930724,0.44922918359438857,0,1,64.58677685950413,79.48234138009794,1.2158933038551611,5.806355465119864,0.5360988205379614,0,38.16,-75.36,0,11
Harford,firearms,2022,4,333,5,0.19787639370480292,0.3391604657199333,0,0,54.0,68.00575530320796,0.6323113416447076,2.5289540644401005,0.5345708775762609,0,39.54,-76.22,0,19
Garrett,firearms,2023,2,319,3,0.08385685695850498,0.06781198823602758,1,0,64.5,81.64538206570177,-2.6102495632612883,4.416904173785951,0.7090892394382455,0,39.31,-79.48,0,15
Worcester,firearms,2022,4,337,5,0.33332916251680444,0.7499886523776041,0,0,54.0,68.48932634148197,1.4033708407001098,12.115620386382167,0.352888158308616,0,38.16,-75.36,0,23
Wicomico,archery,2020,7,293,8,0.08935520519037254,0.07675408978536724,1,0,56.77685950413223,73.02042125952792,-0.7776300490865672,0.4864339479880852,0.4843933109613433,0,38.33,-75.32,0,9
Queen Anne,firearms,2022,5,340,6,0.4349187391258056,0.9587758657190124,0,0,48.75,59.34551528023706,-0.15003578088204486,0.6232708908956052,0.3095497723513746,0,39.08,-75.94,0,24
Caroline,firearms,2021,2,320,3,0.3975897409700906,0.9000115418895788,1,0,64.5,74.67397242365092,0.5041164381703752,1.2072568861951414,0.38231004295791954,0,38.89,-75.81,0,20
Talbot,archery,2023,12,329,13,0.4224887789885088,0.9418663185557674,0,0,43.760330578512395,54.04521798775054,-2.533768930791264,5.106656554951984,0.3602500317868762,1,38.73,-76.24,0,19
Baltimore,firearms,2021,4,333,5,0.8378112396091524,0.23791751633781322,0,0,54.0,64.18204778212512,-1.8470716345879656,7.491258328553602,0.37133944830385424,0,39.27,-76.67,0,15
St Mary,firearms,2021,5,345,6,0.24416954604515695,0.4816871854087932,0,0,48.75,55.748916743262306,2.2567807002693443,2.9067891554817793,0.46628484854984653,0,38.27,-76.8,0,20
Anne Arundel,firearms,2023,3,327,4,0.354762394582508,0.8058633668694597,0,0,59.25,75.17114176482202,1.8937231559950218,3.049094309160034,0.44198527172149793,0,38.97,-76.55,0,15
Howard,archery,2020,4,277,5,0.5475441299423096,0.9778557237772172,0,1,64.58677685950413,81.80352266042806,2.046169449019698,2.2655850527042425,0.21903772943535338,0,39.2,-76.81,0,15
Calvert,firearms,2020,1,313,2,0.7666190492503802,0.4478845457338737,1,0,69.75,81.94960341797719,0.8236744307798071,5.032232977186717,0.5762321862796581,0,38.45,-76.47,0,20
Talbot,archery,2023,8,299,9,0.4065930128984405,0.9163325264173683,1,0,54.17355371900827,64.45542617026562,-0.36413060688257703,3.097804923894449,0.42411652566870367,0,38.73,-76.24,0,12
Carroll,archery,2023,5,278,6,0.6954659766353757,0.6679908725524561,0,1,61.98347107438016,73.18983175756718,-2.54470678334461,1.95858018650927,0.6245128957971409,0,39.61,-77.14,0,16
St Mary,archery,2021,0,243,1,0.7901239413389476,0.37527795383510254,0,1,75.0,83.61491383535,1.8778199955083033,4.107971865322227,0.6136966649877569,0,38.27,-76.8,0,14
Baltimore,firearms,2021,2,323,3,0.49917931757909173,0.9999933526423657,1,0,64.5,79.30440589552563,0.5780389761221061,2.822621662952978,0.45314185780822647,0,39.27,-76.67,0,9
Worcester,firearms,2022,8,362,9,0.1799089675918708,0.28685162051221047,0,0,33.0,47.270052892217336,-1.4442139978729889,5.178967271745969,0.758656234201246,0,38.16,-75.36,0,18
Montgomery,archery,2022,12,329,13,0.0624236248928014,0.03796846607438614,0,0,43.760330578512395,55.48253807014068,0.28429135245199694,2.659776019117814,0.6198172623721583,0,39.15,-77.27,0,15
Worcester,firearms,2022,7,353,8,0.8751402377648674,0.14613521671136726,0,0,38.25,53.08536674868306,-1.3898531806763343,17.61001971462804,0.06283275286733715,0,38.16,-75.36,0,19
Queen Anne,archery,2021,11,326,12,0.6007688941880929,0.903083956154713,0,0,46.36363636363636,56.929514134387496,-3.588894243051352,8.849402577900248,0.47846202798020165,0,39.08,-75.94,0,15
Washington,muzzleloader,2021,0,308,1,0.991231434534086,0.0007586596478646457,1,0,75.0,88.4776969952575,-0.46065626827089673,0.8667024434363207,0.5518765966204722,0,39.64,-77.8,0,21
Prince George,muzzleloader,2020,6,347,7,0.91796758415245,0.06495830975515599,0,0,43.5,54.24222684573283,-2.6957901889487954,5.440783378487073,0.06379925938709743,1,38.81,-76.78,0,16
Montgomery,muzzleloader,2022,1,316,2,0.6222021262537965,0.8597137534098416,1,0,69.75,80.0156145277685,1.6978269373259316,5.10372776685638,0.5826459297842551,0,39.15,-77.27,0,17
Kent,firearms,2022,2,322,3,0.8253812794717987,0.27193813282863133,1,0,64.5,75.13230025773163,-0.5256868395098019,1.6620994802419606,0.30874018140654624,0,39.15,-75.73,0,21
Dorchester,muzzleloader,2022,3,330,4,0.09628681709580178,0.08874551431299516,0,0,59.25,72.28223269720857,0.5286818266117821,6.028019530933353,0.07221468127465826,0,38.47,-75.87,0,16
Garrett,firearms,2022,0,310,1,0.41902297303579417,0.9366663886335291,1,0,75.0,93.26322945457811,0.9754415075618059,4.055781803710471,0.57209639980774,0,39.31,-79.48,0,23
Calvert,firearms,2022,4,333,5,0.19787639370480292,0.3391604657199333,0,0,54.0,62.90562919960094,0.04892576724379145,6.80660831726731,0.47943714083658173,0,38.45,-76.47,0,13
Carroll,archery,2020,9,307,10,0.5634398960323779,0.9608017413382368,1,0,51.570247933884296,65.4188880874215,-0.10089024919737796,1.5246488267772786,0.49359631991548975,0,39.61,-77.14,0,19
Wicomico,muzzleloader,2020,8,362,9,0.4259154671975125,0.9468015729734189,0,0,33.0,45.46498616756465,-2.3656382078140883,2.82366494765472,0.2919183077110595,1,38.33,-75.32,0,23
Somerset,firearms,2023,6,349,7,0.0997526230485164,0.09503518983766174,0,0,43.5,56.03559831919739,-0.7401080917194104,2.5733057800151284,0.230725689369184,0,38.18,-75.71,0,13
Anne Arundel,muzzleloader,2020,4,334,5,0.477746085513445,0.9951201678979791,0,0,54.0,64.9706290979001,0.8772578815218531,7.412550924664574,0.6416879415877451,0,38.97,-76.55,0,17
Somerset,archery,2021,12,327,13,0.6346320863910933,0.8315220528042181,0,0,43.760330578512395,55.99640865288462,-4.036778732582057,1.2951368044051175,0.13641946156290927,1,38.18,-75.71,0,7
Washington,archery,2023,10,313,11,0.8806777037404458,0.13406154697074069,1,0,48.966942148760324,65.15007188299147,1.686186500581617,4.253085031473752,0.3595873685638375,0,39.64,-77.8,0,21
Prince George,firearms,2023,6,349,7,0.0997526230485164,0.09503518983766174,0,0,43.5,56.0900467707882,-1.8543496184828394,0.4331343446386812,0.562946460079494,0,38.81,-76.78,0,19
St Mary,firearms,2023,7,358,8,0.40452135287557667,0.9126932054467352,0,0,38.25,51.391272416397776,2.0592033049939653,7.702189724473431,0.5549857384190255,0,38.27,-76.8,0,17
Somerset,archery,2023,3,266,4,0.2891076701993711,0.6216277386673283,0,1,67.19008264462809,82.63099278667325,-1.3852054256497865,3.4155096214678613,0.3831957768569348,0,38.18,-75.71,0,17
St Mary,archery,2020,5,279,6,0.6152705143483104,0.874492980156901,0,1,61.98347107438016,73.77614255297699,2.307026301928362,3.8121026669086286,0.377102922928007,0,38.27,-76.8,0,14
Prince George,muzzleloader,2023,4,333,5,0.5579415478005103,0.9672298887029581,0,0,54.0,66.43988159772243,-0.8471186522325839,5.24576263041977,0.3912461102796782,0,38.81,-76.78,0,13
Montgomery,firearms,2023,3,330,4,0.45635197119150916,0.9813144759249244,0,0,59.25,71.29339623220012,2.3337312371857415,3.9322173301929384,0.11743279100253871,0,39.15,-77.27,0,14
Worcester,firearms,2020,2,322,3,0.07138777907744043,0.04945997736477109,1,0,64.5,74.12322126554324,-2.097151182268647,7.261931288055849,0.10146009952537437,0,38.16,-75.36,0,15
Talbot,firearms,2020,8,363,9,0.4597786594005129,0.984118182785114,0,0,33.0,47.444516707708786,0.4402466573234088,3.263105758491226,0.4751027732828187,0,38.73,-76.24,0,20
Frederick,firearms,2020,3,329,4,0.3084301244984431,0.6794678232738545,0,0,59.25,67.33553125880462,-0.7641311190124348,0.8405316430272674,0.49592973594235557,0,39.41,-77.41,0,7
Anne Arundel,firearms,2023,2,321,3,0.15158324136450574,0.21014581815780486,1,0,64.5,75.50647626044596,5.288467597108432,1.693825323902257,0.12382049901190453,0,38.97,-76.55,0,17
Frederick,firearms,2022,3,326,4,0.9608340482838003,0.01506344518295022,0,0,59.25,70.2848034464352,1.766510452828667,2.7229644167435976,0.1629944501470381,0,39.41,-77.41,0,17
Caroline,archery,2020,15,352,13,0.08728354516745185,0.07332500643782397,0,0,35.950413223140494,50.39299007905069,-0.6760793739147672,0.7087962159506428,0.44949038433222144,0,38.89,-75.81,0,13
Washington,firearms,2023,1,315,2,0.9484040881464466,0.02604494265773899,1,0,69.75,82.8261982594996,-3.342835380710036,0.24347109224637228,0.3757875015837718,0,39.64,-77.8,0,18
Frederick,firearms,2021,3,327,4,0.6346320863910933,0.8315220528042181,0,0,59.25,74.91278921018164,2.037898791212102,2.405580562214486,0.19918827252181473,0,39.41,-77.41,0,8
Kent,firearms,2023,3,326,4,0.32089920237950764,0.7154423052865487,0,0,59.25,68.6651158060613,-2.2207506710881817,2.07175230037565,0.237952562314862,0,39.15,-75.73,0,7
Washington,archery,2020,14,347,13,0.91796758415245,0.06495830975515599,0,0,38.55371900826446,44.260141047425925,0.1854876518692935,2.7408713624277388,0.417242448880516,0,39.64,-77.8,0,18
Prince George,firearms,2021,1,317,2,0.29600016436108945,0.6425101261729971,1,0,69.75,80.39826294782476,0.7863987691113195,2.1264277880085953,0.27014191654333103,0,38.81,-76.78,0,21
Howard,firearms,2023,7,356,8,0.3367949684695759,0.7593581938712347,0,0,38.25,49.51086964993117,-0.9262509566602467,1.7561162436442588,0.5873736504824716,0,39.2,-76.81,0,17
Caroline,muzzleloader,2021,0,307,1,0.9573682423310856,0.017830680710972602,1,0,75.0,83.93923047659652,2.8193899710955646,3.6637437641057358,0.5820068473950595,0,38.89,-75.81,0,15
Prince George,archery,2020,5,284,6,0.7845864753633691,0.3921965848422635,1,0,61.98347107438016,73.62401554493792,0.14178034319041155,2.7582600324138524,0.12497978199004196,0,38.81,-76.78,0,13
Garrett,firearms,2023,0,308,1,0.711361742725444,0.6201968043161783,1,0,75.0,91.89869992063137,-1.61493718748967,5.321561738393833,0.6455292304088798,0,39.31,-79.48,0,11
Calvert,firearms,2021,4,336,5,0.9394008162181535,0.03580800446252169,0,0,54.0,61.86910126921741,0.7068070019614664,4.124409481610411,0.2832036686295546,0,38.45,-76.47,0,14
Garrett,firearms,2021,2,324,3,0.5330425097820921,0.9892629420839378,0,0,64.5,75.6501059835817,3.6266875542066757,9.156859241061778,0.43578659256865376,0,39.31,-79.48,0,13
Prince George,archery,2023,2,261,3,0.11979170918436921,0.13506805496077612,0,1,69.79338842975207,83.45139717114391,-0.04842183802123676,2.816098826447852,0.550275485853103,0,38.81,-76.78,0,10
Wicomico,archery,2023,9,309,10,0.7452249349284443,0.5149990588612463,1,0,51.570247933884296,67.02284201153438,0.45888491664563846,7.55414162158487,0.40412651248011194,0,38.33,-75.32,0,10
Worcester,archery,2022,12,328,13,0.02856043268980102,0.008029038701735935,0,0,43.760330578512395,54.847780465540154,0.5916859393184623,4.734957033150722,0.21558987376560482,0,38.16,-75.36,0,15
Garrett,firearms,2022,1,313,2,0.5206125496447953,0.9958124882628938,1,0,69.75,85.19667759616283,-4.162753648883105,7.930175077029649,0.3362063251180383,0,39.31,-79.48,0,16
Cecil,muzzleloader,2021,4,336,5,0.9394008162181535,0.03580800446252169,0,0,54.0,66.54798613730873,2.032594872977607,3.5948291819450637,0.20613553739948254,0,39.67,-75.96,0,10
Somerset,archery,2023,14,342,13,0.8627102776275137,0.1747739301634525,0,0,38.55371900826446,53.089526273156565,-1.4491714501905697,2.533938356191365,0.27542673828064546,0,38.18,-75.71,0,14
Caroline,muzzleloader,2022,7,355,8,0.9428666221708681,0.03187210151816089,0,0,38.25,56.5441087237807,-0.105047004039691,3.7212685338679083,0.22074628895956316,0,38.89,-75.81,0,12
Washington,firearms,2021,7,357,8,0.6505278524811615,0.7925494213862753,0,0,38.25,48.76179908350581,-1.160192260508522,4.2786094001159825,0.5929389067077188,0,39.64,-77.8,0,16
St Mary,firearms,2023,2,324,3,0.2531728179735069,0.5099670414220309,0,0,64.5,74.70903120821016,-1.0821993171995437,5.841155834194153,0.20559432496584382,0,38.27,-76.8,0,20
Frederick,firearms,2023,0,305,1,0.6097721661164428,0.8857124698820362,1,0,75.0,84.55179245309903,-0.584200251703116,1.007951383888291,0.3533046168003127,0,39.41,-77.41,0,14
Kent,firearms,2022,3,328,4,0.02856043268980102,0.008029038701735935,0,0,59.25,68.39189067011249,-1.6616831354810595,3.487679110077082,0.18857159214733987,0,39.15,-75.73,0,24
Carroll,archery,2023,8,304,9,0.5759089739134424,0.9441995763914877,1,0,54.17355371900827,67.59939075002733,3.2283260041469997,5.2634006922561145,0.1790118177436823,0,39.61,-77.14,0,16
Garrett,archery,2022,7,292,8,0.8094855133817305,0.31744148734250643,1,0,56.77685950413223,74.98468771662766,-0.5000016721685898,3.011744321766358,0.3625240471939692,0,39.31,-79.48,0,14
Carroll,archery,2021,11,324,12,0.5330425097820921,0.9892629420839378,0,0,46.36363636363636,53.26375798610016,1.574741867750478,2.525323872389396,0.046125262879244726,0,39.61,-77.14,0,14
Washington,archery,2023,2,259,3,0.05206532477836845,0.026516752670806554,0,1,69.79338842975207,86.16300994545826,-2.438660533825169,4.63236881269916,0.3912953297893354,0,39.64,-77.8,0,7
Anne Arundel,muzzleloader,2021,8,362,9,0.8198438134961634,0.28755443210406795,0,0,33.0,43.10251579867111,0.6284341617682102,4.726219352768594,0.319571319230034,0,38.97,-76.55,0,17
Howard,firearms,2020,2,325,3,0.17297735568644157,0.2673614886601367,0,0,64.5,78.30908022835571,1.4023592765048496,4.527017353191526,0.3030121087820301,0,39.2,-76.81,0,17
Calvert,archery,2021,14,343,13,0.1764431616391562,0.27705369529393115,0,0,38.55371900826446,52.17038061696519,0.7099421583884301,0.7397018576163786,0.231208751851665,0,38.45,-76.47,0,18
Carroll,archery,2021,8,300,9,0.720325896910083,0.5926847611754784,1,0,54.17355371900827,69.52265218738984,-2.12504062588276,5.556734349470358,0.480734280166812,0,39.61,-77.14,0,19
Caroline,muzzleloader,2023,8,363,9,0.5738373138905786,0.9471496442906346,0,0,33.0,47.79888221893814,0.5464848250922691,3.75733922782105,0.3949779202408209,0,38.89,-75.81,0,14
Wicomico,firearms,2022,7,356,8,0.9767298143738685,0.005334891863390645,0,0,38.25,47.095339991736566,1.6115613979380523,4.718148845850369,0.3095074922315023,0,38.33,-75.32,0,14
Harford,firearms,2022,7,357,8,0.010593006576868902,0.0011070771786803046,0,0,38.25,49.99646249948576,-2.302102288513793,5.137916222087972,0.26873316100133554,1,39.54,-76.22,0,14
Cecil,archery,2021,13,336,13,0.9394008162181535,0.03580800446252169,0,0,41.15702479338843,57.62554795601459,-0.9581146131407862,2.6520135453751026,0.6297754933408898,0,39.67,-75.96,0,19
Montgomery,archery,2020,7,298,8,0.25867116620537445,0.5272277971214598,1,0,56.77685950413223,66.52443565052975,-2.2525825363344425,3.9530465840616342,0.3265663475401679,0,39.15,-77.27,0,20
Harford,firearms,2021,1,314,2,0.1944105877520883,0.3288899828015325,1,0,69.75,80.86114119636704,3.6868636125125835,7.451210865156066,0.23901276831307874,0,39.54,-76.22,0,13
Howard,archery,2022,4,274,5,0.19994805372772362,0.34533630430196643,0,1,64.58677685950413,75.47934748266307,1.43166003031856,6.399213399435087,0.4317904377807572,0,39.2,-76.81,0,12
Garrett,firearms,2021,1,313,2,0.16054739554908792,0.23354016980069242,1,0,69.75,82.73402967744511,-0.019913260932243455,6.852674816840227,0.8434456508579201,0,39.31,-79.48,0,20
Harford,firearms,2021,5,339,6,0.040990392827154665,0.01649156755456055,0,0,48.75,58.336835216565355,2.172705910200145,3.984997670509289,0.2466106930295515,0,39.54,-76.22,0,22
Montgomery,archery,2021,12,333,13,0.8378112396091524,0.23791751633781322,0,0,43.760330578512395,57.14643219618562,1.9294650811777727,0.6330646993076656,0.4977595514152844,0,39.15,-77.27,0,14
Washington,muzzleloader,2022,3,325,4,0.9269708560807999,0.051720027324518913,0,0,59.25,72.57662981437814,-1.8442396155926146,6.497544029606506,0.7839539517937255,0,39.64,-77.8,0,11
Carroll,archery,2020,16,357,13,0.25659950618245375,0.5207270191977091,0,0,33.34710743801653,43.76946235283491,2.456011733647537,7.876725853446103,0.6259763391322273,0,39.61,-77.14,0,21
Anne Arundel,archery,2022,0,249,1,0.35336824865265726,0.8023869212923119,0,1,75.0,90.2612787773102,-1.9571477207029206,2.3788930606896166,0.024762252100292398,0,38.97,-76.55,0,23
Montgomery,firearms,2022,2,322,3,0.8253812794717987,0.27193813282863133,1,0,64.5,75.1870165875258,-0.08896750195424158,3.229624526553347,0.5153180104648907,0,39.15,-77.27,0,16
Washington,archery,2021,10,314,11,0.1944105877520883,0.3288899828015325,1,0,48.966942148760324,59.3340729975977,-2.469604948480637,9.882677373710326,0.46933951286792014,0,39.64,-77.8,0,17
Washington,firearms,2020,5,340,6,0.6809252387314473,0.7102559813941427,0,0,48.75,56.98399244660901,-0.9476818493300606,3.1312140292483623,0.5591958890643534,0,39.64,-77.8,0,14
Queen Anne,firearms,2022,2,324,3,0.8931076638777995,0.10859403495877668,0,0,64.5,77.63658956374445,-0.1682241220834782,0.6668223038796849,0.537047923292716,0,39.08,-75.94,0,13
Garrett,firearms,2020,0,308,1,0.5973030882353783,0.9094302532940565,1,0,75.0,86.77101850788304,-1.644799159561545,3.364819674913707,0.3608954585124671,0,39.31,-79.48,0,17
Talbot,muzzleloader,2020,7,358,8,0.29046269838545413,0.625752358144517,0,0,38.25,52.560086187705465,-1.588921757827425,5.532014618542561,0.669489385219699,0,38.73,-76.24,0,16
Washington,firearms,2021,7,356,8,0.6166646602781611,0.8715766304102717,0,0,38.25,50.22746210017226,-3.519607046785082,11.728707273289599,0.19238631821832233,1,39.64,-77.8,0,20
Somerset,archery,2021,2,259,3,0.3319350165870105,0.7461860010003334,0,1,69.79338842975207,88.00769848288269,-0.10643740153049754,5.333573775293895,0.35853291419709615,0,38.18,-75.71,0,17
Garrett,archery,2023,6,291,7,0.13568747527443747,0.17096721238554358,1,0,59.3801652892562,71.88776079864206,-1.444807219902832,4.754221279917779,0.33919500497139454,0,39.31,-79.48,0,17
Garrett,archery,2023,8,304,9,0.5759089739134424,0.9441995763914877,1,0,54.17355371900827,67.17051098493569,-1.5440722697776161,1.3286403185449795,0.07017130777214518,0,39.31,-79.48,0,19
Caroline,firearms,2020,7,354,8,0.1550099295734526,0.21898411213060887,0,0,38.25,49.774404998816934,1.2104976049499856,13.455986267460188,0.33187853650385596,0,38.89,-75.81,0,16
Worcester,archery,2023,8,300,9,0.4404562051014409,0.9654139323851991,1,0,54.17355371900827,70.12451463871,0.9187552539484911,10.257138295565483,0.27754488092918506,0,38.16,-75.36,0,21
Worcester,firearms,2020,6,352,7,0.08728354516745185,0.07332500643782397,0,0,43.5,59.10170835268333,-3.521098682880874,2.588491409290061,0.10850747882624998,1,38.16,-75.36,0,21
Howard,muzzleloader,2020,3,328,4,0.2745669322954427,0.5768731725833118,0,0,59.25,67.71024332549658,-2.5774293754898387,5.733273656376424,0.23903395749848297,0,39.2,-76.81,0,23
Dorchester,firearms,2021,2,323,3,0.49917931757909173,0.9999933526423657,1,0,64.5,73.16048553160621,-1.542710079165962,15.984441386920683,0.387977766787605,0,38.47,-75.87,0,12
Somerset,firearms,2021,3,329,4,0.702358470797094,0.6474450759106615,0,0,59.25,70.21903875486726,-4.57363560444355,3.1067321153055145,0.4944058246109535,0,38.18,-75.71,0,16
Prince George,archery,2023,12,330,13,0.45635197119150916,0.9813144759249244,0,0,43.760330578512395,54.31670563598304,2.0032785982768284,0.7850426522311489,0.5877802519663423,0,38.81,-76.78,0,19
Frederick,firearms,2021,8,362,9,0.8198438134961634,0.28755443210406795,0,0,33.0,46.83394788185143,-1.208954575410328,7.175513872872334,0.611303443735237,0,39.41,-77.41,0,11
Wicomico,archery,2023,3,264,4,0.22138128579337035,0.41057539163404977,0,1,67.19008264462809,80.46682302283665,0.12592578811707608,6.878517656379803,0.5996998753301555,0,38.33,-75.32,0,21
Queen Anne,archery,2022,10,315,11,0.5883389340507961,0.924937074352017,1,0,48.966942148760324,63.94187475464435,-3.393755692846986,2.372730918876135,0.48937865117149204,0,39.08,-75.94,0,13
Calvert,firearms,2020,1,316,2,0.8682086258593813,0.16185050720258848,1,0,69.75,80.10728420703079,-1.7912048381864052,9.055240069135836,0.5774839673938181,0,38.45,-76.47,0,18
Calvert,archery,2020,16,359,13,0.32432589058851136,0.7251062660968253,0,0,33.34710743801653,44.84582615597185,-1.600628225451813,8.234865587795122,0.3055251973576484,0,38.45,-76.47,0,15
Washington,archery,2020,11,327,12,0.24070374009244233,0.47081154202790065,0,0,46.36363636363636,57.288064633419616,-3.069458768452366,3.4832747686074694,0.41962596080336173,0,39.64,-77.8,0,12
Prince George,muzzleloader,2020,5,342,6,0.748651623137448,0.5042360001710235,0,0,48.75,61.90849301187857,-0.3786696830482314,1.846218040124125,0.5107607013501605,0,38.81,-76.78,0,12
Kent,archery,2022,7,293,8,0.8433487055847309,0.22326400211032132,1,0,56.77685950413223,68.51393743495308,-1.34765676445946,1.3423294945937083,0.2868146506744588,0,39.15,-75.73,0,13
Harford,archery,2021,0,245,1,0.8578503257449483,0.18652050315649027,0,1,75.0,84.42098816229743,1.9288537852483092,8.885583871430814,0.7329751979832395,0,39.54,-76.22,0,11
St Mary,muzzleloader,2023,7,354,8,0.26906858406357514,0.5597625041653564,0,0,38.25,45.63863728991295,-1.0177892334948717,5.213109208034048,0.5600407231269604,0,38.27,-76.8,0,14
Caroline,firearms,2021,7,355,8,0.5828014680751608,0.9338457344595841,0,0,38.25,52.78517155779828,0.7072288617010255,1.897486946463654,0.23642083176403633,0,38.89,-75.81,0,11
Somerset,firearms,2020,5,343,6,0.7825148153404484,0.3985607760450127,0,0,48.75,59.61885040508994,-1.023098557757566,4.819909709402798,0.01858683297526522,0,38.18,-75.71,0,13
Harford,archery,2021,1,254,2,0.16261905557195178,0.23906969868551647,0,1,72.39669421487604,78.27076515995932,0.7111168223148758,0.7998396594974642,0.07947745901365276,0,39.54,-76.22,0,19
St Mary,firearms,2021,8,363,9,0.8537070056991638,0.19676620916064852,0,0,33.0,45.83249118644815,2.477169156010248,0.8910444204467866,0.2793534154449729,0,38.27,-76.8,0,21
Anne Arundel,archery,2020,10,315,11,0.8343454336563809,0.2472514531085636,1,0,48.966942148760324,61.68498962974958,1.8094402832130274,3.806114039331091,0.25582312827693776,0,38.97,-76.55,0,13
Dorchester,firearms,2021,4,333,5,0.8378112396091524,0.23791751633781322,0,0,54.0,67.724977478353,-2.0637988148559425,0.6535808692963768,0.17596090454167357,0,38.47,-75.87,0,18
Calvert,archery,2021,5,283,6,0.14465162945901966,0.1926824320669538,1,0,61.98347107438016,77.68067220973221,1.5387756732317555,13.036898164076758,0.12421960046188901,0,38.45,-76.47,0,12
Caroline,archery,2022,12,327,13,0.9946972404868006,0.0002775002843988239,0,0,43.760330578512395,52.107920632418164,-5.119825847257247,0.5029443946204947,0.4585014218182802,1,38.89,-75.81,0,13
St Mary,firearms,2022,6,351,7,0.8074138533588666,0.323515770366991,0,0,43.5,56.31848855891662,-2.08915627397879,3.1377269664209373,0.2123648604801173,1,38.27,-76.8,0,17
St Mary,firearms,2021,7,357,8,0.6505278524811615,0.7925494213862753,0,0,38.25,48.61122701659153,2.835788861379272,10.892109268747117,0.2435885609388088,0,38.27,-76.8,0,15
Carroll,firearms,2021,8,362,9,0.8198438134961634,0.28755443210406795,0,0,33.0,47.77085578519275,3.411749822692726,7.685012196640603,0.45068470912904973,0,39.61,-77.14,0,23
Queen Anne,archery,2022,11,322,12,0.8253812794717987,0.27193813282863133,1,0,46.36363636363636,57.92260954998764,2.0160706637059507,5.027837174003388,0.8143464193070491,0,39.08,-75.94,0,17
Caroline,archery,2021,8,299,9,0.6864627047070826,0.6943483319635206,1,0,54.17355371900827,66.08582125360768,6.160374327199609,11.330247212496813,0.2885435816669729,0,38.89,-75.81,0,13
Wicomico,muzzleloader,2020,0,308,1,0.5973030882353783,0.9094302532940565,1,0,75.0,87.66040370881971,-1.9131470397526735,2.127378338417114,0.6246624165585714,0,38.33,-75.32,0,19
Washington,archery,2020,8,302,9,0.39412393501737597,0.8933846625498797,1,0,54.17355371900827,61.78521415342498,-0.5988973418233667,6.362488670582501,0.4976836835208354,0,39.64,-77.8,0,27
Carroll,muzzleloader,2023,5,342,6,0.8627102776275137,0.1747739301634525,0,0,48.75,62.11718975653697,0.8342040806738568,1.9354871408073286,0.2968976848473077,0,39.61,-77.14,0,11
Cecil,archery,2023,15,352,13,0.20134219965751754,0.34950721690353714,0,0,35.950413223140494,48.561403384329594,5.424823688817506,7.203260686410723,0.4785411116423777,0,39.67,-75.96,0,21
Carroll,firearms,2022,1,312,2,0.4867493574417949,0.9982681002657949,1,0,69.75,82.28000804629198,0.671064873570671,6.757736270347045,0.6149670766029561,0,39.61,-77.14,0,19
Calvert,archery,2023,15,351,13,0.16747900745451716,0.25221338166737045,0,0,35.950413223140494,39.66862636637367,0.11486884814182106,4.598694397160444,0.5209660944671836,0,38.45,-76.47,0,11
Dorchester,firearms,2021,0,306,1,0.9235050501280853,0.056648536702654295,1,0,75.0,86.4568683387873,-1.9708851817011381,1.9463887644578401,0.28993905083951205,0,38.47,-75.87,0,15
Washington,archery,2023,8,302,9,0.5081825895074417,0.999339328443921,1,0,54.17355371900827,66.95633580194983,-0.23600185098510482,2.228929967967261,0.79819315638253,0,39.64,-77.8,0,16
Baltimore,archery,2022,17,362,13,0.1799089675918708,0.28685162051221047,0,0,30.743801652892557,40.45956277961622,2.910961801532783,1.580457931638579,0.2804787567985041,0,39.27,-76.67,0,12
Carroll,muzzleloader,2020,4,336,5,0.5454724699194458,0.979730619019284,0,0,54.0,67.6006629987875,-2.4949987535310902,1.4162688538066537,0.5318026932598537,0,39.61,-77.14,0,6
Kent,archery,2023,15,354,13,0.26906858406357514,0.5597625041653564,0,0,35.950413223140494,44.23060296671022,1.8797485605008617,2.2626391736111278,0.26720624825235806,0,39.15,-75.73,0,21
Somerset,firearms,2021,5,341,6,0.10871677723315543,0.11218624105563396,0,0,48.75,63.949804467805606,-3.152899559921337,4.944004941093513,0.7586474815916326,0,38.18,-75.71,0,8
Frederick,archery,2022,8,301,9,0.1142542432087339,0.12339922441592932,1,0,54.17355371900827,62.46772735296468,1.6646344905103978,7.441402654506497,0.4818910409340987,0,39.41,-77.41,0,22
Montgomery,firearms,2021,7,357,8,0.6505278524811615,0.7925494213862753,0,0,38.25,52.12617766237896,-1.3962884348614117,1.9746887558582937,0.4623931534371385,0,39.15,-77.27,0,17
Cecil,firearms,2020,3,328,4,0.2745669322954427,0.5768731725833118,0,0,59.25,69.65392764118221,-0.4126103338430938,5.389287676627111,0.408727761225451,0,39.67,-75.96,0,19
Baltimore,archery,2020,12,331,13,0.37615650890444385,0.8561131505441137,0,0,43.760330578512395,52.29322774384836,-0.8604208746749099,3.052057635368226,0.24157352591643258,0,39.27,-76.67,0,22
Wicomico,firearms,2020,7,360,8,0.35818908279151174,0.8143078820882296,0,0,38.25,50.01709426326772,-1.5382950509941038,3.882616544297117,0.3740356557444783,0,38.33,-75.32,0,19
St Mary,archery,2020,12,329,13,0.3084301244984431,0.6794678232738545,0,0,43.760330578512395,56.14592977949182,2.4587946770607902,9.089561249633727,0.24779207089971206,0,38.27,-76.8,0,25
Kent,muzzleloader,2022,1,317,2,0.6560653184567968,0.7782673432119618,1,0,69.75,81.86656579266005,0.7292609745474209,3.7088193247110444,0.16219670318463106,0,39.15,-75.73,0,17
Harford,firearms,2020,5,344,6,0.8163780075434488,0.29746046063086407,0,0,48.75,56.65927826496408,3.2437359169992854,4.446522275726617,0.12395912548555497,0,39.54,-76.22,0,17
Harford,archery,2023,13,338,13,0.7272575088155122,0.5712047423658192,0,0,41.15702479338843,52.97665216983629,2.6679249395467903,3.130573208810268,0.6317611787671248,0,39.54,-76.22,0,20
Worcester,archery,2020,2,262,3,0.0395962468973039,0.015394532973590558,0,1,69.79338842975207,83.04991907241126,0.7392140256523473,3.4355622836552753,0.7275878594440773,0,38.16,-75.36,0,12
Prince George,muzzleloader,2020,8,361,9,0.3920522749945121,0.8893342134913929,0,0,33.0,42.67790808680385,0.03420703317839603,9.467453383229193,0.16844260523940643,0,38.81,-76.78,0,3
Baltimore,archery,2023,14,346,13,0.9981630464395153,3.330360741893301e-05,0,0,38.55371900826446,48.9546634909514,-0.5753026342085517,4.429545316934002,0.6913896243963372,0,39.27,-76.67,0,10
Worcester,firearms,2023,1,315,2,0.9484040881464466,0.02604494265773899,1,0,69.75,83.18091457279692,-1.7124463922138653,4.364881000290698,0.3175007171091289,0,38.16,-75.36,0,18
Worcester,firearms,2020,5,340,6,0.6809252387314473,0.7102559813941427,0,0,48.75,64.00656136727338,-1.9809822694916643,7.683105583317031,0.3997277247492004,0,38.16,-75.36,0,16
Carroll,archery,2022,12,332,13,0.16401320150180254,0.24281579883258614,0,0,43.760330578512395,52.59715692230597,-3.427977812744988,6.893544576761314,0.3170560958897585,1,39.61,-77.14,0,19
Carroll,muzzleloader,2021,0,306,1,0.9235050501280853,0.056648536702654295,1,0,75.0,87.19521880194556,2.1159668830040963,9.50687715486848,0.18770177423140932,0,39.61,-77.14,0,10
Harford,firearms,2020,5,342,6,0.748651623137448,0.5042360001710235,0,0,48.75,60.71888700689796,-0.08682870057314115,1.0829155360973228,0.517773376779408,0,39.54,-76.22,0,15
Talbot,firearms,2021,6,350,7,0.41348550706015885,0.9279295866149563,0,0,43.5,55.6020440414345,-0.619640841397916,4.652074670469187,0.5364550286141259,0,38.73,-76.24,0,22
Cecil,firearms,2021,2,318,3,0.3298633565640898,0.7405005691280675,1,0,64.5,79.98263842122958,-4.758317980576699,9.40214631709732,0.17750902270207153,0,39.67,-75.96,0,21
Queen Anne,firearms,2021,0,310,1,0.05895781894008678,0.03391645296232043,1,0,75.0,90.8027533712545,-3.2884621949783774,15.288856466527188,0.2829722976476353,0,39.08,-75.94,0,18
Kent,muzzleloader,2020,8,363,9,0.4597786594005129,0.984118182785114,0,0,33.0,52.604247941503985,0.4758456032558048,2.478105235327796,0.3390277604937641,0,39.15,-75.73,0,20
Carroll,muzzleloader,2021,6,352,7,0.4812118914661596,0.9965201424913652,0,0,43.5,57.62846851942844,1.799661121601905,1.3650152749519302,0.31879543670782984,0,39.61,-77.14,0,18
St Mary,archery,2022,6,285,7,0.5724431679607278,0.9490923073623404,1,0,59.3801652892562,72.13711137370589,1.3388261595697242,2.570694834963177,0.42337055928753003,0,38.27,-76.8,0,19
Cecil,firearms,2023,3,329,4,0.4224887789885088,0.9418663185557674,0,0,59.25,71.72507922581028,-1.78008949870165,1.4310707000500464,0.2512997337830397,0,39.67,-75.96,0,21
Caroline,archery,2022,11,320,12,0.757654895065798,0.47596070888169567,1,0,46.36363636363636,58.36020690035724,-1.3258557296760378,7.723842164127157,0.34843823932488166,0,38.89,-75.81,0,20
Howard,firearms,2022,5,345,6,0.6042347001408643,0.8965465212194158,0,0,48.75,60.78462363926387,0.34088553168500013,1.226801201100839,0.29184985415555537,0,39.2,-76.81,0,21
Somerset,archery,2022,6,286,7,0.6063063601637282,0.892548823629226,1,0,59.3801652892562,77.02738754032528,2.6670103259504385,2.0223072596996676,0.5845479358183364,0,38.18,-75.71,0,19
Worcester,muzzleloader,2021,7,359,8,0.7182542368871623,0.5990722443966413,0,0,38.25,48.56520417437458,-0.9964449079590365,1.8119578684174935,0.13299836254499733,0,38.16,-75.36,0,20
Caroline,firearms,2022,7,355,8,0.9428666221708681,0.03187210151816089,0,0,38.25,52.37566456260534,-2.8355278420934753,4.400241074534288,0.3647282523289429,1,38.89,-75.81,0,17
Somerset,firearms,2023,6,347,7,0.032026238642515636,0.010088942784490407,0,0,43.5,51.96485066254001,-1.2728546745291118,1.225771166380334,0.11673710965976186,0,38.18,-75.71,0,13
Frederick,muzzleloader,2020,3,331,4,0.37615650890444385,0.8561131505441137,0,0,59.25,76.02902546804333,-1.1248520432886862,4.1217446611910935,0.5775000092783611,0,39.41,-77.41,0,22
Anne Arundel,archery,2021,16,355,13,0.5828014680751608,0.9338457344595841,0,0,33.34710743801653,42.20585320258995,1.1891030739413802,6.139575653645159,0.7264637180870478,0,38.97,-76.55,0,27
Caroline,firearms,2020,7,357,8,0.25659950618245375,0.5207270191977091,0,0,38.25,49.21201719590872,3.4633963668825136,3.9997558401905398,0.5741283592490606,0,38.89,-75.81,0,12
Wicomico,firearms,2020,2,323,3,0.10525097128044081,0.1054062310926811,1,0,64.5,80.53968959062622,0.8501632315273362,2.731097286194734,0.3515241968845866,0,38.33,-75.32,0,12
Anne Arundel,firearms,2022,2,324,3,0.8931076638777995,0.10859403495877668,0,0,64.5,73.12085598718095,0.7989990171552147,4.535374439293895,0.3546635130895313,0,38.97,-76.55,0,14
Queen Anne,archery,2020,10,318,11,0.9359350102653821,0.0399640219352565,1,0,48.966942148760324,63.659915574386716,2.9765224071669696,1.783011740460093,0.29660381752508497,0,39.08,-75.94,0,20
Prince George,muzzleloader,2023,3,329,4,0.4224887789885088,0.9418663185557674,0,0,59.25,71.32553840587136,-0.08035514552989152,5.746488731319306,0.43784094008639174,0,38.81,-76.78,0,16
Calvert,archery,2021,13,338,13,0.007127200624154284,0.0005012624065353077,0,0,41.15702479338843,49.84322943038909,0.6141110625762458,0.8680555832154893,0.6669556008952053,0,38.45,-76.47,0,16
Baltimore,archery,2021,16,357,13,0.6505278524811615,0.7925494213862753,0,0,33.34710743801653,43.304694058518095,-6.910688532972867,1.7424918082088745,0.16806235311951795,1,39.27,-76.67,0,13
Frederick,archery,2022,0,243,1,0.15018909543465497,0.20658818648076027,0,1,75.0,90.83342361814385,-1.1412587286423383,4.084621132195836,0.2777297483960957,0,39.41,-77.41,0,17
Montgomery,archery,2023,3,265,4,0.25524447799637073,0.5164730319988369,0,1,67.19008264462809,84.87250442297989,-2.4059939885610704,1.5328606233516393,0.27268370526167607,0,39.15,-77.27,0,12
Carroll,muzzleloader,2023,1,311,2,0.8129513193344451,0.3073491216681198,1,0,69.75,83.05448039036189,1.2625022368843681,2.8688705141572575,0.19334809739699982,0,39.61,-77.14,0,16
Queen Anne,firearms,2021,6,346,7,0.27803273824815733,0.5876127903135057,0,0,43.5,56.227256821936564,0.5463362200595332,3.7169966129277143,0.4216361245447577,0,39.08,-75.94,0,14
Kent,archery,2022,16,356,13,0.9767298143738685,0.005334891863390645,0,0,33.34710743801653,44.21497088318858,0.9445670477202448,1.8615460851165497,0.4355252337256263,0,39.15,-75.73,0,15
Wicomico,archery,2021,16,355,13,0.5828014680751608,0.9338457344595841,0,0,33.34710743801653,42.05625106685788,0.9799747329377879,5.498036730017363,0.15584411433755063,0,38.33,-75.32,0,10
Worcester,archery,2021,9,306,10,0.9235050501280853,0.056648536702654295,1,0,51.570247933884296,63.37892170887135,2.420775852571101,8.514033920248757,0.2849719576728125,0,38.16,-75.36,0,13
Montgomery,firearms,2020,2,325,3,0.17297735568644157,0.2673614886601367,0,0,64.5,72.84350793110134,-1.354193876307575,2.8816209424540196,0.6658351609266203,0,39.15,-77.27,0,16
St Mary,firearms,2022,5,341,6,0.46878193132880597,0.9904122008618323,0,0,48.75,62.561912137723226,-0.7687361447035357,8.272958877942692,0.6456932873242044,0,38.27,-76.8,0,13
Talbot,firearms,2020,4,335,5,0.5116092777164454,0.9986704105064046,0,0,54.0,62.075234155686516,-1.761897837801377,0.8568702535268954,0.5031217573211966,0,38.73,-76.24,0,14
Montgomery,muzzleloader,2020,3,329,4,0.3084301244984431,0.6794678232738545,0,0,59.25,70.18969638961246,0.43932408324728534,12.384919888613974,0.20587125700435446,0,39.15,-77.27,0,22
Anne Arundel,firearms,2022,4,337,5,0.33332916251680444,0.7499886523776041,0,0,54.0,66.30613751131573,1.05794154448166,5.239665015635906,0.13354603356461528,0,38.97,-76.55,0,13
Frederick,muzzleloader,2022,6,348,7,0.7058242767498655,0.6370069726805778,0,0,43.5,57.17107585372266,-2.5173056964999962,6.430876750404803,0.30342173858124843,1,39.41,-77.41,0,11
Garrett,muzzleloader,2023,6,350,7,0.13361581525151678,0.16609472221326332,0,0,43.5,60.39613462491929,2.3075039248156894,3.586954105528218,0.3055321214067764,0,39.31,-79.48,0,23
Caroline,firearms,2021,4,338,5,0.007127200624154284,0.0005012624065353077,0,0,54.0,66.75249435590204,-0.2658981569690629,0.06385356408558425,0.4933136044123488,0,38.89,-75.81,0,11
Worcester,muzzleloader,2022,7,355,8,0.9428666221708681,0.03187210151816089,0,0,38.25,47.19175323016046,-0.6581228929334019,3.807877075385739,0.668453710735299,0,38.16,-75.36,0,16
Washington,firearms,2020,4,338,5,0.6131988543254465,0.8787734486805315,0,0,54.0,68.33315839424816,-0.5850857857339474,8.159102877770984,0.28881447869214305,0,39.64,-77.8,0,20
Calvert,archery,2022,3,269,4,0.030632092712721715,0.009232344777890977,0,1,67.19008264462809,81.13870443554791,0.8376203269934795,1.8803872950058298,0.24034461561500378,0,38.45,-76.47,0,6
Prince George,muzzleloader,2022,3,330,4,0.09628681709580178,0.08874551431299516,0,0,59.25,72.39286561839033,-1.967837653794471,3.9565379659964983,0.30384177322863243,0,38.81,-76.78,0,13
Cecil,firearms,2020,0,307,1,0.5634398960323779,0.9608017413382368,1,0,75.0,85.602585382946,-2.6684698150708903,2.3448292332628093,0.4352113959491912,0,39.67,-75.96,0,14
Howard,firearms,2020,3,329,4,0.3084301244984431,0.6794678232738545,0,0,59.25,70.49498810609772,-2.0977617963524233,2.854368013984521,0.3971187078235804,0,39.2,-76.81,0,18
Calvert,archery,2021,16,357,13,0.6505278524811615,0.7925494213862753,0,0,33.34710743801653,39.05880271587037,1.5144065363326256,1.7360821037776335,0.6795485669934063,0,38.45,-76.47,0,13
Queen Anne,firearms,2021,2,322,3,0.46531612537609135,0.9881740644186782,1,0,64.5,76.63039312220837,1.023142951505271,4.682268709653464,0.579704471983234,0,39.08,-75.94,0,19
Carroll,firearms,2021,5,345,6,0.24416954604515695,0.4816871854087932,0,0,48.75,61.79257272515328,-1.7794011860694465,1.2130397394097914,0.519129368264353,0,39.61,-77.14,0,9
Calvert,firearms,2020,4,338,5,0.6131988543254465,0.8787734486805315,0,0,54.0,69.21742966200432,1.863783376454183,2.654239472463706,0.36097295597906087,0,38.45,-76.47,0,16
Cecil,firearms,2022,8,363,9,0.21377215979487119,0.3871671867357758,0,0,33.0,46.33745796579679,-0.8156941722126984,1.815746101923391,0.4935951991067437,0,39.67,-75.96,0,11
Caroline,muzzleloader,2021,8,360,9,0.7521174290901627,0.49334809656295864,0,0,33.0,45.22942995053498,1.724131740705372,4.0570451075144405,0.13334599707452394,0,38.89,-75.81,0,16
Queen Anne,archery,2022,12,333,13,0.19787639370480292,0.3391604657199333,0,0,43.760330578512395,56.39206106401933,0.7196055652323775,7.711664500184789,0.4865362083214543,0,39.08,-75.94,0,15
Anne Arundel,archery,2021,15,351,13,0.44734869926315923,0.9728884995454274,0,0,35.950413223140494,44.92496532675847,0.4147241898953122,3.5448381303548326,0.07537306666576044,0,38.97,-76.55,0,20
Talbot,firearms,2022,2,319,3,0.7237917028627976,0.5819641850095828,1,0,64.5,74.68243982863353,-0.6363313528567642,8.390671849069607,0.5471144876333751,0,38.73,-76.24,0,14
Worcester,firearms,2020,4,336,5,0.5454724699194458,0.979730619019284,0,0,54.0,65.58144547550276,-1.2913863614034429,1.489558358738676,0.6712499853554957,0,38.16,-75.36,0,18
Worcester,firearms,2020,3,331,4,0.37615650890444385,0.8561131505441137,0,0,59.25,70.69751174842601,0.24989966083656912,3.78347940702791,0.3166618382178351,0,38.16,-75.36,0,8
St Mary,muzzleloader,2021,7,357,8,0.6505278524811615,0.7925494213862753,0,0,38.25,53.518910573034624,0.1259633852715082,4.300459812075152,0.47439907059216807,0,38.27,-76.8,0,18
Carroll,archery,2020,14,345,13,0.8502411997464492,0.2054946778662105,0,0,38.55371900826446,49.54910913285758,0.6182463970158607,3.4509980282313366,0.2936106791699477,0,39.61,-77.14,0,15
Queen Anne,firearms,2021,1,316,2,0.26213697215808907,0.5380924769328443,1,0,69.75,76.52811218766684,0.7008300841151353,4.332597436870666,0.6055167016032871,0,39.08,-75.94,0,20
Montgomery,firearms,2023,3,330,4,0.45635197119150916,0.9813144759249244,0,0,59.25,76.5692918131572,1.7419229531057214,0.7463817763473949,0.7932495418219043,0,39.15,-77.27,0,25
Frederick,firearms,2020,4,336,5,0.5454724699194458,0.979730619019284,0,0,54.0,67.2915576720573,1.4603688204452006,3.7982323706915073,0.7286429339353628,0,39.41,-77.41,0,29
Kent,muzzleloader,2020,5,345,6,0.8502411997464492,0.2054946778662105,0,0,48.75,63.56415515316644,-0.6712494419629953,0.7252789339758863,0.09670659740659211,0,39.15,-75.73,0,15
Prince George,firearms,2022,5,342,6,0.5026451235318063,0.999930947140589,0,0,48.75,61.12382932732978,-0.7896203921921199,8.896009020000301,0.18990680434109822,0,38.81,-76.78,0,20
Somerset,archery,2021,11,322,12,0.46531612537609135,0.9881740644186782,1,0,46.36363636363636,58.61619892380255,1.2358381999760228,3.3045766577105935,0.22783871735969788,0,38.18,-75.71,0,14
Howard,archery,2022,7,294,8,0.8772118977877312,0.14156730959588232,1,0,56.77685950413223,74.59515980519711,-0.6313741882422144,2.156731480071777,0.3496235739119114,0,39.2,-76.81,0,11
Wicomico,firearms,2023,6,347,7,0.032026238642515636,0.010088942784490407,0,0,43.5,54.0442476070516,-0.30179286239676295,3.8744819243939306,0.3228866411616812,0,38.33,-75.32,0,12
Calvert,firearms,2023,2,319,3,0.08385685695850498,0.06781198823602758,1,0,64.5,74.76226590324391,-1.6393502242371705,1.897284329240325,0.6519738313278608,0,38.45,-76.47,0,11
Kent,firearms,2023,4,338,5,0.7272575088155122,0.5712047423658192,0,0,54.0,71.69090286146496,3.725404004952203,11.545511915519283,0.3697625023570517,0,39.15,-75.73,0,15
St Mary,muzzleloader,2022,5,341,6,0.46878193132880597,0.9904122008618323,0,0,48.75,59.05762468282101,3.7381673126238995,2.0254627170681907,0.7852251859528362,0,38.27,-76.8,0,12
Carroll,firearms,2023,5,339,6,0.7611207010185126,0.4650917089979075,0,0,48.75,57.37290714871615,-0.0843181629116601,7.694372306912135,0.3749231849600192,0,39.61,-77.14,0,25
Calvert,archery,2022,15,350,13,0.7735506611558662,0.426283122908912,0,0,35.950413223140494,45.67301057236294,-1.210074769770292,1.1496622307702034,0.2627802307425871,0,38.45,-76.47,0,19
Queen Anne,archery,2022,15,354,13,0.9090034299678678,0.07952187806303684,0,0,35.950413223140494,45.339321654225145,-0.3305629668486884,1.7621921736830337,0.42625767358480826,0,39.08,-75.94,0,20
St Mary,firearms,2023,0,308,1,0.711361742725444,0.6201968043161783,1,0,75.0,90.60064950679167,0.23383979906041955,1.3159216221045678,0.5340927468592942,0,38.27,-76.8,0,15
Caroline,archery,2023,13,340,13,0.794983893221513,0.36055303945490635,0,0,41.15702479338843,51.871502496355426,1.767975131914313,2.3137603624475274,0.26824863507025687,0,38.89,-75.81,0,9
Frederick,archery,2020,1,254,2,0.7686907092732724,0.4414162815364484,0,1,72.39669421487604,88.97814215293597,0.4254733830262132,4.055675624432544,0.33433078799894944,0,39.41,-77.41,0,9
Garrett,archery,2020,14,342,13,0.748651623137448,0.5042360001710235,0,0,38.55371900826446,56.089622639326585,-1.7138817408722076,0.840055400511559,0.32703529442398926,0,39.31,-79.48,0,15
Calvert,archery,2020,6,287,7,0.8861760519723703,0.12251139363020314,1,0,59.3801652892562,74.39856789085968,1.9098990413247414,4.328270917052355,0.17083371869830935,0,38.45,-76.47,0,20
Queen Anne,archery,2021,9,311,10,0.09282101114308716,0.0826508509557079,1,0,51.570247933884296,63.60395713233426,-1.0557906488614763,3.0126099988712136,0.2902091178429905,0,39.08,-75.94,0,16
Worcester,archery,2022,8,305,9,0.24970701202079226,0.4990795516368163,1,0,54.17355371900827,66.10942259067905,1.741533185078138,2.1734192448037093,0.5388364040459831,0,38.16,-75.36,0,11
Wicomico,firearms,2021,0,306,1,0.9235050501280853,0.056648536702654295,1,0,75.0,78.75250570767528,-0.9435370450524007,1.365659034702463,0.5568518033287774,0,38.33,-75.32,0,13
Queen Anne,firearms,2023,6,352,7,0.20134219965751754,0.34950721690353714,0,0,43.5,60.97665275258574,-0.22896507568719726,3.727414340141868,0.49078668528165653,0,39.08,-75.94,0,18
Dorchester,muzzleloader,2023,7,354,8,0.26906858406357514,0.5597625041653564,0,0,38.25,48.67509373407215,-2.3375280860727607,0.9933455978698765,0.7081247604712235,1,38.47,-75.87,0,18
Caroline,muzzleloader,2023,6,349,7,0.0997526230485164,0.09503518983766174,0,0,43.5,50.07848023529744,1.7754031453419965,1.5164776088575727,0.27538358143989283,0,38.89,-75.81,0,12
Dorchester,firearms,2020,1,315,2,0.8343454336563809,0.2472514531085636,1,0,69.75,81.18125861924132,-1.446810632855397,3.523002178749852,0.5944741637784335,0,38.47,-75.87,0,20
Anne Arundel,firearms,2022,1,316,2,0.6222021262537965,0.8597137534098416,1,0,69.75,88.41401606158678,0.5908569145337176,0.7802479402085609,0.09175104936972632,0,38.97,-76.55,0,18
St Mary,muzzleloader,2020,1,313,2,0.7666190492503802,0.4478845457338737,1,0,69.75,79.14360522218881,-1.0176410181281006,6.3801116693641005,0.1848101923881257,0,38.27,-76.8,0,13
Carroll,firearms,2020,0,307,1,0.5634398960323779,0.9608017413382368,1,0,75.0,84.16253522936161,-2.122912341727681,3.750100062544144,0.6317142227983188,0,39.61,-77.14,0,21
Prince George,muzzleloader,2022,6,346,7,0.6380978923438647,0.8232934396566942,0,0,43.5,53.864269245228314,-2.9314767808503444,8.57296316064304,0.9121668387941297,1,38.81,-76.78,0,22
Kent,firearms,2021,1,313,2,0.16054739554908792,0.23354016980069242,1,0,69.75,78.84331622402863,1.0782583852885508,7.911319801789431,0.4878188120548511,0,39.15,-75.73,0,19
Queen Anne,muzzleloader,2022,4,338,5,0.3671923547198048,0.8357907779219689,0,0,54.0,66.769599264142,-0.18770050253453263,2.975112302336253,0.38676304121630606,0,39.08,-75.94,0,17
Baltimore,archery,2020,8,306,9,0.5295767038293775,0.9913910721586514,1,0,54.17355371900827,61.207056084174795,-0.4047466368402913,4.844874627675627,0.49685755815948196,0,39.27,-76.67,0,19
Talbot,firearms,2022,4,338,5,0.3671923547198048,0.8357907779219689,0,0,54.0,62.16754513276538,-1.8103979822539829,2.669785151197804,0.30182371125330326,0,38.73,-76.24,0,18
Anne Arundel,firearms,2020,5,341,6,0.7147884309344477,0.6097201807013685,0,0,48.75,59.02474380606604,0.4131332089069405,0.980272461363946,0.4674203421730029,0,38.97,-76.55,0,16
Worcester,archery,2020,8,304,9,0.46185031942337673,0.985704441424802,1,0,54.17355371900827,64.91832738038349,-0.00811598293896742,2.727458193992953,0.7023490564227812,0,38.16,-75.36,0,20
Caroline,firearms,2020,0,307,1,0.5634398960323779,0.9608017413382368,1,0,75.0,84.54238340814041,-3.641764235365046,7.161161910503018,0.679631480796224,0,38.89,-75.81,0,11
Talbot,archery,2022,0,246,1,0.2517786720436561,0.5055877467084711,0,1,75.0,84.98186126389015,-1.4432826807706067,0.3049787051820133,0.04836187254835055,0,38.73,-76.24,0,17
Queen Anne,muzzleloader,2021,4,332,5,0.803948047406152,0.33374414575260336,0,0,54.0,70.16827919037686,2.401820495982585,4.856282762322661,0.10674174450524775,0,39.08,-75.94,0,12
Baltimore,archery,2021,11,324,12,0.5330425097820921,0.9892629420839378,0,0,46.36363636363636,58.243660458175185,2.210119397221276,5.54474815810683,0.27172233972125603,0,39.27,-76.67,0,15
Prince George,archery,2023,6,288,7,0.03409789866543633,0.011431235078371738,1,0,59.3801652892562,69.87619599754605,-2.1059684179135822,3.3486811249913373,0.4567214015032855,0,38.81,-76.78,0,15
Talbot,firearms,2023,6,347,7,0.032026238642515636,0.010088942784490407,0,0,43.5,56.91010433622378,-1.7627403836678672,7.231084791166151,0.306462593932261,0,38.73,-76.24,0,17
Carroll,archery,2021,6,288,7,0.31396759047402156,0.6955931336294042,1,0,59.3801652892562,70.06132516855854,-0.2048908800175638,2.7589343525110195,0.5173920293563135,0,39.61,-77.14,0,21
Wicomico,firearms,2023,7,354,8,0.26906858406357514,0.5597625041653564,0,0,38.25,49.721762418721646,-2.9944708081064713,0.44787067128466496,0.5530341870265219,1,38.33,-75.32,0,17
Cecil,muzzleloader,2023,7,358,8,0.40452135287557667,0.9126932054467352,0,0,38.25,53.973125402734496,-3.8297329236578554,5.860456085168811,0.7229175538305054,1,39.67,-75.96,0,11
Cecil,muzzleloader,2021,5,342,6,0.1425799694361558,0.18757477990595367,0,0,48.75,59.63285345363,-1.1614800221899106,0.8055456829722194,0.5893716926579353,0,39.67,-75.96,0,14
Garrett,firearms,2023,5,342,6,0.8627102776275137,0.1747739301634525,0,0,48.75,50.937672791339146,0.46179088957494885,2.2431855865989285,0.638530359516063,0,39.31,-79.48,0,14
Kent,firearms,2021,4,337,5,0.9732640084211539,0.007038348903326719,0,0,54.0,66.2250204605106,-1.5591929382682133,2.37210839570773,0.4939307094705623,0,39.15,-75.73,0,10
Dorchester,firearms,2021,0,307,1,0.9573682423310856,0.017830680710972602,1,0,75.0,88.28877034548938,2.011007842071267,3.8565550651179703,0.5451436348439084,0,38.47,-75.87,0,17
Carroll,muzzleloader,2020,0,308,1,0.5973030882353783,0.9094302532940565,1,0,75.0,85.81627557465652,2.7465365902292063,6.333293197228681,0.4661449761194092,0,39.61,-77.14,0,12
Dorchester,firearms,2021,0,308,1,0.991231434534086,0.0007586596478646457,1,0,75.0,85.23887440770201,2.3965294734406664,4.646285826902065,0.19996624555180678,0,38.47,-75.87,0,18
Washington,firearms,2021,2,323,3,0.49917931757909173,0.9999933526423657,1,0,64.5,79.25310176472858,-0.6760780519566087,1.4202203994328093,0.7046268388111065,0,39.64,-77.8,0,20
Harford,archery,2020,10,320,11,0.0036613946713828227,0.00013230421543636295,1,0,48.966942148760324,61.51136733473368,-2.6015080729114883,4.3375273486556365,0.2826986904115217,0,39.54,-76.22,0,19
Kent,archery,2022,12,329,13,0.0624236248928014,0.03796846607438614,0,0,43.760330578512395,65.0097476739991,-0.954951513868682,8.510543279432634,0.46790009732742555,0,39.15,-75.73,0,13
Harford,firearms,2020,8,361,9,0.3920522749945121,0.8893342134913929,0,0,33.0,40.88598735618773,-0.7049603449401052,1.970483474329657,0.16108745468826213,0,39.54,-76.22,0,14
Queen Anne,firearms,2021,3,328,4,0.6684952785940936,0.745008505815151,0,0,59.25,68.56800923465666,-2.9474831470138816,1.6720540078304156,0.5165106059241855,0,39.08,-75.94,0,19
Somerset,archery,2023,15,349,13,0.0997526230485164,0.09503518983766174,0,0,35.950413223140494,46.685374069785574,-1.245225777959961,2.764954427524157,0.11330758814591273,0,38.18,-75.71,0,12
Dorchester,firearms,2023,7,359,8,0.43838454507857705,0.9629960578983737,0,0,38.25,45.52712023800957,2.083546219482654,3.1279574208493006,0.3852139056654078,0,38.47,-75.87,0,5
Somerset,archery,2020,10,314,11,0.8004822414533805,0.344051357760488,1,0,48.966942148760324,61.05717408821032,-0.8635515964502689,2.941764590622595,0.1850584010117344,0,38.18,-75.71,0,14
Baltimore,firearms,2021,0,304,1,0.8557786657220845,0.19161723149633197,1,0,75.0,88.55193135671293,-1.5211346830150865,1.3805593512817669,0.3937387521543023,0,39.27,-76.67,0,15
Calvert,archery,2021,16,360,13,0.7521174290901627,0.49334809656295864,0,0,33.34710743801653,49.75668316362488,2.335372963073085,10.700551287325622,0.3103579061927746,0,38.45,-76.47,0,17
Wicomico,archery,2022,5,278,6,0.33540082253972514,0.7556037641363302,0,1,61.98347107438016,69.17645798895549,-1.6257177187766403,2.574992927518553,0.3235765365657507,0,38.33,-75.32,0,9
Cecil,archery,2022,8,301,9,0.1142542432087339,0.12339922441592932,1,0,54.17355371900827,66.25450885706533,0.3633289957798957,2.4758381850747364,0.25689848094103584,0,39.67,-75.96,0,19
Somerset,firearms,2020,1,312,2,0.7327558570473798,0.5540681405464372,1,0,69.75,86.44810971898761,-1.8528341838471591,0.46356287681017566,0.3930003648717359,0,38.18,-75.71,0,16
Dorchester,muzzleloader,2021,6,350,7,0.41348550706015885,0.9279295866149563,0,0,43.5,49.85620302644014,-0.22044730928649323,2.6247861903299525,0.32303678747173137,0,38.47,-75.87,0,23
Howard,archery,2022,15,352,13,0.841277045561867,0.22870785607957128,0,0,35.950413223140494,48.19817254469656,1.0325853957379671,4.242791615241602,0.04661345686182844,0,39.2,-76.81,0,20
Montgomery,firearms,2022,5,344,6,0.570371507937864,0.9519153558029791,0,0,48.75,63.14720165295758,-0.2651555570198337,5.405257849469453,0.4933073501829707,0,39.15,-77.27,0,16
St Mary,archery,2021,11,324,12,0.5330425097820921,0.9892629420839378,0,0,46.36363636363636,52.94003588467589,0.7530658037161992,6.815902192793268,0.07961032669978067,0,38.27,-76.8,0,13
Anne Arundel,archery,2020,8,304,9,0.46185031942337673,0.985704441424802,1,0,54.17355371900827,66.46686315040142,-1.8019555392668818,2.252376912057291,0.47364070873008796,0,38.97,-76.55,0,17
Prince George,archery,2022,9,311,10,0.45288616523879455,0.9782518223638573,1,0,51.570247933884296,64.97955016664864,-2.704265108538037,4.426827935262633,0.6116975103308248,0,38.81,-76.78,0,14
Carroll,firearms,2020,7,357,8,0.25659950618245375,0.5207270191977091,0,0,38.25,54.21909509191313,-1.0494859673558843,4.408131252631487,0.6129638177511644,0,39.61,-77.14,0,16
Wicomico,archery,2020,10,318,11,0.9359350102653821,0.0399640219352565,1,0,48.966942148760324,59.633370017389396,-3.8991877275448465,15.796296570787245,0.373643718750206,0,38.33,-75.32,0,10
Wicomico,firearms,2021,3,327,4,0.6346320863910933,0.8315220528042181,0,0,59.25,71.71571907993336,-1.7595474133416154,0.6892806879578425,0.6676070302530882,0,38.33,-75.32,0,14
Carroll,archery,2022,11,324,12,0.8931076638777995,0.10859403495877668,0,0,46.36363636363636,61.07581308252222,0.27980848512378587,7.705148886360622,0.5533026792029851,0,39.61,-77.14,0,12
Caroline,muzzleloader,2022,4,334,5,0.2317395859078033,0.4427589951458601,0,0,54.0,65.37138886341502,-2.315469141317754,2.3383447060974016,0.605509446474991,0,38.89,-75.81,0,19
Cecil,firearms,2020,1,313,2,0.7666190492503802,0.4478845457338737,1,0,69.75,83.3253939635633,0.5227479679293953,9.875445254408953,0.30338413637557005,0,39.67,-75.96,0,19
Garrett,firearms,2023,4,335,5,0.6256679322065111,0.8520665091466472,0,0,54.0,65.05011129179486,-1.6520112919883105,2.5126277816562688,0.27305198873981273,0,39.31,-79.48,0,15
Howard,archery,2022,17,362,13,0.1799089675918708,0.28685162051221047,0,0,30.743801652892557,37.290123954449356,-2.698794125656657,9.496641580431934,0.4897205319333952,1,39.2,-76.81,0,9
Harford,firearms,2023,1,313,2,0.8806777037404458,0.13406154697074069,1,0,69.75,83.58397538573257,-0.9527309376881733,1.094528884313167,0.5864857153676435,0,39.54,-76.22,0,11
Cecil,archery,2022,13,335,13,0.2656027781108037,0.5489390937279066,0,0,41.15702479338843,58.0261664027945,3.048281740955697,1.3734373480689863,0.693664182479123,0,39.67,-75.96,0,9
Worcester,muzzleloader,2023,5,343,6,0.8965734698305141,0.1019121277156611,0,0,48.75,61.39916440785264,-2.1283487534207084,3.5352365759583293,0.25006135316530254,0,38.16,-75.36,0,10
Dorchester,firearms,2020,5,345,6,0.8502411997464492,0.2054946778662105,0,0,48.75,57.685720857603954,2.2864878245212803,1.6624167088197583,0.7202554527464508,0,38.47,-75.87,0,13
Talbot,archery,2022,10,317,11,0.6560653184567968,0.7782673432119618,1,0,48.966942148760324,61.924781381380726,-2.772120224306679,0.45250640205855214,0.3146538307761946,0,38.73,-76.24,0,14
Talbot,muzzleloader,2021,6,348,7,0.3457591226541581,0.7830109511302795,0,0,43.5,56.529887985580146,0.011484406751805752,3.191261765340924,0.5017736484080515,0,38.73,-76.24,0,16
Calvert,firearms,2020,1,315,2,0.8343454336563809,0.2472514531085636,1,0,69.75,80.72502639699272,3.9042986170984806,5.875703692498899,0.3622275413388386,0,38.45,-76.47,0,16
Carroll,muzzleloader,2022,8,360,9,0.11218258318587004,0.11915014786179073,0,0,33.0,48.47847334445352,0.388494697425993,10.285689632812689,0.17368246566027015,0,39.61,-77.14,0,17
Calvert,firearms,2020,4,338,5,0.6131988543254465,0.8787734486805315,0,0,54.0,67.40298026754198,0.1700997519211804,6.354607593393758,0.5174591206768746,0,38.45,-76.47,0,21
Baltimore,archery,2020,9,309,10,0.6311662804383786,0.8395934619907948,1,0,51.570247933884296,63.15659583821438,-1.620018341689014,10.040930086358522,0.434896859670759,0,39.27,-76.67,0,14
Kent,firearms,2023,7,358,8,0.40452135287557667,0.9126932054467352,0,0,38.25,46.8786369274083,-2.0587362493954555,5.068256652165796,0.42980696737904006,1,39.15,-75.73,0,14
Queen Anne,firearms,2023,7,358,8,0.40452135287557667,0.9126932054467352,0,0,38.25,54.64109264559446,1.0833984544575843,9.712915165202041,0.3577756430316264,0,39.08,-75.94,0,17
Talbot,firearms,2023,7,355,8,0.3029317762665755,0.6632414433333205,0,0,38.25,48.86039379099818,-1.418158461160395,6.0117949885583135,0.5809524544614232,0,38.73,-76.24,0,16
Montgomery,archery,2022,11,323,12,0.8592444716747991,0.1831204505031771,1,0,46.36363636363636,62.30965377987016,0.5781154303748521,2.3908883041455784,0.7227043129194005,0,39.15,-77.27,0,18
Garrett,firearms,2021,2,322,3,0.46531612537609135,0.9881740644186782,1,0,64.5,82.52966682232142,2.809426545815406,0.31351396160196343,0.027528044494855353,0,39.31,-79.48,0,15
Anne Arundel,archery,2022,15,352,13,0.841277045561867,0.22870785607957128,0,0,35.950413223140494,47.18000825172666,-2.0575321822536994,5.745690622930349,0.47478185995131,1,38.97,-76.55,0,15
Caroline,muzzleloader,2023,0,304,1,0.5759089739134424,0.9441995763914877,1,0,75.0,92.10416002945087,-2.4688332049206765,4.189945678788633,0.23703400568952432,0,38.89,-75.81,0,21
Talbot,archery,2021,3,268,4,0.636703746414014,0.826622111182401,0,1,67.19008264462809,78.81889066061188,-0.7594042249863994,3.955312725381503,0.6721112449920567,0,38.73,-76.24,0,14
Caroline,archery,2021,0,249,1,0.9933030945569499,0.0004425720671433764,0,1,75.0,88.78920193226327,-0.19556906700112076,1.9908416754265987,0.20422141142684075,0,38.89,-75.81,0,13
St Mary,muzzleloader,2021,1,316,2,0.26213697215808907,0.5380924769328443,1,0,69.75,79.96539390697389,-1.3643073568069335,3.391597008782758,0.1250895888237987,0,38.27,-76.8,0,24
Frederick,firearms,2023,6,348,7,0.06588943084551602,0.04223956924860145,0,0,43.5,54.04163272749952,0.6937349291189838,8.93180075014804,0.36478211463887256,0,39.41,-77.41,0,7
Anne Arundel,muzzleloader,2020,6,349,7,0.9856939685584507,0.0020185785782094734,0,0,43.5,53.97361914395789,-1.1309866520355372,3.360586379692848,0.8004095484774858,0,38.97,-76.55,0,17
Caroline,firearms,2022,4,335,5,0.2656027781108037,0.5489390937279066,0,0,54.0,65.65670772729499,4.25477124235731,8.211542221410133,0.14200338410921132,0,38.89,-75.81,0,7
Frederick,muzzleloader,2021,6,347,7,0.3118959304511577,0.6895870586242627,0,0,43.5,51.43604049454387,-0.2921034409237347,4.159471228994472,0.7660522857815638,0,39.41,-77.41,0,13
Prince George,archery,2023,4,272,5,0.4922868234173734,0.9994129416227058,0,1,64.58677685950413,75.68570330965987,-0.8455252220687637,2.3067098426118924,0.19883975573015866,0,38.81,-76.78,0,22
Kent,archery,2023,10,315,11,0.9484040881464466,0.02604494265773899,1,0,48.966942148760324,61.23240101636969,0.6560675876275955,2.2674566785000003,0.5252608466159493,0,39.15,-75.73,0,9
Cecil,firearms,2020,1,314,2,0.8004822414533805,0.344051357760488,1,0,69.75,82.34143376919258,3.22261035698666,5.564331870706551,0.6028436837868192,0,39.67,-75.96,0,10
Somerset,firearms,2020,2,323,3,0.10525097128044081,0.1054062310926811,1,0,64.5,75.85126548442659,1.484859923588949,4.523389488359885,0.30844371973897267,0,38.18,-75.71,0,8
Queen Anne,archery,2021,15,352,13,0.4812118914661596,0.9965201424913652,0,0,35.950413223140494,40.30418301747027,-0.8512453312842431,2.419764565026636,0.31032555554239255,0,39.08,-75.94,0,9
Harford,firearms,2020,6,349,7,0.9856939685584507,0.0020185785782094734,0,0,43.5,56.60548435783336,-1.1409270801808387,6.696160056056271,0.6354346994600112,0,39.54,-76.22,0,16
Dorchester,archery,2020,4,275,5,0.47981774553630885,0.9959852634626244,0,1,64.58677685950413,77.83460011415107,1.4261509765551494,7.330081273978606,0.016233005621221805,0,38.47,-75.87,0,17
Montgomery,archery,2023,1,256,2,0.9504757481693673,0.024012008107556215,0,1,72.39669421487604,83.01981866428346,-2.4387979983047776,3.502919288607529,0.36068837265951587,0,39.15,-77.27,0,13
Montgomery,firearms,2021,0,308,1,0.991231434534086,0.0007586596478646457,1,0,75.0,88.20073521312534,-0.4387924589629442,4.679084475811471,0.21103908747344485,0,39.15,-77.27,0,17
Montgomery,muzzleloader,2020,6,348,7,0.9518307763554503,0.022725914210856735,0,0,43.5,55.51539990396882,0.2701535160952575,8.911680523053796,0.27174560332958114,0,39.15,-77.27,0,18
Anne Arundel,archery,2023,12,327,13,0.354762394582508,0.8058633668694597,0,0,43.760330578512395,55.883210713816176,1.2372317426592139,4.672773554047903,0.42875786072160116,0,38.97,-76.55,0,12
Caroline,archery,2021,14,344,13,0.21030635384215657,0.37658748839005973,0,0,38.55371900826446,51.81584207831514,-0.4504381009744961,3.111709970304401,0.4442034127660326,0,38.89,-75.81,0,15
Garrett,firearms,2023,7,353,8,0.23520539186051792,0.4535882762293305,0,0,38.25,41.728407895183096,2.297433701282404,3.884549343122125,0.3098326721834943,0,39.31,-79.48,0,10
Washington,firearms,2021,3,326,4,0.6007688941880929,0.903083956154713,0,0,59.25,69.82075771364543,-1.3042010708920488,4.07236330052743,0.49314048132740207,0,39.64,-77.8,0,16
Cecil,firearms,2020,7,356,8,0.22273631397945337,0.41476689174403514,0,0,38.25,49.41684397859382,0.3625583066413178,5.720060146687348,0.43226887557347593,0,39.67,-75.96,0,16
Prince George,muzzleloader,2020,5,345,6,0.8502411997464492,0.2054946778662105,0,0,48.75,65.05595521859914,3.997085290599411,3.688395186497304,0.2175201628015125,0,38.81,-76.78,0,15
Caroline,firearms,2020,3,328,4,0.2745669322954427,0.5768731725833118,0,0,59.25,72.92460037893031,0.2874799093855757,9.313652523924917,0.0929401970111751,0,38.89,-75.81,0,23
Garrett,firearms,2023,4,336,5,0.6595311244095114,0.7691559417037579,0,0,54.0,68.77215083787102,-1.4377584150456988,8.854697563340766,0.837709855012297,0,39.31,-79.48,0,15
Wicomico,muzzleloader,2023,3,330,4,0.45635197119150916,0.9813144759249244,0,0,59.25,73.77648401166651,-0.0212386082951814,4.779937692465062,0.39028725423060967,0,38.33,-75.32,0,12
Talbot,muzzleloader,2020,7,357,8,0.25659950618245375,0.5207270191977091,0,0,38.25,50.73835100773974,1.5856673213801848,11.577063423236662,0.4043307924160372,0,38.73,-76.24,0,8
Prince George,muzzleloader,2020,1,318,2,0.9359350102653821,0.0399640219352565,1,0,69.75,85.55589931196472,-1.329909711730906,4.452926583332103,0.10314213837822551,0,38.81,-76.78,0,12
Calvert,firearms,2021,5,341,6,0.10871677723315543,0.11218624105563396,0,0,48.75,63.13598281070067,0.6787566464071694,4.482492145288988,0.5659234403306136,0,38.45,-76.47,0,21
Harford,firearms,2022,6,347,7,0.6719610845468651,0.7354598248849504,0,0,43.5,53.96561317074808,-0.3468183845976144,7.051699373609122,0.4620935457792058,0,39.54,-76.22,0,21
Anne Arundel,muzzleloader,2020,3,330,4,0.3422933167014435,0.7739684756451792,0,0,59.25,70.66313121323479,-0.456179154924812,9.351835121889849,0.5574993167493457,0,38.97,-76.55,0,14
Washington,firearms,2020,6,353,7,0.12114673737045223,0.13799126277458668,0,0,43.5,57.93549474690157,1.6550619231379862,2.2514839652794767,0.24423048750169563,0,39.64,-77.8,0,13
Carroll,muzzleloader,2020,8,364,9,0.49364185160351326,0.9996010639301045,0,0,33.0,42.826316686050326,-0.03924054376313495,1.5809800261501052,0.6260385414867625,0,39.61,-77.14,0,14
Dorchester,firearms,2020,4,336,5,0.5454724699194458,0.979730619019284,0,0,54.0,68.75896364457103,0.026257761732215865,1.5358098131341025,0.462452925473219,0,38.47,-75.87,0,13
Wicomico,firearms,2021,3,326,4,0.6007688941880929,0.903083956154713,0,0,59.25,69.4244554746151,0.5778325998215719,6.994640063617014,0.40383251359398076,0,38.33,-75.32,0,10
Howard,archery,2023,9,308,10,0.711361742725444,0.6201968043161783,1,0,51.570247933884296,61.536850929807656,2.6916843119224905,10.150464326666103,0.38207791561114013,0,39.2,-76.81,0,14
Talbot,archery,2020,8,302,9,0.39412393501737597,0.8933846625498797,1,0,54.17355371900827,64.42770991879982,1.4142204648197798,3.530551316457058,0.5884726469194511,0,38.73,-76.24,0,13
Carroll,firearms,2020,1,317,2,0.9020718180623817,0.09170010246002885,1,0,69.75,77.11409575445084,0.7317050800568176,4.182559314831616,0.2931974380187986,0,39.61,-77.14,0,10
Worcester,firearms,2023,1,313,2,0.8806777037404458,0.13406154697074069,1,0,69.75,79.50468406767867,0.8997761368308228,0.8472721506478644,0.2190444978549184,0,38.16,-75.36,0,11
Wicomico,firearms,2020,7,357,8,0.25659950618245375,0.5207270191977091,0,0,38.25,43.702245898777086,-1.989300165506911,1.7116472611044486,0.2413565136461084,0,38.33,-75.32,0,17
Prince George,archery,2020,12,328,13,0.2745669322954427,0.5768731725833118,0,0,43.760330578512395,53.533096403908885,1.5067390435234647,1.6834415093013027,0.27893522833245077,0,38.81,-76.78,0,12
Baltimore,firearms,2023,4,332,5,0.5240783555975099,0.9942888327259319,0,0,54.0,67.24907196760235,2.8418484742675303,8.712775690841486,0.6272413174140243,0,39.27,-76.67,0,19
Talbot,firearms,2022,1,316,2,0.6222021262537965,0.8597137534098416,1,0,69.75,77.46364632992854,0.857105433700291,7.277510869291737,0.4833758331732451,0,38.73,-76.24,0,15
Talbot,archery,2023,4,272,5,0.4922868234173734,0.9994129416227058,0,1,64.58677685950413,78.63886178385603,2.405033829826994,0.6809084664159212,0.2575878190039057,0,38.73,-76.24,0,11
Kent,firearms,2022,0,307,1,0.317433396426793,0.7055664580881861,1,0,75.0,85.3443328700078,0.8185927815686386,1.363246060266039,0.3758900306085723,0,39.15,-75.73,0,19
Somerset,firearms,2020,0,311,1,0.6988926648443794,0.6578132623741345,1,0,75.0,87.64186359189284,0.669701561693,1.405968986877048,0.35419306829586794,0,38.18,-75.71,0,13
Queen Anne,firearms,2022,2,320,3,0.757654895065798,0.47596070888169567,1,0,64.5,76.03005396889974,1.6458526226478387,7.9656069239082585,0.42068740433916846,0,39.08,-75.94,0,13
Talbot,archery,2023,0,244,1,0.5441174417333627,0.9809129981120364,0,1,75.0,90.77172659858364,-0.08518284367387008,3.9121162945007533,0.4500485285883831,0,38.73,-76.24,0,23
Montgomery,firearms,2023,8,363,9,0.5738373138905786,0.9471496442906346,0,0,33.0,45.38836311175763,3.502621220005716,1.8331517355532612,0.38704404742061627,0,39.15,-77.27,0,14
Prince George,archery,2021,9,310,10,0.05895781894008678,0.03391645296232043,1,0,51.570247933884296,65.77278467982077,-1.35184049073123,2.6282661626655353,0.4994802224611893,0,38.81,-76.78,0,9
Anne Arundel,firearms,2021,3,329,4,0.702358470797094,0.6474450759106615,0,0,59.25,69.44980459862947,-0.8532007500244693,2.485039392524476,0.32258342687483316,0,38.97,-76.55,0,11
Garrett,archery,2023,9,309,10,0.7452249349284443,0.5149990588612463,1,0,51.570247933884296,65.98170951693761,-2.4801359492312143,2.4253775923351464,0.3512699354136995,0,39.31,-79.48,0,13
Baltimore,archery,2023,14,347,13,0.032026238642515636,0.010088942784490407,0,0,38.55371900826446,49.39046099524576,4.006153937515646,1.6063153117319409,0.14254966850940837,0,39.27,-76.67,0,17
Wicomico,archery,2020,9,307,10,0.5634398960323779,0.9608017413382368,1,0,51.570247933884296,64.83907874722348,-0.9469667384723427,4.229987554411569,0.5231186647196803,0,38.33,-75.32,0,21
Garrett,firearms,2022,5,341,6,0.46878193132880597,0.9904122008618323,0,0,48.75,56.97245606090194,2.059894720111783,2.987351438333936,0.07835473797493686,0,39.31,-79.48,0,14
Wicomico,archery,2021,6,290,7,0.3816939748800223,0.8681066081993075,1,0,59.3801652892562,72.95451301096016,2.764244205997619,2.1582609899842224,0.6384691957327809,0,38.33,-75.32,0,21
Caroline,firearms,2021,5,342,6,0.1425799694361558,0.18757477990595367,0,0,48.75,65.41151687214027,-3.875739700511394,3.52794356050673,0.5879598613193907,0,38.89,-75.81,0,12
Howard,archery,2021,4,277,5,0.9414724762410174,0.03342876269573303,0,1,64.58677685950413,82.7724612042736,0.14480313352837326,5.162489115982583,0.5073184347421621,0,39.2,-76.81,0,15
Worcester,archery,2020,3,265,4,0.14118582350630504,0.18416727528269067,0,1,67.19008264462809,84.82032980462547,2.0393068689287537,4.1335997156734186,0.6550288504210077,0,38.16,-75.36,0,15
Calvert,firearms,2022,4,336,5,0.29946597031380406,0.6529120393220145,0,0,54.0,69.06377841964421,1.6110846327793245,7.12542342984801,0.7038901329672593,0,38.45,-76.47,0,14
Cecil,firearms,2023,4,334,5,0.5918047400035107,0.9190988780283522,0,0,54.0,60.8881166602381,-0.6939412202111911,1.4079706244768224,0.23250131342030522,0,39.67,-75.96,0,16
Worcester,archery,2022,9,311,10,0.45288616523879455,0.9782518223638573,1,0,51.570247933884296,64.87852813102495,-0.8533545810421764,11.035495634620426,0.349131971201831,0,38.16,-75.36,0,18
Somerset,muzzleloader,2021,2,322,3,0.46531612537609135,0.9881740644186782,1,0,64.5,72.39465114696048,-1.2381497086356423,5.586548419478664,0.682672954453667,0,38.18,-75.71,0,14
Washington,muzzleloader,2022,0,307,1,0.317433396426793,0.7055664580881861,1,0,75.0,84.1000269447839,-3.746530948135861,8.066139128307608,0.21105781967585138,0,39.64,-77.8,0,10
Wicomico,firearms,2023,5,342,6,0.8627102776275137,0.1747739301634525,0,0,48.75,59.19580117978746,-1.2242882654395246,2.9378821452168578,0.2913399838872371,0,38.33,-75.32,0,14
Calvert,muzzleloader,2020,3,328,4,0.2745669322954427,0.5768731725833118,0,0,59.25,71.66698029828969,-0.32129012700925264,1.351897175080233,0.007809663997432486,0,38.45,-76.47,0,18
Wicomico,muzzleloader,2023,1,314,2,0.9145408959434462,0.07036497562556926,1,0,69.75,89.21097207374325,-3.6652869077542047,4.743426945324146,0.747395929714629,0,38.33,-75.32,0,19
Garrett,archery,2020,12,329,13,0.3084301244984431,0.6794678232738545,0,0,43.760330578512395,52.233430555182025,1.7733082070026005,0.4557482734497242,0.6220410689093377,0,39.31,-79.48,0,13
Wicomico,firearms,2021,1,313,2,0.16054739554908792,0.23354016980069242,1,0,69.75,83.70007951925666,2.4448458646060955,1.0756092385985059,0.08384798919513113,0,38.33,-75.32,0,10
Anne Arundel,firearms,2021,8,362,9,0.8198438134961634,0.28755443210406795,0,0,33.0,40.30350174812208,-0.7678470026292459,5.027350897999251,0.5627766637330502,0,38.97,-76.55,0,14
Frederick,archery,2023,3,269,4,0.39069724680837226,0.8866491751251037,0,1,67.19008264462809,76.06559323406736,-0.6510685569757877,2.945931534414818,0.13211146204050284,0,39.41,-77.41,0,10
Howard,firearms,2023,3,331,4,0.49021516339450955,0.9990553517987972,0,0,59.25,68.23179290654599,1.2840718168147147,2.991628733497491,0.5499923486718132,0,39.2,-76.81,0,24
Prince George,firearms,2020,2,324,3,0.1391141634834412,0.1791486626760278,1,0,64.5,79.47112060593086,-1.9855767629906698,3.1655776340796558,0.41499946692116746,0,38.81,-76.78,0,14
Anne Arundel,firearms,2022,3,328,4,0.02856043268980102,0.008029038701735935,0,0,59.25,71.91414404500244,-2.569240335746267,4.129748263468031,0.33342797422225406,0,38.97,-76.55,0,15
Prince George,firearms,2021,5,339,6,0.040990392827154665,0.01649156755456055,0,0,48.75,64.84896942578634,0.8397943288404837,2.857404457412913,0.29868585881225196,0,38.81,-76.78,0,15
Caroline,archery,2021,1,253,2,0.1287558633689514,0.15488770850156242,0,1,72.39669421487604,84.1854591363041,-0.7095485163083347,2.6980968658074227,0.130462634778438,0,38.89,-75.81,0,14
Kent,muzzleloader,2020,6,352,7,0.08728354516745185,0.07332500643782397,0,0,43.5,58.47338564311631,-0.4011115284380042,1.1922838496479513,0.5033788105121824,0,39.15,-75.73,0,18
Kent,muzzleloader,2023,4,333,5,0.5579415478005103,0.9672298887029581,0,0,54.0,69.71274864492801,0.09640258429075527,4.234574125074525,0.5964529682973018,0,39.15,-75.73,0,15
Dorchester,firearms,2021,0,308,1,0.991231434534086,0.0007586596478646457,1,0,75.0,83.91751086280864,-0.48771259647681287,5.7925069780878,0.3192041427422793,0,38.47,-75.87,0,8
Dorchester,archery,2022,1,253,2,0.4888210174646588,0.9987671059964716,0,1,72.39669421487604,88.92502433362625,0.8279273235829391,0.4912062593486799,0.6410927438043791,0,38.47,-75.87,0,19
St Mary,firearms,2021,2,323,3,0.49917931757909173,0.9999933526423657,1,0,64.5,77.67497010569343,-3.6498808727598124,2.8170306662030717,0.09659839387300398,0,38.27,-76.8,0,10
Frederick,archery,2020,8,304,9,0.46185031942337673,0.985704441424802,1,0,54.17355371900827,63.210905423810345,5.5044500262520755,0.36181148012253167,0.41945159623900097,0,39.41,-77.41,0,12
Cecil,firearms,2021,7,355,8,0.5828014680751608,0.9338457344595841,0,0,38.25,51.67761695635088,-0.09785609962915255,1.953868388467036,0.3060726988786024,0,39.67,-75.96,0,12
Caroline,firearms,2021,6,348,7,0.3457591226541581,0.7830109511302795,0,0,43.5,47.256765325643215,-0.974758547376455,2.8564498960902505,0.8824592290486125,0,38.89,-75.81,0,17
Carroll,firearms,2021,4,334,5,0.8716744318121528,0.1539108061907865,0,0,54.0,66.18669696150161,0.06725883465950669,3.908614675077901,0.3619162647515213,0,39.61,-77.14,0,9
Washington,archery,2023,13,334,13,0.5918047400035107,0.9190988780283522,0,0,41.15702479338843,57.10670545450624,1.0795709427002091,3.5125183657994885,0.3333435697024189,0,39.64,-77.8,0,17
Worcester,archery,2023,17,363,13,0.5738373138905786,0.9471496442906346,0,0,30.743801652892557,41.35346311401294,-2.2092727770908427,1.1997623900612806,0.12680457836558964,1,38.16,-75.36,0,9
Prince George,firearms,2021,5,343,6,0.1764431616391562,0.27705369529393115,0,0,48.75,60.33276484026604,-2.9924196382804085,5.0708828991167865,0.24060054843647788,0,38.81,-76.78,0,15
Somerset,archery,2022,16,357,13,0.010593006576868902,0.0011070771786803046,0,0,33.34710743801653,45.10657188208212,2.326371860472515,7.451918916532327,0.21207319320047785,0,38.18,-75.71,0,12
St Mary,firearms,2020,7,354,8,0.1550099295734526,0.21898411213060887,0,0,38.25,51.63759960959615,-1.6928017984724582,2.0903297509627183,0.38441872725993176,0,38.27,-76.8,0,15
Anne Arundel,archery,2023,16,359,13,0.43838454507857705,0.9629960578983737,0,0,33.34710743801653,43.207709001868636,-0.5632022028011161,1.069790909067242,0.21916694742567883,0,38.97,-76.55,0,14
St Mary,firearms,2020,8,362,9,0.4259154671975125,0.9468015729734189,0,0,33.0,45.21822548664073,2.1584147027148504,1.8231246892248525,0.688166277221295,0,38.27,-76.8,0,24
Kent,firearms,2023,2,318,3,0.0499936647555046,0.024465591938834463,1,0,64.5,77.857942774098,2.326011249606481,1.2752796256827086,0.3449547627574329,0,39.15,-75.73,0,15
Harford,firearms,2020,6,352,7,0.08728354516745185,0.07332500643782397,0,0,43.5,57.19464701797496,1.8099728097818708,3.174842266750069,0.44739142231399315,0,39.54,-76.22,0,14
Howard,firearms,2020,5,345,6,0.8502411997464492,0.2054946778662105,0,0,48.75,61.01940973117628,0.43684834121998617,2.0403561962254497,0.32911067060812,0,39.2,-76.81,0,13
Howard,archery,2022,16,357,13,0.010593006576868902,0.0011070771786803046,0,0,33.34710743801653,44.85531853687307,-2.1926995307134414,2.479612016012966,0.28341846705766466,1,39.2,-76.81,0,17
Worcester,firearms,2020,3,330,4,0.3422933167014435,0.7739684756451792,0,0,59.25,69.60746660333821,2.107093159293899,5.921267633219415,0.2186381684763089,0,38.16,-75.36,0,18
Baltimore,firearms,2023,3,328,4,0.3886255867855084,0.882489991476479,0,0,59.25,71.95107753886724,-1.6118292465730817,5.288639978946569,0.3397836053551546,0,39.27,-76.67,0,14
Howard,firearms,2020,0,310,1,0.665029472641379,0.7544410065176024,1,0,75.0,85.88500054311524,1.8373684132176633,12.45461288059837,0.4796979144986345,0,39.2,-76.81,0,15
Prince George,firearms,2023,2,318,3,0.0499936647555046,0.024465591938834463,1,0,64.5,80.24342011834727,-1.9027085166681887,7.198301820668166,0.2892800928936147,0,38.81,-76.78,0,12
Howard,archery,2023,9,308,10,0.711361742725444,0.6201968043161783,1,0,51.570247933884296,61.65260263457315,4.883916897368218,1.8736335381811329,0.3909135412414628,0,39.2,-76.81,0,15
Montgomery,firearms,2021,6,352,7,0.4812118914661596,0.9965201424913652,0,0,43.5,55.27636835778563,-1.0894163137453043,5.498383669289421,0.3516929622474807,0,39.15,-77.27,0,21
Queen Anne,archery,2022,12,330,13,0.09628681709580178,0.08874551431299516,0,0,43.760330578512395,56.16352510141266,3.6455630527142535,2.0262212450259787,0.21837383550390105,0,39.08,-75.94,0,21
Harford,archery,2021,17,362,13,0.8198438134961634,0.28755443210406795,0,0,30.743801652892557,42.90565020863275,2.8074237688266424,1.4956820537870132,0.318778456652209,0,39.54,-76.22,0,14
Talbot,firearms,2020,1,313,2,0.7666190492503802,0.4478845457338737,1,0,69.75,80.52229769474776,-2.7706272210950873,1.9556004800675142,0.15376939674176296,0,38.73,-76.24,0,14
Dorchester,archery,2022,11,325,12,0.9269708560807999,0.051720027324518913,0,0,46.36363636363636,57.105818824690935,1.873941717431604,3.462619639180273,0.4700199234089624,0,38.47,-75.87,0,8
Frederick,firearms,2023,1,313,2,0.8806777037404458,0.13406154697074069,1,0,69.75,81.89688012569667,4.252906141060732,3.7415654181995284,0.27008206680739155,0,39.41,-77.41,0,12
Howard,archery,2023,16,355,13,0.3029317762665755,0.6632414433333205,0,0,33.34710743801653,46.64249440144834,0.26380509530275414,1.9320111840712477,0.5944107262298083,0,39.2,-76.81,0,13
Prince George,archery,2022,6,288,7,0.674032744569729,0.7296985627629547,1,0,59.3801652892562,74.77139714420854,1.2819925662767375,3.7964438739134576,0.3711523689231157,0,38.81,-76.78,0,14
Queen Anne,archery,2023,12,328,13,0.3886255867855084,0.882489991476479,0,0,43.760330578512395,53.2087501245757,0.192423116890969,0.5828594039629063,0.1794414529159586,0,39.08,-75.94,0,15
Dorchester,firearms,2021,4,334,5,0.8716744318121528,0.1539108061907865,0,0,54.0,62.75756597667467,-0.14372548902545373,2.8098653266902494,0.3697754543552395,0,38.47,-75.87,0,18
Wicomico,muzzleloader,2023,8,360,9,0.47224773728157743,0.9924177894556254,0,0,33.0,44.08045773896096,-0.08767928532493223,16.21657076121818,0.6527166666409694,0,38.33,-75.32,0,20
Talbot,muzzleloader,2020,5,343,6,0.7825148153404484,0.3985607760450127,0,0,48.75,58.6042288576155,3.651637855664402,0.4674690607061586,0.5395683684292966,0,38.73,-76.24,0,17
Frederick,muzzleloader,2023,3,325,4,0.28703601017650726,0.6153047963479644,0,0,59.25,66.71278027455271,2.0584701158696546,1.683402153320559,0.40899284443898876,0,39.41,-77.41,0,19
Somerset,firearms,2022,5,342,6,0.5026451235318063,0.999930947140589,0,0,48.75,61.858147532618865,0.03837325721844059,1.5089164821236722,0.5453449247805792,0,38.18,-75.71,0,16
Caroline,firearms,2023,3,331,4,0.49021516339450955,0.9990553517987972,0,0,59.25,71.48313296505924,1.4296346799285384,4.38650030050414,0.614564270170566,0,38.89,-75.81,0,14
Calvert,firearms,2023,1,312,2,0.8468145115374455,0.214261941506748,1,0,69.75,83.14669715324655,3.7372525211621976,4.239871125501028,0.3283756565526935,0,38.45,-76.47,0,13
St Mary,muzzleloader,2021,1,314,2,0.1944105877520883,0.3288899828015325,1,0,69.75,75.2802510111286,-0.9037585141668026,0.9138419725836896,0.7422408528119218,0,38.27,-76.8,0,22
Caroline,firearms,2020,0,308,1,0.5973030882353783,0.9094302532940565,1,0,75.0,86.58802129208584,-0.666051119015269,1.9866213907086265,0.4149737365187452,0,38.89,-75.81,0,15
Baltimore,muzzleloader,2020,1,317,2,0.9020718180623817,0.09170010246002885,1,0,69.75,79.78897321024874,-2.5759661119397976,5.8498414222628545,0.13867755197044457,0,39.27,-76.67,0,14
Montgomery,firearms,2022,6,348,7,0.7058242767498655,0.6370069726805778,0,0,43.5,57.315349088952004,1.5167147264937648,1.6123040330309237,0.71962548879348,0,39.15,-77.27,0,8
Talbot,firearms,2022,5,343,6,0.5365083157348636,0.9869028091251425,0,0,48.75,62.78093467098421,0.7310125049781631,1.5577778094452106,0.9017426899903158,0,38.73,-76.24,0,15
Queen Anne,firearms,2021,6,349,7,0.37962231485715847,0.8636710505452458,0,0,43.5,56.44849424502972,-2.856677248881483,1.0195091984034552,0.11608140604758822,1,39.08,-75.94,0,7
Dorchester,firearms,2021,3,330,4,0.7362216630000944,0.5432318735019569,0,0,59.25,73.94311412747675,-2.413466247694398,2.6919696122970946,0.07908241382271418,0,38.47,-75.87,0,16
Wicomico,archery,2023,14,343,13,0.8965734698305141,0.1019121277156611,0,0,38.55371900826446,43.602417251126255,-1.7899279270871307,2.170309862886541,0.10907710554004202,0,38.33,-75.32,0,22
Frederick,firearms,2022,0,310,1,0.41902297303579417,0.9366663886335291,1,0,75.0,82.81669623704043,-0.1311951303940898,4.7018334607344325,0.47410898447004984,0,39.41,-77.41,0,16
Caroline,firearms,2021,4,333,5,0.8378112396091524,0.23791751633781322,0,0,54.0,58.75249807268365,-3.3157413546034924,2.5998828919963026,0.39283163490434797,0,38.89,-75.81,0,13
Harford,firearms,2022,5,344,6,0.570371507937864,0.9519153558029791,0,0,48.75,60.55994802424378,-0.30987951807059855,4.329312634460309,0.4059006112191819,0,39.54,-76.22,0,15
Queen Anne,firearms,2023,6,349,7,0.0997526230485164,0.09503518983766174,0,0,43.5,53.24686538651864,-1.2863214091304849,10.123241434724617,0.2393603059720963,0,39.08,-75.94,0,14
Baltimore,firearms,2023,3,331,4,0.49021516339450955,0.9990553517987972,0,0,59.25,73.70121123954128,1.0140915178934446,2.1524569153696143,0.4868557849539235,0,39.27,-76.67,0,14
Carroll,firearms,2021,3,328,4,0.6684952785940936,0.745008505815151,0,0,59.25,72.19527068807685,3.925781232369521,0.08571171318528034,0.22399510380336035,0,39.61,-77.14,0,16
Harford,archery,2022,7,294,8,0.8772118977877312,0.14156730959588232,1,0,56.77685950413223,66.23676092001537,0.4280278148704303,2.411999604129532,0.4228794850077818,0,39.54,-76.22,0,6
Prince George,firearms,2021,6,351,7,0.44734869926315923,0.9728884995454274,0,0,43.5,61.61484607725347,0.005641717673742482,1.2032530652916593,0.2609875505129342,0,38.81,-76.78,0,22
Howard,archery,2020,3,269,4,0.27663859231830656,0.5832974090185145,0,1,67.19008264462809,76.31484018732026,-2.5170183371753336,0.504410012772821,0.27153053991447174,0,39.2,-76.81,0,19
Kent,archery,2022,3,265,4,0.8951793239006633,0.10457745572129035,0,1,67.19008264462809,80.40235570699818,-2.2998800959613024,6.179587254298618,0.7369977956900048,0,39.15,-75.73,0,15
Dorchester,firearms,2023,1,313,2,0.8806777037404458,0.13406154697074069,1,0,69.75,80.42491485387967,2.9072348937959602,1.0673469366311474,0.5278448598768479,0,38.47,-75.87,0,17
Frederick,firearms,2021,7,359,8,0.7182542368871623,0.5990722443966413,0,0,38.25,43.111768630526456,-0.9930341035856582,2.264358457507772,0.2887736693831141,0,39.41,-77.41,0,11
Prince George,muzzleloader,2021,7,353,8,0.51507508366916,0.9977587284231195,0,0,38.25,54.80709656957052,-4.405834809951705,5.918489106049172,0.48688815048481154,1,38.81,-76.78,0,9
Carroll,archery,2022,0,248,1,0.3195050564496569,0.7114816930673292,0,1,75.0,85.39767939225145,-0.767350848021508,3.3987069775763743,0.6076617965061052,0,39.61,-77.14,0,13
Harford,archery,2020,13,335,13,0.5116092777164454,0.9986704105064046,0,0,41.15702479338843,44.79263908089861,4.782865688269164,2.0112260997228555,0.6248420214490834,0,39.54,-76.22,0,14
Cecil,firearms,2023,5,345,6,0.9642998542365149,0.012526161015673276,0,0,48.75,59.482769697463894,2.982088906831758,2.768552766197698,0.4747778434350414,0,39.67,-75.96,0,24
Carroll,archery,2023,4,272,5,0.4922868234173734,0.9994129416227058,0,1,64.58677685950413,74.62228858134854,-0.3852333584373436,2.8077699262502915,0.26461328364186515,0,39.61,-77.14,0,18
Montgomery,archery,2023,15,349,13,0.0997526230485164,0.09503518983766174,0,0,35.950413223140494,52.37955088303575,-0.4446600646504889,0.31081125248506963,0.24671821696871274,0,39.15,-77.27,0,9
Kent,muzzleloader,2020,2,323,3,0.10525097128044081,0.1054062310926811,1,0,64.5,79.91372302522139,0.3069189718823723,10.27054635949238,0.41378709003455927,0,39.15,-75.73,0,16
Harford,archery,2020,12,329,13,0.3084301244984431,0.6794678232738545,0,0,43.760330578512395,54.75893604101169,-4.130902675614732,6.396678950879268,0.13888378285550768,1,39.54,-76.22,0,16
Howard,muzzleloader,2020,7,360,8,0.35818908279151174,0.8143078820882296,0,0,38.25,53.74314301149873,-0.3369194096408023,1.6211445172579437,0.7501141798593712,0,39.2,-76.81,0,22
Calvert,archery,2020,11,323,12,0.10525097128044081,0.1054062310926811,1,0,46.36363636363636,58.14832454439268,0.7951305123280061,3.494174722549823,0.10787707454295398,0,38.45,-76.47,0,22
Caroline,archery,2023,0,244,1,0.5441174417333627,0.9809129981120364,0,1,75.0,82.87163218460094,-1.3337968456611806,4.182916429522153,0.34696322163395094,0,38.89,-75.81,0,19
Anne Arundel,firearms,2023,0,305,1,0.6097721661164428,0.8857124698820362,1,0,75.0,84.57544654739354,1.2795561003459177,2.479796813039453,0.2032406905565807,0,38.97,-76.55,0,16
Caroline,firearms,2021,4,333,5,0.8378112396091524,0.23791751633781322,0,0,54.0,63.616687614397534,0.45220917480883677,3.5006402689382097,0.3456731498373094,0,38.89,-75.81,0,11
Talbot,firearms,2020,4,333,5,0.4438828933104446,0.9692400071255501,0,0,54.0,63.786771407084835,1.8388476643977594,2.645042683809306,0.4484965328166912,0,38.73,-76.24,0,7
Talbot,archery,2020,3,267,4,0.2089122079123058,0.3723479507942996,0,1,67.19008264462809,81.48270775944982,1.7960382596858049,2.8259727766175495,0.21951436497739027,0,38.73,-76.24,0,10
Wicomico,firearms,2021,3,325,4,0.5669057019850925,0.956466774229061,0,0,59.25,73.7895094831614,-2.777970097660649,5.714475827495509,0.20002091078571657,0,38.33,-75.32,0,16
Queen Anne,firearms,2022,1,315,2,0.5883389340507961,0.924937074352017,1,0,69.75,83.7656898865171,3.440503077953128,6.175505875437918,0.5613149866253541,0,39.08,-75.94,0,20
Cecil,firearms,2023,7,355,8,0.3029317762665755,0.6632414433333205,0,0,38.25,48.97040356403955,0.5548040605499153,1.682371450956222,0.14572789732611216,0,39.67,-75.96,0,21
Dorchester,firearms,2021,5,339,6,0.040990392827154665,0.01649156755456055,0,0,48.75,62.49149430359841,2.021688864953995,5.5058498774086475,0.5326232279031853,0,38.47,-75.87,0,14
Baltimore,archery,2022,16,357,13,0.010593006576868902,0.0011070771786803046,0,0,33.34710743801653,50.94915021618233,-3.218212006146889,13.623300818162285,0.056153158155660195,1,39.27,-76.67,0,15
Garrett,firearms,2022,5,344,6,0.570371507937864,0.9519153558029791,0,0,48.75,62.616641933763994,-0.20709032721418638,3.3624594417375406,0.1356517205748484,0,39.31,-79.48,0,20
Cecil,archery,2021,7,294,8,0.5171467436920807,0.9971010351960228,1,0,56.77685950413223,71.21827861477615,-0.17301705120875904,11.107393963347306,0.1424440380518669,0,39.67,-75.96,0,11
Carroll,firearms,2023,8,363,9,0.5738373138905786,0.9471496442906346,0,0,33.0,42.054480226808025,-1.1856590412217842,3.8221436767874915,0.11033274253205357,0,39.61,-77.14,0,19
Talbot,muzzleloader,2023,3,327,4,0.354762394582508,0.8058633668694597,0,0,59.25,69.73017626746659,0.8048400179352312,1.8836745646809014,0.3982250155190173,0,38.73,-76.24,0,14
Worcester,firearms,2021,2,324,3,0.5330425097820921,0.9892629420839378,0,0,64.5,73.1953278090269,0.12467609539176891,3.9291751277320675,0.34877109232047193,0,38.16,-75.36,0,13
Carroll,muzzleloader,2023,6,351,7,0.16747900745451716,0.25221338166737045,0,0,43.5,60.862744119939805,-2.9072499377540795,4.583139388903637,0.4499139790756284,1,39.61,-77.14,0,19
Anne Arundel,archery,2023,13,334,13,0.5918047400035107,0.9190988780283522,0,0,41.15702479338843,54.53408139227945,-4.298787120001081,2.072857048841928,0.40907622604348626,1,38.97,-76.55,0,21
Anne Arundel,firearms,2023,3,331,4,0.49021516339450955,0.9990553517987972,0,0,59.25,76.75654775366516,-0.16028735452001153,4.0974984879268685,0.38653539065351145,0,38.97,-76.55,0,13
Harford,firearms,2020,4,339,5,0.6470620465284469,0.80130923792404,0,0,54.0,67.6012915844485,-2.232539031553445,13.753779797953637,0.2525734823620142,0,39.54,-76.22,0,21
Cecil,muzzleloader,2020,7,355,8,0.188873121776453,0.31265077723028956,0,0,38.25,46.864928403895235,-1.2171495322499173,1.4762230234776081,0.47063077419354166,0,39.67,-75.96,0,12
Wicomico,archery,2020,16,358,13,0.29046269838545413,0.625752358144517,0,0,33.34710743801653,45.895672903521906,-1.9488393631701917,5.115296141027407,0.3275511648790183,0,38.33,-75.32,0,9
Calvert,firearms,2023,2,320,3,0.11772004916150536,0.13065006263456885,1,0,64.5,82.42631907189049,-0.1275955129847669,3.529914782608817,0.5942662457319688,0,38.45,-76.47,0,17
Kent,archery,2022,17,363,13,0.21377215979487119,0.3871671867357758,0,0,30.743801652892557,44.541421910981605,0.28010533101571217,0.31598848635236787,0.25927079603201136,0,39.15,-75.73,0,21
Montgomery,archery,2021,14,345,13,0.24416954604515695,0.4816871854087932,0,0,38.55371900826446,55.0185094539149,1.2433434293977166,8.452614310816077,0.2779302260589954,0,39.15,-77.27,0,20
Worcester,archery,2023,11,323,12,0.2193096257705065,0.40417977295631147,1,0,46.36363636363636,67.3714524309144,-0.5311277107844786,2.4737886105759768,0.5884651449517571,0,38.16,-75.36,0,14
Kent,archery,2021,7,296,8,0.5848731280980815,0.930573770381452,1,0,56.77685950413223,69.60429149371718,-1.038645326459225,0.20909843432046415,0.11752598315421876,0,39.15,-75.73,0,21
Harford,firearms,2022,0,304,1,0.21584381981773504,0.3935169951394357,1,0,75.0,87.49901462732407,-3.066268475719445,1.5590641763941169,0.4263939938765365,0,39.54,-76.22,0,9
Baltimore,firearms,2022,5,344,6,0.570371507937864,0.9519153558029791,0,0,48.75,61.09071932357562,5.290566252662606,4.05341987434061,0.48119488064093024,0,39.27,-76.67,0,18
Prince George,archery,2023,1,254,2,0.8827493637633665,0.12965766907158643,0,1,72.39669421487604,86.29839460445902,1.6144603821000065,3.536053313271664,0.4110983147504426,0,38.81,-76.78,0,12
Cecil,archery,2022,7,295,8,0.9110750899907316,0.07603593039923284,1,0,56.77685950413223,65.9873942151958,-2.646356569380599,4.738399318540766,0.44877479594269964,0,39.67,-75.96,0,10
Cecil,archery,2021,16,357,13,0.6505278524811615,0.7925494213862753,0,0,33.34710743801653,46.43683394571613,-2.7198428900987435,0.7413234574431484,0.21495917774664144,1,39.67,-75.96,0,17
Harford,muzzleloader,2021,3,328,4,0.6684952785940936,0.745008505815151,0,0,59.25,66.60322898543767,-1.0045962998175897,6.5205455075510645,0.3317717615095091,0,39.54,-76.22,0,19
Somerset,archery,2021,6,286,7,0.2462412060680208,0.4881924983174959,1,0,59.3801652892562,67.21001945207526,0.016559831044647293,3.0076452271963623,0.6103390338429794,0,38.18,-75.71,0,13
Cecil,firearms,2020,1,317,2,0.9020718180623817,0.09170010246002885,1,0,69.75,84.46341207407465,-0.15782200696940749,1.142760738258562,0.5364387710261384,0,39.67,-75.96,0,10
Cecil,firearms,2021,7,353,8,0.51507508366916,0.9977587284231195,0,0,38.25,52.43558414741966,0.8333659727674891,13.024131214931556,0.12057321624561841,0,39.67,-75.96,0,21
Dorchester,firearms,2021,1,316,2,0.26213697215808907,0.5380924769328443,1,0,69.75,81.94010406845894,-3.6495290743149966,1.3241436154029662,0.26463079931198324,0,38.47,-75.87,0,19
Talbot,firearms,2021,1,312,2,0.12668420334608754,0.15020769438398984,1,0,69.75,72.85711636633873,2.6460159654929347,1.6721778452866762,0.24857468052522838,0,38.73,-76.24,0,14
Montgomery,archery,2022,11,322,12,0.8253812794717987,0.27193813282863133,1,0,46.36363636363636,64.91104256597856,0.6273449758670164,1.4571131872303915,0.21656048031050906,0,39.15,-77.27,0,16
Howard,muzzleloader,2020,1,313,2,0.7666190492503802,0.4478845457338737,1,0,69.75,88.74437581129953,-2.532027577180122,1.3634356115279598,0.768698735915839,0,39.2,-76.81,0,19
St Mary,firearms,2020,7,360,8,0.35818908279151174,0.8143078820882296,0,0,38.25,54.967126473521596,-0.8969100030351367,6.6155535214235455,0.3165290275165125,0,38.27,-76.8,0,17
Carroll,firearms,2022,2,321,3,0.7915180872687984,0.3710414047148724,1,0,64.5,78.77581319597712,-2.0845309795957063,3.8283773035525437,0.5790020727765862,0,39.61,-77.14,0,12
Dorchester,archery,2023,12,331,13,0.49021516339450955,0.9990553517987972,0,0,43.760330578512395,55.30676796021112,0.9438859842821088,2.4929529287462535,0.4168778386338464,0,38.47,-75.87,0,13
St Mary,archery,2023,6,288,7,0.03409789866543633,0.011431235078371738,1,0,59.3801652892562,71.95357928551677,0.4765978596033045,3.3224662718974303,0.3625787036848528,0,38.27,-76.8,0,7
St Mary,muzzleloader,2021,1,317,2,0.29600016436108945,0.6425101261729971,1,0,69.75,83.43521000012099,-0.482202722661476,2.3781468880998986,0.43074514631390615,0,38.27,-76.8,0,15
Baltimore,muzzleloader,2023,2,320,3,0.11772004916150536,0.13065006263456885,1,0,64.5,74.17502502715907,-4.557492693927489,1.623649316969886,0.25586160720269857,0,39.27,-76.67,0,24
Montgomery,muzzleloader,2020,4,338,5,0.6131988543254465,0.8787734486805315,0,0,54.0,67.36672338607313,1.8872093202973732,2.701847716125114,0.3347535242995406,0,39.15,-77.27,0,18
Carroll,firearms,2020,2,320,3,0.0036613946713828227,0.00013230421543636295,1,0,64.5,71.2481030072454,-0.5094023578270603,2.6238729974639243,0.6991502502015429,0,39.61,-77.14,0,14
Baltimore,firearms,2022,0,308,1,0.3512965886297934,0.7971782491486725,1,0,75.0,92.49526370910866,0.34323636801277135,7.983769241915672,0.6683920260740708,0,39.27,-76.67,0,15
Calvert,archery,2022,16,357,13,0.010593006576868902,0.0011070771786803046,0,0,33.34710743801653,40.55612069416705,0.9548112537730986,2.3395389259629575,0.6569032197099304,0,38.45,-76.47,0,21
Caroline,archery,2023,6,290,7,0.1018242830714371,0.09888668980689452,1,0,59.3801652892562,71.16758586453743,0.4040963647844448,1.9624314632317945,0.8811662102097004,0,38.89,-75.81,0,12
Caroline,archery,2022,17,362,13,0.1799089675918708,0.28685162051221047,0,0,30.743801652892557,43.06695854721846,-4.038789625220488,7.759351996168457,0.2698058136954522,1,38.89,-75.81,0,17
Anne Arundel,muzzleloader,2021,3,329,4,0.702358470797094,0.6474450759106615,0,0,59.25,73.68642900311983,-3.246725628196527,2.816924714741213,0.8023411908193984,0,38.97,-76.55,0,17
Wicomico,firearms,2021,7,359,8,0.7182542368871623,0.5990722443966413,0,0,38.25,49.13343015166788,-2.411470521303216,5.299297761573884,0.41336845267802697,1,38.33,-75.32,0,20
Talbot,firearms,2023,5,339,6,0.7611207010185126,0.4650917089979075,0,0,48.75,66.043161413705,-1.0190501116640924,4.529739923731061,0.23040661589041472,0,38.73,-76.24,0,23
Baltimore,archery,2021,11,320,12,0.3975897409700906,0.9000115418895788,1,0,46.36363636363636,52.28093193970739,0.1823908023759595,1.6552847887662843,0.621059344821979,0,39.27,-76.67,0,21
Harford,archery,2022,11,326,12,0.9608340482838003,0.01506344518295022,0,0,46.36363636363636,55.97559327456533,0.022247800831009613,3.6799472550566823,0.28596898617440414,0,39.54,-76.22,0,16
Carroll,archery,2020,5,279,6,0.6152705143483104,0.874492980156901,0,1,61.98347107438016,80.29710069863296,-3.2973360215866396,8.212081213394576,0.5592908090566235,0,39.61,-77.14,0,21
Harford,firearms,2022,0,310,1,0.41902297303579417,0.9366663886335291,1,0,75.0,88.16560891510642,0.05933595439783133,3.08111266062022,0.731219354921169,0,39.54,-76.22,0,12
Montgomery,archery,2022,6,290,7,0.7417591289757297,0.525877892902152,1,0,59.3801652892562,70.5332484563598,-0.06504031538973189,3.7518415734143913,0.3863346638325399,0,39.15,-77.27,0,8
Prince George,firearms,2020,7,355,8,0.188873121776453,0.31265077723028956,0,0,38.25,50.830916796497206,1.8176541590409687,7.416890735919014,0.30602126482907227,0,38.81,-76.78,0,10
Howard,archery,2023,12,327,13,0.354762394582508,0.8058633668694597,0,0,43.760330578512395,56.88382608880106,-0.024672682695646538,3.1290176018001525,0.45776025511620144,0,39.2,-76.81,0,16
St Mary,muzzleloader,2023,5,343,6,0.8965734698305141,0.1019121277156611,0,0,48.75,65.20855664386163,1.08264494043562,9.008631773026876,0.19458879339982157,0,38.27,-76.8,0,14
Cecil,firearms,2020,6,353,7,0.12114673737045223,0.13799126277458668,0,0,43.5,59.691687405278394,2.2894380186915932,5.546992005965711,0.5240170965157122,0,39.67,-75.96,0,16
Montgomery,archery,2022,16,355,13,0.9428666221708681,0.03187210151816089,0,0,33.34710743801653,48.56085434271214,0.593758951677782,8.148383908555797,0.7145478432283385,0,39.15,-77.27,0,19
Harford,archery,2023,9,306,10,0.6436353583194432,0.8098297320779287,1,0,51.570247933884296,60.95846423744338,4.063105281346835,5.931546349625445,0.4492439080790599,0,39.54,-76.22,0,13
Wicomico,muzzleloader,2023,0,304,1,0.5759089739134424,0.9441995763914877,1,0,75.0,85.26579602069198,0.3722395486327981,9.308444189479774,0.23928049487612918,0,38.33,-75.32,0,15
Frederick,firearms,2020,1,315,2,0.8343454336563809,0.2472514531085636,1,0,69.75,87.78334118475937,1.8596004330071136,0.519604067717631,0.5575913938829339,0,39.41,-77.41,0,16
Wicomico,firearms,2020,2,321,3,0.03752458687444005,0.013833077376307068,1,0,64.5,78.54961349405346,-2.4460248164368714,6.587193118647664,0.3792781949847694,0,38.33,-75.32,0,18
Dorchester,firearms,2020,6,353,7,0.12114673737045223,0.13799126277458668,0,0,43.5,55.27855683969855,0.2992499740454228,4.813339272839451,0.6153562334396784,0,38.47,-75.87,0,13
Worcester,archery,2022,15,352,13,0.841277045561867,0.22870785607957128,0,0,35.950413223140494,47.335254700901665,2.234129458533355,1.9715576632986973,0.5392799379447529,0,38.16,-75.36,0,10
Carroll,archery,2022,9,311,10,0.45288616523879455,0.9782518223638573,1,0,51.570247933884296,63.5108484474514,-1.3322838783852666,2.3148520534148513,0.4709176476794732,0,39.61,-77.14,0,23
Talbot,firearms,2021,4,332,5,0.803948047406152,0.33374414575260336,0,0,54.0,66.13125381513734,0.0914161110725516,4.394877273405195,0.5288144764336306,0,38.73,-76.24,0,17
Washington,archery,2021,16,358,13,0.6843910446841619,0.7003282342898121,0,0,33.34710743801653,44.04853990972109,-1.3005148105375888,2.51849106685561,0.2140992382689454,0,39.64,-77.8,0,13
Howard,archery,2021,2,263,3,0.46738778539901205,0.9895397944941712,0,1,69.79338842975207,85.89922615802054,0.39448234819703704,10.135849690165324,0.2547189954208412,0,39.2,-76.81,0,12
Baltimore,firearms,2021,8,361,9,0.785980621293163,0.3879239495553675,0,0,33.0,45.4637507871262,-2.2210678410922573,1.3637542584831974,0.6144655404581121,1,39.27,-76.67,0,18
Garrett,firearms,2022,2,321,3,0.7915180872687984,0.3710414047148724,1,0,64.5,79.27321139941239,0.5358389320189576,6.456983104288757,0.4273814779661332,0,39.31,-79.48,0,21
Cecil,archery,2023,4,277,5,0.6616027844323753,0.763648443148021,0,1,64.58677685950413,73.59594997847938,1.6744878090436257,3.5664032096488674,0.3954462960820244,0,39.67,-75.96,0,16
St Mary,firearms,2023,6,352,7,0.20134219965751754,0.34950721690353714,0,0,43.5,57.16803508085597,-0.46205946866467407,2.0966095956349036,0.4902542412041846,0,38.27,-76.8,0,14
Washington,muzzleloader,2020,3,331,4,0.37615650890444385,0.8561131505441137,0,0,59.25,69.28792961307967,1.0457617814962556,12.12572947368099,0.6705607416619394,0,39.64,-77.8,0,22
Wicomico,firearms,2022,4,333,5,0.19787639370480292,0.3391604657199333,0,0,54.0,69.21083286369395,-1.4221431234953053,5.036077916870454,0.05471527926005088,0,38.33,-75.32,0,15
Frederick,firearms,2020,2,320,3,0.0036613946713828227,0.00013230421543636295,1,0,64.5,75.64546848024995,0.0881880833637945,5.057824998209248,0.6273675491503552,0,39.41,-77.41,0,10
Anne Arundel,firearms,2020,5,345,6,0.8502411997464492,0.2054946778662105,0,0,48.75,58.025008052361244,-0.28869249666753966,0.4760983107450493,0.22300348148578514,0,38.97,-76.55,0,14
Howard,firearms,2021,0,307,1,0.9573682423310856,0.017830680710972602,1,0,75.0,90.78050018265263,-1.0696722784069317,5.1580739739912875,0.8051789577480479,0,39.2,-76.81,0,13
Cecil,archery,2022,11,320,12,0.757654895065798,0.47596070888169567,1,0,46.36363636363636,54.580207394552396,-0.9732253820796909,1.138563765206164,0.2736679789827005,0,39.67,-75.96,0,12
Kent,firearms,2020,7,359,8,0.32432589058851136,0.7251062660968253,0,0,38.25,48.17618439394859,-2.9491304595168333,1.6015728927740978,0.27403895908952963,1,39.15,-75.73,0,14
Wicomico,archery,2020,16,362,13,0.4259154671975125,0.9468015729734189,0,0,33.34710743801653,51.00090699202386,-0.7940503877216407,1.7102866547446565,0.2650913814621179,0,38.33,-75.32,0,13
Carroll,archery,2023,5,280,6,0.7631923610414333,0.45860241897155396,0,1,61.98347107438016,72.18889676588027,0.38568819835390916,2.0509849041106984,0.7268050066398556,0,39.61,-77.14,0,17
Frederick,firearms,2023,6,348,7,0.06588943084551602,0.04223956924860145,0,0,43.5,66.81748016847044,-1.0163830048744162,1.4243828080909413,0.850103857790192,0,39.41,-77.41,0,21
Carroll,muzzleloader,2021,4,336,5,0.9394008162181535,0.03580800446252169,0,0,54.0,71.92647773122832,0.5636092089731338,0.5163994459160205,0.13058380396175615,0,39.61,-77.14,0,15
Cecil,firearms,2020,8,361,9,0.3920522749945121,0.8893342134913929,0,0,33.0,48.20855844383193,0.8204432554204243,1.012546221127456,0.23675094072415262,0,39.67,-75.96,0,11
Baltimore,firearms,2020,5,342,6,0.748651623137448,0.5042360001710235,0,0,48.75,65.51514335705386,0.8441035373342185,1.1388322704732063,0.5167428566835552,0,39.27,-76.67,0,12
Wicomico,firearms,2020,2,323,3,0.10525097128044081,0.1054062310926811,1,0,64.5,72.5817440557345,3.2114839696865345,4.37344140601981,0.6899563840573508,0,38.33,-75.32,0,18
Talbot,archery,2022,5,278,6,0.33540082253972514,0.7556037641363302,0,1,61.98347107438016,74.43596638850002,0.8896508303998494,5.239926900948902,0.23693725345734953,0,38.73,-76.24,0,16
Montgomery,archery,2023,9,307,10,0.6774985505224436,0.7199736742383083,1,0,51.570247933884296,66.64942842565961,0.6410840454421909,2.774778120470976,0.7066410273667486,0,39.15,-77.27,0,14
Anne Arundel,firearms,2020,2,319,3,0.9697982024683824,0.00897556271279315,1,0,64.5,77.99003224407883,2.0150670056543696,3.629180292481294,0.5631480251102092,0,38.97,-76.55,0,12
St Mary,firearms,2020,2,321,3,0.03752458687444005,0.013833077376307068,1,0,64.5,78.24334344373936,-1.24087512953944,0.683235837315178,0.08265796438982653,0,38.27,-76.8,0,11
Kent,firearms,2020,8,363,9,0.4597786594005129,0.984118182785114,0,0,33.0,44.43820677897888,0.18192879341699028,5.672021568034044,0.8791927894603685,0,39.15,-75.73,0,15
St Mary,archery,2022,5,283,6,0.504716783554727,0.9997804366476423,1,0,61.98347107438016,78.60528173002908,-0.4494462703142721,1.567513954869538,0.2665289312720957,0,38.27,-76.8,0,16
Garrett,archery,2022,1,252,2,0.4549578252616584,0.9801098608175862,0,1,72.39669421487604,81.36280458984618,0.3768885923696769,5.334819216154002,0.5916738786659749,0,39.31,-79.48,0,18
Anne Arundel,firearms,2020,4,335,5,0.5116092777164454,0.9986704105064046,0,0,54.0,69.21796715099211,-3.3372377671716356,14.000483698148088,0.5559555896210088,0,38.97,-76.55,0,14
Baltimore,archery,2023,12,333,13,0.5579415478005103,0.9672298887029581,0,0,43.760330578512395,47.84545215980182,0.7043209822028512,2.1772528056754643,0.33095944427091356,0,39.27,-76.67,0,10
Washington,archery,2023,9,309,10,0.7452249349284443,0.5149990588612463,1,0,51.570247933884296,63.274257981506295,0.581527937966427,7.045380859812188,0.16595528092810163,0,39.64,-77.8,0,13
Garrett,firearms,2023,6,349,7,0.0997526230485164,0.09503518983766174,0,0,43.5,57.25349321612921,-1.7521898760917305,6.130780333947121,0.3087630919616126,0,39.31,-79.48,0,11
Frederick,firearms,2021,2,324,3,0.5330425097820921,0.9892629420839378,0,0,64.5,77.70290614592348,2.083349019630466,1.74987807782512,0.3323328054188311,0,39.41,-77.41,0,22
Frederick,firearms,2023,7,355,8,0.3029317762665755,0.6632414433333205,0,0,38.25,44.3167663401233,0.2801118291158643,3.1962565502867757,0.311980840819172,0,39.41,-77.41,0,6
Caroline,firearms,2023,1,314,2,0.9145408959434462,0.07036497562556926,1,0,69.75,73.0651390584318,0.8210420538319472,5.516243210196204,0.4403817263239791,0,38.89,-75.81,0,17
Prince George,archery,2022,10,314,11,0.5544757418477957,0.9709957344495006,1,0,48.966942148760324,59.37166830179791,2.441624940271563,0.4872107164293757,0.30443813922508156,0,38.81,-76.78,0,13
Somerset,firearms,2021,3,325,4,0.5669057019850925,0.956466774229061,0,0,59.25,71.6363213647875,-1.8469609183272786,1.6050114762868304,0.2081996740357978,0,38.18,-75.71,0,13
Wicomico,archery,2020,3,268,4,0.24277540011530618,0.47731104398043117,0,1,67.19008264462809,77.10734631938924,-2.165980353806237,6.191785556023542,0.6290928076952957,0,38.33,-75.32,0,10
St Mary,firearms,2020,2,325,3,0.17297735568644157,0.2673614886601367,0,0,64.5,75.99861229659675,0.237679155250655,1.3754100565074865,0.71185979917613,0,38.27,-76.8,0,16
Dorchester,firearms,2021,7,355,8,0.5828014680751608,0.9338457344595841,0,0,38.25,55.996038854632815,0.2418291368914859,1.4278252550461576,0.5053796701056286,0,38.47,-75.87,0,13
Queen Anne,archery,2022,0,245,1,0.21791547984065573,0.399884844969787,0,1,75.0,80.77333108740542,1.1364409263221498,5.8040608740102275,0.4331349124610917,0,39.08,-75.94,0,13
Garrett,firearms,2023,5,339,6,0.7611207010185126,0.4650917089979075,0,0,48.75,62.401333195131166,-0.8840330934556895,3.1679190873111325,0.8309754560867851,0,39.31,-79.48,0,9
Prince George,archery,2020,1,252,2,0.7009643248672717,0.6516244378220275,0,1,72.39669421487604,86.454127760482,-5.092253680698546,0.42996083635315374,0.5034529812507437,0,38.81,-76.78,0,13
Queen Anne,muzzleloader,2021,6,352,7,0.4812118914661596,0.9965201424913652,0,0,43.5,60.88692214937052,-0.6281405933073958,2.6987727570877453,0.24244262389380816,0,39.08,-75.94,0,13
Talbot,muzzleloader,2020,4,334,5,0.477746085513445,0.9951201678979791,0,0,54.0,62.72899265774583,-0.23721215345461796,1.5873731089866931,0.2451220271808183,0,38.73,-76.24,0,13
Washington,archery,2023,8,304,9,0.5759089739134424,0.9441995763914877,1,0,54.17355371900827,65.77073609893338,-0.28262036983104305,0.8607480801986194,0.5425232457748177,0,39.64,-77.8,0,11
Frederick,archery,2023,12,327,13,0.354762394582508,0.8058633668694597,0,0,43.760330578512395,60.520913723733486,-3.8795614118958737,0.6261248881454335,0.3225485978813157,1,39.41,-77.41,0,24
Prince George,firearms,2021,3,327,4,0.6346320863910933,0.8315220528042181,0,0,59.25,70.12598154837076,-2.2401878020220076,4.661457332851906,0.3552138911184808,0,38.81,-76.78,0,19
Carroll,archery,2023,0,249,1,0.7134334027483646,0.613869341361968,0,1,75.0,84.86601276474836,1.6471411045426743,2.130860535286821,0.06692162073284882,0,39.61,-77.14,0,9
Anne Arundel,firearms,2023,6,349,7,0.0997526230485164,0.09503518983766174,0,0,43.5,53.85460154746755,-0.814208830315125,4.3698224003307855,0.5507191303090568,0,38.97,-76.55,0,16
Baltimore,archery,2022,5,278,6,0.33540082253972514,0.7556037641363302,0,1,61.98347107438016,75.30835730739324,1.968595194743573,6.613824083182664,0.4399781054165563,0,39.27,-76.67,0,20
Carroll,archery,2023,16,359,13,0.43838454507857705,0.9629960578983737,0,0,33.34710743801653,47.08405278404214,-1.836457912656204,2.891547777709585,0.6426160250455553,0,39.61,-77.14,0,28
Carroll,muzzleloader,2020,2,320,3,0.0036613946713828227,0.00013230421543636295,1,0,64.5,75.59945333089584,-1.162048674366992,5.469297524720691,0.19728935752518192,0,39.61,-77.14,0,20
Worcester,archery,2020,6,288,7,0.9200392441753706,0.06178727826737379,1,0,59.3801652892562,71.13500778636798,0.5133897233254908,13.047276477660066,0.459617928777797,0,38.16,-75.36,0,19
Howard,muzzleloader,2022,4,332,5,0.16401320150180254,0.24281579883258614,0,0,54.0,70.99620837047702,-3.2143165999293504,4.955815229626531,0.5194811650532698,0,39.2,-76.81,0,15
Garrett,archery,2021,16,355,13,0.5828014680751608,0.9338457344595841,0,0,33.34710743801653,42.03061974391487,-0.025917680906472514,0.8069119160204911,0.23247728787925653,0,39.31,-79.48,0,16
Harford,firearms,2022,5,342,6,0.5026451235318063,0.999930947140589,0,0,48.75,57.047926182438445,1.7873114017453768,1.1567132963903406,0.15469788218068997,0,39.54,-76.22,0,10
Howard,archery,2020,11,326,12,0.20684054788944195,0.366066310844015,0,0,46.36363636363636,58.164104325255,0.22551696650358147,2.285467588256011,0.5434315583971858,0,39.2,-76.81,0,13
Montgomery,muzzleloader,2020,5,344,6,0.8163780075434488,0.29746046063086407,0,0,48.75,60.82852907139067,-1.8286003738379621,2.302287578923647,0.2692245868787527,0,39.15,-77.27,0,14
Worcester,firearms,2021,5,343,6,0.1764431616391562,0.27705369529393115,0,0,48.75,62.88588126330018,-1.0914546123819393,5.292012587104443,0.9288032706842085,0,38.16,-75.36,0,9
Cecil,firearms,2022,6,350,7,0.7735506611558662,0.426283122908912,0,0,43.5,55.66105735892234,-0.48595897773110663,4.198075375489928,0.22627771407893932,0,39.67,-75.96,0,11
Dorchester,firearms,2021,6,349,7,0.37962231485715847,0.8636710505452458,0,0,43.5,55.766631308051686,0.83506859704797,2.0478396359228017,0.5376442536578915,0,38.47,-75.87,0,16
Cecil,muzzleloader,2023,7,355,8,0.3029317762665755,0.6632414433333205,0,0,38.25,50.475847972958874,3.3451344540741546,3.964426878529545,0.45876322923684176,0,39.67,-75.96,0,16
Montgomery,firearms,2023,3,328,4,0.3886255867855084,0.882489991476479,0,0,59.25,74.94825377779526,-2.4690389151497913,5.1947239102999845,0.5809156165907285,0,39.15,-77.27,0,14
Worcester,archery,2021,14,346,13,0.27803273824815733,0.5876127903135057,0,0,38.55371900826446,52.525378685125276,2.870302398470092,1.3030068406710338,0.18359537460842046,0,38.16,-75.36,0,10
Queen Anne,firearms,2021,1,315,2,0.22827377995508868,0.43195685709136095,1,0,69.75,78.10459922662119,0.4274400207703044,4.461917122638447,0.4267941498123954,0,39.08,-75.94,0,11
Cecil,firearms,2021,2,322,3,0.46531612537609135,0.9881740644186782,1,0,64.5,72.59827993219953,-1.2959523265536788,2.048494621094647,0.22240823496896492,0,39.67,-75.96,0,21
Garrett,firearms,2023,4,337,5,0.6933943166125118,0.6741064420555488,0,0,54.0,65.7481232549187,-3.206578256089246,2.923097997604313,0.5476920986004639,0,39.31,-79.48,0,15
Queen Anne,archery,2023,14,347,13,0.032026238642515636,0.010088942784490407,0,0,38.55371900826446,48.46883024391815,2.8524623707213563,5.001668722160501,0.7724931671240097,0,39.08,-75.94,0,16
Queen Anne,archery,2022,5,284,6,0.5385799757577274,0.9853817293106987,1,0,61.98347107438016,69.96982459106648,-2.3792275876352678,3.8852199017719102,0.9228875876812488,0,39.08,-75.94,0,14
Carroll,firearms,2021,4,335,5,0.9055376240151531,0.08551271770022578,0,0,54.0,64.86731562947863,-0.6826919131362228,8.465877456033738,0.5177451118952606,0,39.61,-77.14,0,14
Carroll,archery,2020,12,329,13,0.3084301244984431,0.6794678232738545,0,0,43.760330578512395,60.79077335372382,-0.997812768303525,9.002767563168378,0.19689537061701515,0,39.61,-77.14,0,16
Kent,archery,2022,11,322,12,0.8253812794717987,0.27193813282863133,1,0,46.36363636363636,56.11433386187585,2.3901636783188827,3.8456569210309133,0.6364984857120897,0,39.15,-75.73,0,13
Cecil,archery,2022,1,251,2,0.421094633058658,0.9397996622813316,0,1,72.39669421487604,84.67840541201785,3.736401481382963,4.620065721555652,0.10189399946779384,0,39.67,-75.96,0,21
Montgomery,firearms,2020,4,338,5,0.6131988543254465,0.8787734486805315,0,0,54.0,68.77650698574455,0.006322761397539546,5.785262335729278,0.6523514778612105,0,39.15,-77.27,0,16
Prince George,archery,2022,0,247,1,0.2856418642466565,0.6110386410864953,0,1,75.0,87.6749027015331,-1.143388741692584,4.8881876476665145,0.37870312751495394,0,38.81,-76.78,0,19
Dorchester,firearms,2023,3,328,4,0.3886255867855084,0.882489991476479,0,0,59.25,72.52718210331122,0.7786096120676528,2.7721676846692684,0.4037913535132803,0,38.47,-75.87,0,12
Wicomico,archery,2022,6,290,7,0.7417591289757297,0.525877892902152,1,0,59.3801652892562,72.51617191588369,-2.0917163665574674,2.5647883897003383,0.22957005522895166,0,38.33,-75.32,0,16
Harford,firearms,2023,7,359,8,0.43838454507857705,0.9629960578983737,0,0,38.25,51.15159866549712,1.5630889955375695,5.803666586735941,0.1432160062982588,0,39.54,-76.22,0,11
Prince George,archery,2023,17,363,13,0.5738373138905786,0.9471496442906346,0,0,30.743801652892557,37.640953944749256,-0.6379042003677083,2.9238804999990893,0.626006609314932,0,38.81,-76.78,0,18
Anne Arundel,archery,2022,10,319,11,0.7237917028627976,0.5819641850095828,1,0,48.966942148760324,60.931200886306286,0.5166099139431044,1.4200793013956323,0.8305078643376567,0,38.97,-76.55,0,19
Somerset,muzzleloader,2021,5,339,6,0.040990392827154665,0.01649156755456055,0,0,48.75,61.36471764360898,-0.7917445841171027,10.137424166270213,0.6273610469020179,0,38.18,-75.71,0,15
Frederick,muzzleloader,2020,6,352,7,0.08728354516745185,0.07332500643782397,0,0,43.5,53.96773416430733,-0.2653506695450164,0.6310626997189147,0.4412216663697774,0,39.41,-77.41,0,16
Howard,firearms,2020,1,314,2,0.8004822414533805,0.344051357760488,1,0,69.75,79.24553816109405,-1.1240961202401663,3.8700782962178404,0.5843795305009584,0,39.2,-76.81,0,15
Anne Arundel,archery,2023,1,253,2,0.8488861715603662,0.20894545619301946,0,1,72.39669421487604,86.49494062143091,-1.7743755178428815,2.727161039038314,0.35669967869261665,0,38.97,-76.55,0,18
Prince George,firearms,2023,4,334,5,0.5918047400035107,0.9190988780283522,0,0,54.0,60.13774243608253,-0.4348679049788753,1.8569863475267616,0.16581275482114852,0,38.81,-76.78,0,15
Calvert,firearms,2023,5,343,6,0.8965734698305141,0.1019121277156611,0,0,48.75,59.46982742820457,-2.474671575265011,16.62983539097176,0.032710774511186785,0,38.45,-76.47,0,15
Worcester,firearms,2020,3,331,4,0.37615650890444385,0.8561131505441137,0,0,59.25,72.54096914433181,-0.12854492284371088,1.9500055129097171,0.5359717634337767,0,38.16,-75.36,0,17
Talbot,firearms,2023,3,327,4,0.354762394582508,0.8058633668694597,0,0,59.25,73.02730496387252,0.6949780256851623,2.9479376447986714,0.2001004836930696,0,38.73,-76.24,0,21
Montgomery,muzzleloader,2023,3,330,4,0.45635197119150916,0.9813144759249244,0,0,59.25,72.90426003264227,0.4924991577943088,5.861974275550333,0.7716413396576484,0,39.15,-77.27,0,19
Somerset,muzzleloader,2020,6,347,7,0.91796758415245,0.06495830975515599,0,0,43.5,57.67551616436275,3.650349474207457,4.5659641224948775,0.7664637219237731,0,38.18,-75.71,0,13
Montgomery,archery,2021,2,259,3,0.3319350165870105,0.7461860010003334,0,1,69.79338842975207,84.75519732159918,0.3616778820995986,10.835521157825932,0.11289390013667261,0,39.15,-77.27,0,14
Talbot,archery,2021,16,359,13,0.7182542368871623,0.5990722443966413,0,0,33.34710743801653,48.722988119667605,1.4181865482150449,3.813301840239489,0.10794236573997402,0,38.73,-76.24,0,17
Washington,firearms,2020,2,323,3,0.10525097128044081,0.1054062310926811,1,0,64.5,75.20594805255313,-1.6756000603647772,1.8739348454269888,0.5356986420413992,0,39.64,-77.8,0,20
Talbot,firearms,2022,0,306,1,0.28357020422379264,0.604683620352584,1,0,75.0,83.65955007226174,1.5066315180110064,5.336336958451863,0.35556931671694236,0,38.73,-76.24,0,18
Cecil,archery,2023,2,259,3,0.05206532477836845,0.026516752670806554,0,1,69.79338842975207,82.35044888461823,0.20960032671392775,2.3265266340871618,0.5117601117165066,0,39.67,-75.96,0,16
Carroll,archery,2021,13,340,13,0.07485358503015505,0.05428810163070513,0,0,41.15702479338843,55.19956274370776,0.6927576715660444,5.689069982736396,0.4292585049493498,0,39.61,-77.14,0,12
Talbot,firearms,2023,8,360,9,0.47224773728157743,0.9924177894556254,0,0,33.0,39.547302561898505,-1.1305036717510195,5.569818647775071,0.4752447453471207,0,38.73,-76.24,0,14
Washington,archery,2023,2,261,3,0.11979170918436921,0.13506805496077612,0,1,69.79338842975207,81.45433088848469,0.3764588064650809,6.564380642675597,0.8231149737418737,0,39.64,-77.8,0,15
Calvert,firearms,2020,5,342,6,0.748651623137448,0.5042360001710235,0,0,48.75,60.78380650489623,3.268139100769026,10.69675957910843,0.2263224403438601,0,38.45,-76.47,0,13
Calvert,firearms,2023,6,350,7,0.13361581525151678,0.16609472221326332,0,0,43.5,58.357430787936565,5.263065106828405,3.962032498028892,0.08712328796018624,0,38.45,-76.47,0,6
St Mary,firearms,2022,5,339,6,0.4010555469228052,0.9064487403370917,0,0,48.75,56.8018970749493,3.64645425903168,4.7930160452156825,0.5654264880269448,0,38.27,-76.8,0,16
Baltimore,firearms,2022,8,361,9,0.14604577538887042,0.19614904559731883,0,0,33.0,44.964441939057046,2.9483796907717124,2.7203308770643897,0.46223438911941517,0,39.27,-76.67,0,12
Wicomico,archery,2021,12,329,13,0.702358470797094,0.6474450759106615,0,0,43.760330578512395,53.51006569619071,-1.2866602416231565,0.5497379643062824,0.37699647468487746,0,38.33,-75.32,0,18
Montgomery,firearms,2020,1,318,2,0.9359350102653821,0.0399640219352565,1,0,69.75,79.48835757174402,1.3719325753097855,2.0814214442401586,0.6936658983157893,0,39.15,-77.27,0,8
Baltimore,firearms,2023,3,326,4,0.32089920237950764,0.7154423052865487,0,0,59.25,71.89999106624057,-1.005198000807584,1.821114719690191,0.35530041863918355,0,39.27,-76.67,0,19
Queen Anne,archery,2020,1,255,2,0.8025539014763012,0.3378810934259665,0,1,72.39669421487604,81.36445941029635,1.9179285969689377,5.5469767535568915,0.16371111086900886,0,39.08,-75.94,0,16
Kent,archery,2020,0,248,1,0.5655115560552701,0.9582366869203547,0,1,75.0,85.9489514756735,-0.34846523344409125,1.302375030340784,0.15669650494161672,0,39.15,-75.73,0,14
Frederick,firearms,2023,7,353,8,0.23520539186051792,0.4535882762293305,0,0,38.25,46.81074786476501,-1.2764908343817825,5.611775928827426,0.47110537209244935,0,39.41,-77.41,0,12
Garrett,archery,2020,16,356,13,0.22273631397945337,0.41476689174403514,0,0,33.34710743801653,44.404517567641285,-2.5771856984442585,3.521774365643801,0.3625070187801981,1,39.31,-79.48,0,13
Caroline,archery,2020,8,305,9,0.4957135116263771,0.9998186670223002,1,0,54.17355371900827,69.36111597783557,-7.50428350871988e-05,5.8341960446528836,0.4956379271279785,0,38.89,-75.81,0,14
Dorchester,firearms,2023,0,304,1,0.5759089739134424,0.9441995763914877,1,0,75.0,84.2649193470784,-1.6146804793229252,1.357587507141082,0.2720208248125648,0,38.47,-75.87,0,14
Worcester,firearms,2020,0,308,1,0.5973030882353783,0.9094302532940565,1,0,75.0,85.14834422431024,1.0729864755852623,0.519984995396882,0.6126545998351491,0,38.16,-75.36,0,12
Worcester,archery,2022,11,326,12,0.9608340482838003,0.01506344518295022,0,0,46.36363636363636,62.24804808794686,-0.7392206607612825,2.6741780319426076,0.3829463106242609,0,38.16,-75.36,0,17
Wicomico,archery,2022,9,307,10,0.317433396426793,0.7055664580881861,1,0,51.570247933884296,68.31723392160828,0.414215108696706,0.44500943589377157,0.2968062376738047,0,38.33,-75.32,0,15
Worcester,firearms,2020,2,324,3,0.1391141634834412,0.1791486626760278,1,0,64.5,78.72315806550053,-2.813346950414127,5.683067467853743,0.34767998685238405,0,38.16,-75.36,0,17
Worcester,archery,2020,11,322,12,0.07138777907744043,0.04945997736477109,1,0,46.36363636363636,58.767861219964004,2.13929984223632,1.0898916539295556,0.07649147444810925,0,38.16,-75.36,0,18
Montgomery,firearms,2020,1,312,2,0.7327558570473798,0.5540681405464372,1,0,69.75,83.96792093553536,0.05896016863523289,0.7471593168601047,0.28595135013100004,0,39.15,-77.27,0,12
Cecil,archery,2023,2,258,3,0.01820213257536807,0.003266411252522028,0,1,69.79338842975207,77.63872561127206,-0.4796075569077733,2.1244824287140838,0.19543000515792228,0,39.67,-75.96,0,22
Anne Arundel,firearms,2023,0,304,1,0.5759089739134424,0.9441995763914877,1,0,75.0,89.5259077321594,1.1356174074560452,2.2258069692182034,0.4297100348710085,0,38.97,-76.55,0,19
Baltimore,muzzleloader,2023,3,326,4,0.32089920237950764,0.7154423052865487,0,0,59.25,68.23159431421023,-1.7000728304963824,5.119009152425584,0.30360528724702057,0,39.27,-76.67,0,17
Frederick,firearms,2023,0,306,1,0.6436353583194432,0.8098297320779287,1,0,75.0,82.97229224470041,-1.9638108315116967,7.352094421765907,0.5923584164557094,0,39.41,-77.41,0,14
Frederick,archery,2022,0,246,1,0.2517786720436561,0.5055877467084711,0,1,75.0,85.08182457047829,1.3520388183113325,3.7280890589343314,0.23704175367937486,0,39.41,-77.41,0,18
Worcester,muzzleloader,2023,2,318,3,0.0499936647555046,0.024465591938834463,1,0,64.5,74.56242466510795,0.5633169832852284,6.885577586939217,0.14099141567678136,0,38.16,-75.36,0,15
Carroll,archery,2023,12,330,13,0.45635197119150916,0.9813144759249244,0,0,43.760330578512395,52.85288101965148,-1.1232080017066952,2.4978219411395757,0.19352362611588714,0,39.61,-77.14,0,21
Caroline,archery,2023,10,315,11,0.9484040881464466,0.02604494265773899,1,0,48.966942148760324,66.5922464255388,-0.26563502549377427,2.7974162620207794,0.5428231957836185,0,38.89,-75.81,0,17
Kent,archery,2020,11,327,12,0.24070374009244233,0.47081154202790065,0,0,46.36363636363636,55.997927960845665,0.8991137756187686,4.49217865318713,0.45591508113415985,0,39.15,-75.73,0,15
Calvert,firearms,2023,2,318,3,0.0499936647555046,0.024465591938834463,1,0,64.5,74.79824252698168,-0.4641486808224678,2.993063120978521,0.34873656360112226,0,38.45,-76.47,0,15
St Mary,archery,2021,14,341,13,0.10871677723315543,0.11218624105563396,0,0,38.55371900826446,47.113502629732636,-1.4508813569047854,2.542928680748111,0.3677657520668686,0,38.27,-76.8,0,17
Dorchester,firearms,2023,7,358,8,0.40452135287557667,0.9126932054467352,0,0,38.25,46.31119610453681,-1.015701030439102,9.797630109333182,0.3843369684286648,0,38.47,-75.87,0,14
St Mary,archery,2021,6,285,7,0.21237801386502042,0.38290471034418466,1,0,59.3801652892562,67.4980841350797,0.027266185796173122,0.6401950562620955,0.2533349655762933,0,38.27,-76.8,0,17
Howard,muzzleloader,2021,6,347,7,0.3118959304511577,0.6895870586242627,0,0,43.5,56.61663633735488,-0.3971379313057959,4.215476034099481,0.3377457737192977,0,39.2,-76.81,0,19
Anne Arundel,firearms,2020,3,326,4,0.20684054788944195,0.366066310844015,0,0,59.25,72.28809214525819,1.3066903342720941,2.7847018782715387,0.655958925945961,0,38.97,-76.55,0,20
Frederick,firearms,2023,0,308,1,0.711361742725444,0.6201968043161783,1,0,75.0,80.16501532956651,-3.648466730250743,2.3634195401131604,0.38369604728707934,0,39.41,-77.41,0,10
Carroll,archery,2020,1,252,2,0.7009643248672717,0.6516244378220275,0,1,72.39669421487604,86.7730994037458,-1.5286399706658382,0.6527481682686171,0.4768472552977819,0,39.61,-77.14,0,14
Baltimore,archery,2020,10,317,11,0.9020718180623817,0.09170010246002885,1,0,48.966942148760324,61.55173333484509,0.057624152014031906,3.1531196371123533,0.5840079945192246,0,39.27,-76.67,0,19
Frederick,firearms,2020,4,334,5,0.477746085513445,0.9951201678979791,0,0,54.0,63.377160367860434,0.1583024914269572,9.120055914463075,0.08069047573777519,0,39.41,-77.41,0,21
Caroline,firearms,2020,6,348,7,0.9518307763554503,0.022725914210856735,0,0,43.5,51.71198483525163,1.1870497718415476,1.2486367326352497,0.25438155954727376,0,38.89,-75.81,0,18
Frederick,firearms,2023,2,322,3,0.18544643356750612,0.30271399645773556,1,0,64.5,77.58298768057918,0.8884161126806595,2.4373963277668915,0.08213301582118622,0,39.41,-77.41,0,16
Somerset,archery,2023,14,347,13,0.032026238642515636,0.010088942784490407,0,0,38.55371900826446,47.29561249406585,1.6274626193902828,3.180661147718526,0.611257953812592,0,38.18,-75.71,0,12
Worcester,firearms,2023,3,331,4,0.49021516339450955,0.9990553517987972,0,0,59.25,71.48458032167852,-0.5192444587306178,7.454182199561972,0.8344160049862394,0,38.16,-75.36,0,12
Queen Anne,muzzleloader,2022,1,313,2,0.5206125496447953,0.9958124882628938,1,0,69.75,80.40805137307181,1.062661846662527,3.62275410344406,0.4153990577000138,0,39.08,-75.94,0,19
Frederick,firearms,2020,0,311,1,0.6988926648443794,0.6578132623741345,1,0,75.0,84.12952344560355,2.9621560179702073,7.996775937610114,0.13539462402146507,0,39.41,-77.41,0,21
Worcester,archery,2023,3,269,4,0.39069724680837226,0.8866491751251037,0,1,67.19008264462809,77.46465484577678,2.3181356609975423,4.187333169171582,0.47607101532917573,0,38.16,-75.36,0,17
Howard,archery,2023,6,286,7,0.9663715142594356,0.011119826355261986,1,0,59.3801652892562,77.91211340215375,-2.760081904082809,1.4177031115027792,0.2868615860890723,0,39.2,-76.81,0,15
Kent,archery,2021,13,340,13,0.07485358503015505,0.05428810163070513,0,0,41.15702479338843,48.68816994917615,0.6271957919464458,6.320438281079351,0.444010938618973,0,39.15,-75.73,0,20
Somerset,archery,2022,2,261,3,0.7597265550886618,0.4694621435318222,0,1,69.79338842975207,85.59354280756082,-0.8269648750747995,2.0806478005907527,0.3084350659280592,0,38.18,-75.71,0,15
Baltimore,muzzleloader,2022,2,324,3,0.8931076638777995,0.10859403495877668,0,0,64.5,69.72121875050286,3.815599170834136,3.727452559505765,0.4574397130470446,0,39.27,-76.67,0,13
Caroline,firearms,2023,5,340,6,0.794983893221513,0.36055303945490635,0,0,48.75,60.71903998600706,-0.9053427374779627,4.458047379011066,0.32415761368351387,0,38.89,-75.81,0,10
Baltimore,archery,2021,14,344,13,0.21030635384215657,0.37658748839005973,0,0,38.55371900826446,49.81849842044727,1.6325586070318927,2.0559367471463994,0.27400132721674497,0,39.27,-76.67,0,9
Talbot,muzzleloader,2023,2,320,3,0.11772004916150536,0.13065006263456885,1,0,64.5,77.1562224146061,-1.1514291364467242,3.829233380750544,0.17709450830330442,0,38.73,-76.24,0,18
Carroll,archery,2023,0,247,1,0.6457070183423639,0.8046954452095832,0,1,75.0,84.63277030597169,2.264512546605821,1.330676008336733,0.34325544172251,0,39.61,-77.14,0,11
Dorchester,firearms,2023,2,318,3,0.0499936647555046,0.024465591938834463,1,0,64.5,72.74091182478493,-1.5713915528824511,3.8917709668671114,0.43484303811710484,0,38.47,-75.87,0,14
St Mary,firearms,2021,2,322,3,0.46531612537609135,0.9881740644186782,1,0,64.5,77.45943506805665,-0.09112618469481897,4.25017170147091,0.827096274688216,0,38.27,-76.8,0,23
Prince George,archery,2023,11,325,12,0.28703601017650726,0.6153047963479644,0,0,46.36363636363636,58.788091198447056,-2.4756347209977285,5.710612142255951,0.5253331083896235,0,38.81,-76.78,0,20
Montgomery,archery,2020,12,331,13,0.37615650890444385,0.8561131505441137,0,0,43.760330578512395,55.005812509220746,0.4655699584802647,6.1288327507523,0.5636268953068824,0,39.15,-77.27,0,14
Caroline,archery,2022,1,250,2,0.38723144085565764,0.8796545002270448,0,1,72.39669421487604,86.1389629904205,-1.3598053861388781,5.7924931673766435,0.27678292306002705,0,38.89,-75.81,0,21
Dorchester,firearms,2022,1,313,2,0.5206125496447953,0.9958124882628938,1,0,69.75,85.42644916466222,-0.5145636955584088,3.35330959718659,0.5841802490613218,0,38.47,-75.87,0,16
Somerset,muzzleloader,2023,8,363,9,0.5738373138905786,0.9471496442906346,0,0,33.0,46.99412206618654,-0.8257167770113781,2.6789616010660056,0.7079336481881731,0,38.18,-75.71,0,21
Cecil,firearms,2020,3,326,4,0.20684054788944195,0.366066310844015,0,0,59.25,67.07825247065514,0.6811660683289463,4.245616487227525,0.29244357718523534,0,39.67,-75.96,0,15
Calvert,firearms,2023,3,329,4,0.4224887789885088,0.9418663185557674,0,0,59.25,70.1836002397667,-0.5466609287871844,7.454931914395129,0.0875620352359948,0,38.45,-76.47,0,16
Garrett,firearms,2020,4,335,5,0.5116092777164454,0.9986704105064046,0,0,54.0,61.988044800396516,-0.32473632804254743,2.724245279765928,0.08118386833932374,0,39.31,-79.48,0,20
St Mary,firearms,2022,7,353,8,0.8751402377648674,0.14613521671136726,0,0,38.25,46.93637318736447,-2.272830010373853,2.5995807433538967,0.8429689347029922,1,38.27,-76.8,0,12
Montgomery,firearms,2022,7,358,8,0.04445619877986928,0.019379331894285756,0,0,38.25,52.5001900820732,0.6558580325633756,4.269620357938748,0.4390136668882732,0,39.15,-77.27,0,24
Cecil,archery,2021,5,282,6,0.11078843725601928,0.1163269659723169,0,1,61.98347107438016,69.43970975818763,0.4576719766662128,4.0709494672097195,0.39961711278387296,0,39.67,-75.96,0,15
Howard,firearms,2023,7,358,8,0.40452135287557667,0.9126932054467352,0,0,38.25,50.906002279140075,-0.0795315276732518,2.368907628723792,0.13521792937117857,0,39.2,-76.81,0,22
Kent,muzzleloader,2020,8,364,9,0.49364185160351326,0.9996010639301045,0,0,33.0,41.73046914423885,-2.3647582199469004,7.480272988576937,0.513146944426291,1,39.15,-75.73,0,19
Caroline,firearms,2023,6,346,7,0.9981630464395153,3.330360741893301e-05,0,0,43.5,56.02690014583761,2.5055221303518525,1.502515799730587,0.5225265473110933,0,38.89,-75.81,0,18
Dorchester,firearms,2022,6,352,7,0.841277045561867,0.22870785607957128,0,0,43.5,58.130682526788675,-2.270327107483117,3.2972460243887975,0.4243025365628387,1,38.47,-75.87,0,15
Queen Anne,muzzleloader,2021,8,363,9,0.8537070056991638,0.19676620916064852,0,0,33.0,46.10369174353151,-1.8616349958578091,1.4247489728868883,0.6089517249105262,0,39.08,-75.94,0,17
Baltimore,archery,2022,0,245,1,0.21791547984065573,0.399884844969787,0,1,75.0,81.14083091544411,2.533937353377495,1.4716549600251059,0.4808542707549225,0,39.27,-76.67,0,23
Montgomery,archery,2022,6,287,7,0.6401695523667286,0.8183013890669006,1,0,59.3801652892562,68.60675468221172,1.5085043609968094,10.593861290663481,0.8370241137236124,0,39.15,-77.27,0,26
Kent,firearms,2022,0,307,1,0.317433396426793,0.7055664580881861,1,0,75.0,85.07754118655728,1.4461527402474919,0.9585506430706668,0.11062011789949684,0,39.15,-75.73,0,16
Cecil,archery,2023,4,272,5,0.4922868234173734,0.9994129416227058,0,1,64.58677685950413,78.15220516157478,-0.8830637548731776,3.425002580058205,0.17132332336136513,0,39.67,-75.96,0,11
Wicomico,firearms,2022,5,345,6,0.6042347001408643,0.8965465212194158,0,0,48.75,59.67854102982924,-3.3552021225810997,6.083583884691941,0.5095853348238745,0,38.33,-75.32,0,23
Baltimore,archery,2020,11,321,12,0.03752458687444005,0.013833077376307068,1,0,46.36363636363636,62.86254254374757,-0.7460685743108361,4.939592116822428,0.46623195677080875,0,39.27,-76.67,0,12
Wicomico,muzzleloader,2021,0,307,1,0.9573682423310856,0.017830680710972602,1,0,75.0,88.43459992545701,1.1179340740303432,1.3894850830059566,0.18290847913454705,0,38.33,-75.32,0,12
Carroll,firearms,2022,6,350,7,0.7735506611558662,0.426283122908912,0,0,43.5,54.75914080394255,-1.3320183170728523,1.6378834673644875,0.28704522591968024,0,39.61,-77.14,0,17
Carroll,muzzleloader,2021,1,313,2,0.16054739554908792,0.23354016980069242,1,0,69.75,83.17023932300741,3.5243321569658006,1.9924419528250268,0.5017359161987741,0,39.61,-77.14,0,13
Frederick,firearms,2020,1,313,2,0.7666190492503802,0.4478845457338737,1,0,69.75,74.3498621964696,0.3098635143087986,4.1137315112088615,0.21848399558736473,0,39.41,-77.41,0,14
Somerset,firearms,2022,3,326,4,0.9608340482838003,0.01506344518295022,0,0,59.25,71.45810344585888,-3.0699427450262275,3.1173957768624865,0.6460386933089475,0,38.18,-75.71,0,20
Calvert,archery,2022,8,299,9,0.046527858802733135,0.021214392957266848,1,0,54.17355371900827,71.1980228290154,2.988851362609509,3.9126545584293915,0.43435966158606965,0,38.45,-76.47,0,11
Somerset,archery,2021,6,287,7,0.2801043982710212,0.5940128045831059,1,0,59.3801652892562,73.3762752663869,1.3110382795904836,0.7155261379574289,0.673963767942835,0,38.18,-75.71,0,13
Montgomery,firearms,2023,1,315,2,0.9484040881464466,0.02604494265773899,1,0,69.75,85.90283149068645,2.529005996680993,1.9257619636003385,0.45801151251855154,0,39.15,-77.27,0,24
Kent,firearms,2023,8,362,9,0.5399741216875782,0.9843117924303635,0,0,33.0,42.98905627407409,2.5985545711830724,1.5488842313381879,0.47393989037450024,0,39.15,-75.73,0,21
Washington,muzzleloader,2020,7,357,8,0.25659950618245375,0.5207270191977091,0,0,38.25,52.26561574701705,0.020334393168744892,5.434697785641208,0.1671944332182749,0,39.64,-77.8,0,16
Talbot,archery,2020,2,264,3,0.10732263130330466,0.10943664088757299,0,1,69.79338842975207,82.91039034849396,-0.4110926105953797,2.033743084705299,0.22484275401762807,0,38.73,-76.24,0,16
Garrett,firearms,2023,2,318,3,0.0499936647555046,0.024465591938834463,1,0,64.5,73.90326537605605,-2.1428073232803597,5.731069401967003,0.286273024340541,0,39.31,-79.48,0,20
Caroline,firearms,2023,2,324,3,0.2531728179735069,0.5099670414220309,0,0,64.5,73.8109570198396,1.1491664302239868,7.282043957847437,0.49813783831564434,0,38.89,-75.81,0,12
Prince George,muzzleloader,2020,1,317,2,0.9020718180623817,0.09170010246002885,1,0,69.75,82.89724635382282,4.50771409367303,1.9870577961058904,0.344440489101983,0,38.81,-76.78,0,19
Caroline,firearms,2022,8,361,9,0.14604577538887042,0.19614904559731883,0,0,33.0,42.03542970636237,0.6896425572345195,7.138449420666195,0.020403239679895182,0,38.89,-75.81,0,15
St Mary,archery,2023,10,315,11,0.9484040881464466,0.02604494265773899,1,0,48.966942148760324,60.61722628271349,-1.174142047006377,6.661009561986775,0.4891169561826905,0,38.27,-76.8,0,15
Frederick,firearms,2021,6,350,7,0.41348550706015885,0.9279295866149563,0,0,43.5,54.54646459027542,1.2195694847290568,17.51802299849187,0.2873192950382094,0,39.41,-77.41,0,21
Calvert,archery,2023,13,334,13,0.5918047400035107,0.9190988780283522,0,0,41.15702479338843,54.971815797943954,0.6163788728688588,4.473704293409989,0.7283635932074837,0,38.45,-76.47,0,13
Prince George,archery,2022,5,284,6,0.5385799757577274,0.9853817293106987,1,0,61.98347107438016,69.30234845547481,0.08238135231871535,14.189236923581142,0.3716886753059331,0,38.81,-76.78,0,19
Washington,archery,2022,14,342,13,0.5026451235318063,0.999930947140589,0,0,38.55371900826446,48.132387357832485,-2.3931900705679916,1.3022563953759518,0.6693111355452899,1,39.64,-77.8,0,12
Caroline,firearms,2021,3,325,4,0.5669057019850925,0.956466774229061,0,0,59.25,71.35339240406262,-1.380007766915117,2.3316121832043653,0.2424710930714623,0,38.89,-75.81,0,18
St Mary,archery,2020,14,342,13,0.748651623137448,0.5042360001710235,0,0,38.55371900826446,52.54045363984805,-2.386954715305658,1.3220884322523339,0.16001240143578002,1,38.27,-76.8,0,16
Carroll,firearms,2020,2,325,3,0.17297735568644157,0.2673614886601367,0,0,64.5,79.60041042474822,-1.6967579366343095,6.541382884554966,0.5464183740679328,0,39.61,-77.14,0,15
Worcester,muzzleloader,2022,6,348,7,0.7058242767498655,0.6370069726805778,0,0,43.5,57.09781229498429,1.3167865856632108,2.0658385859576445,0.8044823827193037,0,38.16,-75.36,0,21
Howard,firearms,2023,8,363,9,0.5738373138905786,0.9471496442906346,0,0,33.0,49.40123074927631,-0.4341460592553128,11.150049785914772,0.3004294311137275,0,39.2,-76.81,0,11
Prince George,archery,2020,15,355,13,0.188873121776453,0.31265077723028956,0,0,35.950413223140494,46.35834215069549,0.8441216229846603,6.681927050120189,0.4027174746683615,0,38.81,-76.78,0,24
Cecil,firearms,2023,1,315,2,0.9484040881464466,0.02604494265773899,1,0,69.75,79.3802603907107,1.1070186545516807,2.3649540249774472,0.7556357805955679,0,39.67,-75.96,0,6
Cecil,archery,2020,16,358,13,0.29046269838545413,0.625752358144517,0,0,33.34710743801653,44.04303641838142,1.605872259190294,7.804899599617503,0.1912724097777429,0,39.67,-75.96,0,14
Carroll,firearms,2023,6,346,7,0.9981630464395153,3.330360741893301e-05,0,0,43.5,51.33365977567675,2.738912971085166,0.781208468200974,0.07591631518217953,0,39.61,-77.14,0,19
Calvert,firearms,2020,3,326,4,0.20684054788944195,0.366066310844015,0,0,59.25,69.52226644210955,0.7387498850975691,5.896569770795871,0.29682463504961526,0,38.45,-76.47,0,10
St Mary,archery,2023,14,342,13,0.8627102776275137,0.1747739301634525,0,0,38.55371900826446,51.83039128115189,2.1193309621194714,4.985589118565329,0.5155301846276671,0,38.27,-76.8,0,18
Garrett,archery,2021,6,285,7,0.21237801386502042,0.38290471034418466,1,0,59.3801652892562,69.01571272406908,0.07209693982057276,3.664791938648366,0.3392643407758906,0,39.31,-79.48,0,18
Anne Arundel,firearms,2020,1,317,2,0.9020718180623817,0.09170010246002885,1,0,69.75,81.86379978539863,0.22165359962169812,1.8097274396604761,0.7102006284512374,0,38.97,-76.55,0,13
Calvert,archery,2022,13,339,13,0.4010555469228052,0.9064487403370917,0,0,41.15702479338843,57.18649471098106,1.239337834445164,6.0690509921862,0.541049305752124,0,38.45,-76.47,0,14
Anne Arundel,archery,2023,4,277,5,0.6616027844323753,0.763648443148021,0,1,64.58677685950413,76.12731633745416,2.231550022783322,1.1917308759630498,0.48678519016250793,0,38.97,-76.55,0,16
Caroline,firearms,2022,1,317,2,0.6560653184567968,0.7782673432119618,1,0,69.75,81.42458527329441,-3.2012600697911484,2.3680827281316863,0.3918765204571078,0,38.89,-75.81,0,14
Howard,archery,2021,3,264,4,0.5012509776020124,0.9999845546918479,0,1,67.19008264462809,82.4761789328137,-2.093194897020889,8.086408432644637,0.10520192532098384,0,39.2,-76.81,0,20
Garrett,archery,2023,0,243,1,0.5102542495303624,0.9989625736648781,0,1,75.0,87.3522255405946,-4.753088445554823,4.234825013827302,0.4625755157180855,0,39.31,-79.48,0,19
Kent,firearms,2021,5,340,6,0.07485358503015505,0.05428810163070513,0,0,48.75,56.022995701039456,-3.644954637698435,11.013472886813435,0.6075331018041676,0,39.15,-75.73,0,9
Worcester,muzzleloader,2020,1,316,2,0.8682086258593813,0.16185050720258848,1,0,69.75,86.02009430047832,-0.5162286642218258,9.461658309951586,0.47597779069624313,0,38.16,-75.36,0,14
Garrett,archery,2022,15,351,13,0.8074138533588666,0.323515770366991,0,0,35.950413223140494,51.19350291972979,-0.5132185653190108,4.673675984677511,0.2319738334632322,0,39.31,-79.48,0,17
Worcester,firearms,2023,7,358,8,0.40452135287557667,0.9126932054467352,0,0,38.25,52.24358516140573,-0.6940835430145426,3.976801030927537,0.42322752008298886,0,38.16,-75.36,0,16
Cecil,muzzleloader,2021,2,321,3,0.43145293317309097,0.9543381272781482,1,0,64.5,75.38603000672887,-0.25304333696875997,6.942449702336299,0.7635541595151007,0,39.67,-75.96,0,11
Montgomery,archery,2023,13,339,13,0.7611207010185126,0.4650917089979075,0,0,41.15702479338843,55.547463925019635,3.990703950581543,0.711810676362207,0.5564842593758643,0,39.15,-77.27,0,8
Calvert,muzzleloader,2023,8,361,9,0.5061109294845778,0.9996314801089379,0,0,33.0,44.96104536066383,-2.685208619891183,2.948250236264471,0.47518371338780147,1,38.45,-76.47,0,19
Baltimore,muzzleloader,2022,5,345,6,0.6042347001408643,0.8965465212194158,0,0,48.75,60.06097107823527,-1.2691848388585392,2.89185718855812,0.17210106944653136,0,39.27,-76.67,0,15
Harford,firearms,2023,4,334,5,0.5918047400035107,0.9190988780283522,0,0,54.0,65.01330183068622,0.5965700718748836,12.06299585152759,0.33725027433416993,0,39.54,-76.22,0,11
Queen Anne,firearms,2020,7,357,8,0.25659950618245375,0.5207270191977091,0,0,38.25,46.54021299356124,3.0457760764987385,2.3102502402399177,0.5698795772481511,0,39.08,-75.94,0,18
Caroline,archery,2021,3,268,4,0.636703746414014,0.826622111182401,0,1,67.19008264462809,79.28333037558201,1.1756350963188422,3.915766929211748,0.551226095093181,0,38.89,-75.81,0,15
Wicomico,firearms,2022,1,314,2,0.5544757418477957,0.9709957344495006,1,0,69.75,76.05706422462573,-1.5327297001461233,1.5717008774186965,0.5931607016768786,0,38.33,-75.32,0,17
Washington,muzzleloader,2023,6,350,7,0.13361581525151678,0.16609472221326332,0,0,43.5,56.15853132216153,-4.821907806885992,3.6612282821592252,0.24519510755592946,1,39.64,-77.8,0,26
St Mary,firearms,2021,1,317,2,0.29600016436108945,0.6425101261729971,1,0,69.75,81.6469973603903,-1.5405958160945206,6.992008324594602,0.3734356011657098,0,38.27,-76.8,0,13
Frederick,firearms,2021,3,326,4,0.6007688941880929,0.903083956154713,0,0,59.25,68.62556768007767,-0.1122638994756164,6.342305936896592,0.2478636284040376,0,39.41,-77.41,0,16
Dorchester,archery,2023,8,299,9,0.4065930128984405,0.9163325264173683,1,0,54.17355371900827,66.05230099600182,0.25463915781504004,7.675425694744908,0.5780716869434999,0,38.47,-75.87,0,23
Montgomery,archery,2020,0,247,1,0.5316483638522698,0.9901469493643673,0,1,75.0,86.47416405065233,0.4761699413244522,3.070077036057306,0.45819697065839116,0,39.15,-77.27,0,17
Worcester,firearms,2021,3,328,4,0.6684952785940936,0.745008505815151,0,0,59.25,71.90610042965397,-0.4191210454287064,2.3230381899647203,0.7801668339215733,0,38.16,-75.36,0,21
Queen Anne,archery,2020,6,290,7,0.9877656285813714,0.0014765535375565464,1,0,59.3801652892562,76.19273271587332,2.9789485514103915,2.715457701502809,0.2965140140946858,0,39.08,-75.94,0,14
Caroline,archery,2022,7,295,8,0.9110750899907316,0.07603593039923284,1,0,56.77685950413223,67.41076469854019,-1.3445203978448423,10.43551452245022,0.36231085821089604,0,38.89,-75.81,0,12
Somerset,archery,2020,15,352,13,0.08728354516745185,0.07332500643782397,0,0,35.950413223140494,43.699331625432855,-0.014977655669393823,0.8843878194460988,0.12556551771287505,0,38.18,-75.71,0,14
Wicomico,archery,2020,0,250,1,0.6332379404612709,0.834787952833359,0,1,75.0,85.74229088525466,-0.33836428967199145,3.454749588044503,0.30842942847573224,0,38.33,-75.32,0,18
Howard,archery,2023,7,295,8,0.271140244086439,0.5662189139730807,1,0,56.77685950413223,74.12867763558523,0.2294101248006874,2.09711705129468,0.05481893799167498,0,39.2,-76.81,0,21
Garrett,archery,2022,0,244,1,0.18405228763765535,0.29869713643822315,0,1,75.0,85.37227525772283,1.7900480517499808,5.144268930257515,0.7638303645006453,0,39.31,-79.48,0,8
Talbot,archery,2023,8,301,9,0.4743193973044413,0.993505171326164,1,0,54.17355371900827,66.98400898164078,-0.6287307416122754,4.72702189658519,0.518775714924889,0,38.73,-76.24,0,21
Worcester,archery,2022,0,245,1,0.21791547984065573,0.399884844969787,0,1,75.0,84.79686242020871,0.707651115940577,9.836920555613412,0.8034634147756013,0,38.16,-75.36,0,13
Harford,archery,2023,0,243,1,0.5102542495303624,0.9989625736648781,0,1,75.0,83.02361696598346,-2.9234879516511962,1.9935481992262771,0.388512786669583,0,39.54,-76.22,0,8
Cecil,firearms,2023,6,346,7,0.9981630464395153,3.330360741893301e-05,0,0,43.5,54.19675777401285,-0.10426682148187601,2.441015337548214,0.750952362583089,0,39.67,-75.96,0,16
Carroll,firearms,2022,7,359,8,0.07831939098286966,0.05932757737450228,0,0,38.25,53.079950352567295,-0.12516588588428693,3.3066875353338707,0.6502355282931405,0,39.61,-77.14,0,16
Queen Anne,archery,2021,12,329,13,0.702358470797094,0.6474450759106615,0,0,43.760330578512395,54.37412905451782,2.229798006411291,4.513142442940606,0.4404255682993348,0,39.08,-75.94,0,11
Calvert,archery,2023,6,290,7,0.1018242830714371,0.09888668980689452,1,0,59.3801652892562,68.60536813432464,3.1744114896426505,1.4070963638132037,0.4406662901542362,0,38.45,-76.47,0,12
Wicomico,archery,2023,16,361,13,0.5061109294845778,0.9996314801089379,0,0,33.34710743801653,49.781162083371264,0.6881347385692895,0.9674087346748164,0.22791303657670414,0,38.33,-75.32,0,12
St Mary,firearms,2020,3,326,4,0.20684054788944195,0.366066310844015,0,0,59.25,74.8448306605559,-1.133191893327222,5.160827642178941,0.15268215422063822,0,38.27,-76.8,0,12
Kent,archery,2021,16,357,13,0.6505278524811615,0.7925494213862753,0,0,33.34710743801653,47.52571427255509,-1.5911149142355647,2.6306367677507594,0.09249250494813702,0,39.15,-75.73,0,8
Montgomery,archery,2020,5,281,6,0.6829968987543111,0.7043334295472304,0,1,61.98347107438016,78.8146957366164,-0.9814927464250967,0.6313120394953129,0.6460523060934682,0,39.15,-77.27,0,16
Cecil,muzzleloader,2021,1,313,2,0.16054739554908792,0.23354016980069242,1,0,69.75,87.86986868483703,-2.0775055590174922,1.2587895989917945,0.2610562304826922,0,39.67,-75.96,0,13
Queen Anne,archery,2021,6,288,7,0.31396759047402156,0.6955931336294042,1,0,59.3801652892562,75.57276355493482,2.106992716865751,2.8182541351544805,0.17705294442706881,0,39.08,-75.94,0,20
Talbot,firearms,2023,3,325,4,0.28703601017650726,0.6153047963479644,0,0,59.25,66.48997441924911,0.8534233926338429,1.2090493388751604,0.1510358303613464,0,38.73,-76.24,0,13
Garrett,firearms,2020,6,353,7,0.12114673737045223,0.13799126277458668,0,0,43.5,52.647583436183695,0.7256796309219068,2.2788617432363236,0.8935853391464511,0,39.31,-79.48,0,15
Harford,muzzleloader,2021,8,361,9,0.785980621293163,0.3879239495553675,0,0,33.0,40.95512741657092,1.8310618480819563,2.4793662862093497,0.3865397537360336,0,39.54,-76.22,0,8
Howard,firearms,2021,6,351,7,0.44734869926315923,0.9728884995454274,0,0,43.5,52.56276387812238,-0.23729254137517827,4.345781361027505,0.6026096529246224,0,39.2,-76.81,0,14
Queen Anne,firearms,2023,4,332,5,0.5240783555975099,0.9942888327259319,0,0,54.0,65.0772097167967,1.0776404111396938,7.785887394724748,0.4431990890114667,0,39.08,-75.94,0,18
Washington,muzzleloader,2023,7,354,8,0.26906858406357514,0.5597625041653564,0,0,38.25,51.25997082503067,-2.480459637614812,1.1307617263506702,0.26747493414691287,1,39.64,-77.8,0,12
Garrett,archery,2020,4,277,5,0.5475441299423096,0.9778557237772172,0,1,64.58677685950413,78.93700421508217,-0.8386004764317536,5.307926507349489,0.2706642202659998,0,39.31,-79.48,0,23
Wicomico,archery,2023,16,361,13,0.5061109294845778,0.9996314801089379,0,0,33.34710743801653,44.413831304788964,0.9198224742738569,2.610397733228735,0.7699670346577366,0,38.33,-75.32,0,18
Washington,archery,2021,12,330,13,0.7362216630000944,0.5432318735019569,0,0,43.760330578512395,56.97866906391359,-1.6344467186804272,1.6154603411602764,0.25766423520678733,0,39.64,-77.8,0,7
Garrett,archery,2022,8,305,9,0.24970701202079226,0.4990795516368163,1,0,54.17355371900827,62.12413437751991,2.0945913026766076,0.8621046180485847,0.0057180180683791245,0,39.31,-79.48,0,16
Baltimore,archery,2022,15,351,13,0.8074138533588666,0.323515770366991,0,0,35.950413223140494,51.21771759106666,-1.0880152157371816,8.489228264697964,0.5225653140751768,0,39.27,-76.67,0,24
Kent,firearms,2020,2,324,3,0.1391141634834412,0.1791486626760278,1,0,64.5,77.94747731092541,-2.3690700822358846,5.5652977273729265,0.6635236141551568,0,39.15,-75.73,0,8
Montgomery,firearms,2020,2,321,3,0.03752458687444005,0.013833077376307068,1,0,64.5,81.91076541851966,-3.2324485168710226,0.713948999438125,0.312726655582152,0,39.15,-77.27,0,13
Garrett,firearms,2020,8,361,9,0.3920522749945121,0.8893342134913929,0,0,33.0,43.97559175118242,0.882048732396703,10.129141599231177,0.32575052870960053,0,39.31,-79.48,0,17
Prince George,firearms,2023,3,330,4,0.45635197119150916,0.9813144759249244,0,0,59.25,74.0215129501614,-1.3901462775199032,4.008162004174701,0.4154245949581404,0,38.81,-76.78,0,17
Calvert,archery,2023,16,361,13,0.5061109294845778,0.9996314801089379,0,0,33.34710743801653,46.151438380297755,1.8075996539562396,2.107704741153612,0.5284401692200077,0,38.45,-76.47,0,16
Wicomico,archery,2021,16,356,13,0.6166646602781611,0.8715766304102717,0,0,33.34710743801653,44.98999906345839,-1.3633754592927527,2.89466900380182,0.7922180732691498,0,38.33,-75.32,0,15
Howard,archery,2021,2,258,3,0.29807182438401014,0.6487362341169671,0,1,69.79338842975207,84.35019887517765,3.6755428852490852,2.386365211794273,0.15780070493714968,0,39.2,-76.81,0,10
Queen Anne,firearms,2023,5,341,6,0.8288470854245134,0.26230342743588053,0,0,48.75,64.87349350709285,1.8571296870946277,3.27313557238803,0.5308817204759252,0,39.08,-75.94,0,19
Frederick,firearms,2022,1,314,2,0.5544757418477957,0.9709957344495006,1,0,69.75,81.77152081087047,-0.7417872626858361,1.0516576893247116,0.10880837103856573,0,39.41,-77.41,0,13
St Mary,firearms,2022,1,313,2,0.5206125496447953,0.9958124882628938,1,0,69.75,86.69690245308755,0.2510373246341984,1.1858478324092534,0.3706436513068787,0,38.27,-76.8,0,16
Calvert,muzzleloader,2023,0,308,1,0.711361742725444,0.6201968043161783,1,0,75.0,86.91276234561215,-0.716691737200511,5.5228574233793735,0.5730942832322223,0,38.45,-76.47,0,15
Somerset,firearms,2022,8,360,9,0.11218258318587004,0.11915014786179073,0,0,33.0,48.28733129060577,0.8351482926729996,2.185191531451184,0.6718293850070465,0,38.18,-75.71,0,13
Garrett,firearms,2023,7,353,8,0.23520539186051792,0.4535882762293305,0,0,38.25,49.305612445239426,1.2812126801028212,1.9416966556772752,0.5169402263143862,0,39.31,-79.48,0,22
Baltimore,archery,2022,12,328,13,0.02856043268980102,0.008029038701735935,0,0,43.760330578512395,56.06757006797831,0.5356670974943852,5.776486355046201,0.3429447417863597,0,39.27,-76.67,0,11
Wicomico,archery,2020,11,327,12,0.24070374009244233,0.47081154202790065,0,0,46.36363636363636,63.345546218387796,0.34010941646437143,10.782631990008413,0.2705948703325919,0,38.33,-75.32,0,11
Calvert,firearms,2023,5,339,6,0.7611207010185126,0.4650917089979075,0,0,48.75,56.058405126171046,2.7067182394537204,11.475663917661011,0.3784296671538988,0,38.45,-76.47,0,18
Carroll,archery,2021,14,346,13,0.27803273824815733,0.5876127903135057,0,0,38.55371900826446,51.12901218327271,-1.4108180070731267,3.8540530265561177,0.21885371998706696,0,39.61,-77.14,0,9
Wicomico,muzzleloader,2022,4,334,5,0.2317395859078033,0.4427589951458601,0,0,54.0,68.00111489119575,-3.541109033029699,4.29662255966369,0.8482324035428157,0,38.33,-75.32,0,14
Talbot,firearms,2022,4,334,5,0.2317395859078033,0.4427589951458601,0,0,54.0,69.03019517002323,-2.0635616867848783,4.536639337952503,0.5710812059883089,0,38.73,-76.24,0,14
Howard,firearms,2022,5,345,6,0.6042347001408643,0.8965465212194158,0,0,48.75,59.08042313803803,-1.6054244902124541,2.978109268929409,0.5443256815401422,0,39.2,-76.81,0,13
Kent,firearms,2021,0,306,1,0.9235050501280853,0.056648536702654295,1,0,75.0,91.29117220403026,-1.1058688139648565,8.496157314367643,0.6004930461700694,0,39.15,-75.73,0,16
Harford,archery,2023,5,282,6,0.830918745447434,0.256597885454221,0,1,61.98347107438016,72.5687593971235,0.8982478523517232,2.0207998806827967,0.40518996176008615,0,39.54,-76.22,0,21
Somerset,archery,2022,0,244,1,0.18405228763765535,0.29869713643822315,0,1,75.0,82.54682985348578,0.1503584552236574,1.2773709798891226,0.4053650528178076,0,38.18,-75.71,0,12
Dorchester,archery,2022,0,248,1,0.3195050564496569,0.7114816930673292,0,1,75.0,86.23232663874205,2.6322988105605667,4.611574435902171,0.2345154301112243,0,38.47,-75.87,0,23
Carroll,archery,2020,17,363,13,0.4597786594005129,0.984118182785114,0,0,30.743801652892557,41.02879523173711,-1.0425201679233913,3.4290391090046355,0.5489539046523395,0,39.61,-77.14,0,12
Wicomico,archery,2020,12,333,13,0.4438828933104446,0.9692400071255501,0,0,43.760330578512395,56.96236622413891,-2.9758783516824323,0.7629894681238124,0.7183632232472528,1,38.33,-75.32,0,3
Carroll,muzzleloader,2022,5,339,6,0.4010555469228052,0.9064487403370917,0,0,48.75,64.67026251982675,-2.400253380453555,5.2426218928998995,0.1495181289027883,0,39.61,-77.14,0,20
Talbot,firearms,2023,1,311,2,0.8129513193344451,0.3073491216681198,1,0,69.75,86.14201594958263,-1.1707498453554774,0.9539718268427122,0.21742389388962158,0,38.73,-76.24,0,9
Wicomico,firearms,2023,6,349,7,0.0997526230485164,0.09503518983766174,0,0,43.5,50.87095182042231,0.36807352979331287,5.445788880965109,0.32760979962418035,0,38.33,-75.32,0,13
Garrett,firearms,2023,6,347,7,0.032026238642515636,0.010088942784490407,0,0,43.5,58.44053004533974,-0.5035777108133771,1.2056977507245925,0.3591414955874364,0,39.31,-79.48,0,26
Frederick,firearms,2021,1,316,2,0.26213697215808907,0.5380924769328443,1,0,69.75,80.7391223254756,-2.2621202190105945,2.419221970143693,0.4913169576798964,0,39.41,-77.41,0,20
Dorchester,firearms,2021,0,309,1,0.0250946267370864,0.006202421614721398,1,0,75.0,85.5267503857081,-1.4263088038083258,4.6948144034130905,0.03566973947244237,0,38.47,-75.87,0,6
Garrett,archery,2020,2,263,3,0.07345943910030428,0.05232041287760547,0,1,69.79338842975207,77.64397992524702,-0.735460070376014,2.591528558969713,0.16728247619800318,0,39.31,-79.48,0,22
Prince George,archery,2020,14,346,13,0.8841043919494496,0.1268110842921742,0,0,38.55371900826446,54.392555091038275,2.6099878077691114,3.335384580212135,0.1509236852090184,0,38.81,-76.78,0,15
Howard,firearms,2023,7,359,8,0.43838454507857705,0.9629960578983737,0,0,38.25,51.31344466358496,0.6209730761897296,1.4175938344000274,0.40029957442345326,0,39.2,-76.81,0,10
Calvert,archery,2020,5,285,6,0.8184496675663695,0.2915273566432386,1,0,61.98347107438016,76.20881796568491,1.0600395861269243,4.668015187983316,0.7494790114177905,0,38.45,-76.47,0,11
Howard,firearms,2021,8,361,9,0.785980621293163,0.3879239495553675,0,0,33.0,47.04909341269203,1.452785067758445,7.923525228230095,0.4951300751028968,0,39.2,-76.81,0,14
Cecil,archery,2023,0,246,1,0.6118438261393635,0.8815385399951714,0,1,75.0,85.58314883350714,2.6185219881186486,1.2537382628912253,0.26643499221199934,0,39.67,-75.96,0,25
Prince George,archery,2021,7,295,8,0.5510099358950811,0.9745382394126643,1,0,56.77685950413223,67.76105081182403,2.804139985673191,0.8939882472689563,0.621198161050276,0,38.81,-76.78,0,12
Howard,archery,2023,5,278,6,0.6954659766353757,0.6679908725524561,0,1,61.98347107438016,70.54251848844365,1.3386602137326635,3.328301429866553,0.3961747734778292,0,39.2,-76.81,0,14
Anne Arundel,archery,2021,17,363,13,0.8537070056991638,0.19676620916064852,0,0,30.743801652892557,42.99757967337999,-1.4502906737157062,5.195688091922295,0.5563378583307447,0,38.97,-76.55,0,15
Caroline,firearms,2023,3,327,4,0.354762394582508,0.8058633668694597,0,0,59.25,67.32965447968492,1.0345855181583257,4.885419881029533,0.36149806941843304,0,38.89,-75.81,0,18
Worcester,archery,2023,12,331,13,0.49021516339450955,0.9990553517987972,0,0,43.760330578512395,60.162327656279274,2.1087967284425084,2.9435738482021234,0.3119974457405553,0,38.16,-75.36,0,13
Washington,firearms,2020,5,344,6,0.8163780075434488,0.29746046063086407,0,0,48.75,57.581051515936394,4.436553835678599,1.4514846364957326,0.5659440559393445,0,39.64,-77.8,0,17
Caroline,archery,2020,1,257,2,0.870280285882302,0.15708508913511438,0,1,72.39669421487604,83.9271593200036,-1.4014896763166431,6.024045977306191,0.2239967066860186,0,38.89,-75.81,0,13
Washington,archery,2023,6,289,7,0.06796109086843671,0.044896376377128566,1,0,59.3801652892562,76.65463601512636,-1.3898793060555694,1.921642342292053,0.10218096876736195,0,39.64,-77.8,0,14
Washington,firearms,2020,7,359,8,0.32432589058851136,0.7251062660968253,0,0,38.25,50.183434396681356,-0.7910959657900644,3.5969681814942454,0.6980982280477872,0,39.64,-77.8,0,16
Dorchester,archery,2023,0,246,1,0.6118438261393635,0.8815385399951714,0,1,75.0,82.17400043347952,-1.5646626467296159,4.331301150255972,0.4825235423392241,0,38.47,-75.87,0,16
Garrett,muzzleloader,2022,3,329,4,0.0624236248928014,0.03796846607438614,0,0,59.25,69.28408148196701,1.6262828403945049,3.8885152543639796,0.29765467243990545,0,39.31,-79.48,0,17
Anne Arundel,firearms,2022,3,327,4,0.9946972404868006,0.0002775002843988239,0,0,59.25,69.18794398795775,0.5774954356255325,10.922166346283671,0.6024026752252208,0,38.97,-76.55,0,24
Washington,archery,2021,13,335,13,0.9055376240151531,0.08551271770022578,0,0,41.15702479338843,59.225043459757785,-0.33761096121754,3.255732358871761,0.5791294151048418,0,39.64,-77.8,0,9
Worcester,archery,2020,4,272,5,0.3782281689273077,0.860651362442951,0,1,64.58677685950413,73.85800947370379,0.0770561961935597,1.8778734554669305,0.4154459416029043,0,38.16,-75.36,0,23
Washington,archery,2023,11,321,12,0.15158324136450574,0.21014581815780486,1,0,46.36363636363636,54.849938197565,-2.401211349717861,5.973372475590927,0.47762368190931265,0,39.64,-77.8,0,16
Anne Arundel,archery,2020,0,250,1,0.6332379404612709,0.834787952833359,0,1,75.0,86.19566656304424,-1.6998481545346942,8.316807843610222,0.22386689999660567,0,38.97,-76.55,0,12
Baltimore,archery,2020,2,259,3,0.9380066702883028,0.03745343859320743,0,1,69.79338842975207,80.6869241234441,0.14806555345391798,7.820682465622716,0.7204143933557072,0,39.27,-76.67,0,11
Prince George,firearms,2020,1,315,2,0.8343454336563809,0.2472514531085636,1,0,69.75,77.92942170794356,3.1424717642320186,3.846220645416266,0.17958906030794958,0,38.81,-76.78,0,13
Anne Arundel,muzzleloader,2021,4,337,5,0.9732640084211539,0.007038348903326719,0,0,54.0,66.76891746863481,-0.1622319158351425,4.746078331714499,0.7206819637775368,0,38.97,-76.55,0,12
Washington,archery,2021,2,260,3,0.3657982087900109,0.832532779938774,0,1,69.79338842975207,81.47080899387495,-0.2867336738565955,1.7249625597869367,0.49320666258002027,0,39.64,-77.8,0,16
Caroline,firearms,2021,6,348,7,0.3457591226541581,0.7830109511302795,0,0,43.5,50.77591311415087,-0.5290089197457762,1.3031860932085624,0.33591945332549034,0,38.89,-75.81,0,23
Howard,firearms,2021,3,326,4,0.6007688941880929,0.903083956154713,0,0,59.25,71.73751795270218,0.8583994646815705,4.140359555397961,0.3670626204775982,0,39.2,-76.81,0,17
Garrett,archery,2021,12,328,13,0.6684952785940936,0.745008505815151,0,0,43.760330578512395,54.405739236520475,3.5110594705120803,0.892446546907703,0.5226172203484587,0,39.31,-79.48,0,18
Somerset,firearms,2022,8,362,9,0.1799089675918708,0.28685162051221047,0,0,33.0,43.80885598863328,1.6445422410944417,2.2916624344689827,0.3169208222295719,0,38.18,-75.71,0,12
Talbot,firearms,2021,2,318,3,0.3298633565640898,0.7405005691280675,1,0,64.5,81.25165132278491,-2.0619017940938984,3.4444596907565668,0.17318884027726725,0,38.73,-76.24,0,21
Garrett,firearms,2020,4,334,5,0.477746085513445,0.9951201678979791,0,0,54.0,71.46623240628452,2.3618102158335907,8.783851981140751,0.3925017368741886,0,39.31,-79.48,0,16
Washington,firearms,2022,1,315,2,0.5883389340507961,0.924937074352017,1,0,69.75,77.74743877613018,0.3202527250121424,8.113971577805,0.5388971710981015,0,39.64,-77.8,0,19
Somerset,firearms,2020,1,318,2,0.9359350102653821,0.0399640219352565,1,0,69.75,79.30038982153418,-0.10288124287029417,4.311359981801915,0.39610323493154065,0,38.18,-75.71,0,18
Carroll,muzzleloader,2022,8,361,9,0.14604577538887042,0.19614904559731883,0,0,33.0,44.17335202952335,2.959792702567686,7.448972943718901,0.0038953961731685686,0,39.61,-77.14,0,14
Howard,archery,2023,13,339,13,0.7611207010185126,0.4650917089979075,0,0,41.15702479338843,53.24395091239748,2.062252754389663,9.285155326488608,0.11278724685084815,0,39.2,-76.81,0,21
Frederick,archery,2021,1,251,2,0.061029478962950634,0.03631206398311604,0,1,72.39669421487604,84.11952326556275,-0.9634737139630282,4.1891441547814185,0.23032460484800513,0,39.41,-77.41,0,10
Harford,firearms,2023,4,335,5,0.6256679322065111,0.8520665091466472,0,0,54.0,69.17263047710941,-0.9608047760139277,0.5523063477668708,0.060212597576694206,0,39.54,-76.22,0,5
Kent,archery,2023,10,314,11,0.9145408959434462,0.07036497562556926,1,0,48.966942148760324,59.48351283573248,3.258669195807093,1.9634045966197964,0.7667047275940629,0,39.15,-75.73,0,12
Montgomery,muzzleloader,2020,3,332,4,0.41001970110744423,0.9221971233663473,0,0,59.25,69.45739991998992,-2.5620417643835918,3.837972707103938,0.578477041481767,0,39.15,-77.27,0,16
Garrett,firearms,2023,2,324,3,0.2531728179735069,0.5099670414220309,0,0,64.5,76.08419503116545,1.098324942334339,5.603574076688931,0.42234617114390377,0,39.31,-79.48,0,20
St Mary,firearms,2021,4,334,5,0.8716744318121528,0.1539108061907865,0,0,54.0,64.80829475006159,-0.5849483542101175,1.3883495713965301,0.7057494973083841,0,38.27,-76.8,0,16
Prince George,firearms,2022,4,332,5,0.16401320150180254,0.24281579883258614,0,0,54.0,66.43314309913492,-0.42846282679088954,2.3061335562088887,0.18440988615410092,0,38.81,-76.78,0,16
Somerset,firearms,2020,7,359,8,0.32432589058851136,0.7251062660968253,0,0,38.25,53.15313434405556,-0.20025792922054947,4.413468958948667,0.5989570889937892,0,38.18,-75.71,0,7
St Mary,archery,2020,0,249,1,0.5993747482582705,0.9056599511995276,0,1,75.0,84.78948956476842,3.1057942295485175,2.2615268720413244,0.6018301020143341,0,38.27,-76.8,0,14
Cecil,archery,2023,16,359,13,0.43838454507857705,0.9629960578983737,0,0,33.34710743801653,44.2369740251837,-2.6389252279341333,2.7689013845236947,0.20479053286361787,1,39.67,-75.96,0,20
Queen Anne,firearms,2023,4,332,5,0.5240783555975099,0.9942888327259319,0,0,54.0,63.39125086586436,2.322442981463752,2.255185025834658,0.4928216908290708,0,39.08,-75.94,0,19
Queen Anne,firearms,2023,2,322,3,0.18544643356750612,0.30271399645773556,1,0,64.5,73.08037219467212,-0.18338894148190413,6.06632429652575,0.34451103643738995,0,39.08,-75.94,0,14
Garrett,archery,2021,4,272,5,0.7721565152260155,0.43061787115087624,0,1,64.58677685950413,79.35934687201909,2.0214124461056797,3.334378663554932,0.44331026446743155,0,39.31,-79.48,0,22
Dorchester,muzzleloader,2023,7,353,8,0.23520539186051792,0.4535882762293305,0,0,38.25,46.758017373621804,1.3866417814507561,1.1252860987797741,0.6887821277178644,0,38.47,-75.87,0,19
Talbot,firearms,2023,4,338,5,0.7272575088155122,0.5712047423658192,0,0,54.0,62.22201810490212,-0.42556140446579077,4.133356230689367,0.4311943500273318,0,38.73,-76.24,0,15
Queen Anne,archery,2021,11,320,12,0.3975897409700906,0.9000115418895788,1,0,46.36363636363636,56.5091586287875,0.28216234159465203,10.084077119589006,0.43331844393636965,0,39.08,-75.94,0,17
Prince George,archery,2021,15,349,13,0.37962231485715847,0.8636710505452458,0,0,35.950413223140494,47.093862316789384,3.6771962846024064,1.1847360487416165,0.5669682759052155,0,38.81,-76.78,0,22
Cecil,firearms,2023,3,329,4,0.4224887789885088,0.9418663185557674,0,0,59.25,75.94581145325759,1.4674144230810817,4.131758165124408,0.5229714601746664,0,39.67,-75.96,0,14
Montgomery,archery,2023,14,342,13,0.8627102776275137,0.1747739301634525,0,0,38.55371900826446,49.193184247886784,1.26782231148291,1.8506512640367323,0.2536826280662859,0,39.15,-77.27,0,11
Worcester,muzzleloader,2021,1,315,2,0.22827377995508868,0.43195685709136095,1,0,69.75,85.76580190482362,-1.0316065574024655,1.7471920158751946,0.3373679458634118,0,38.16,-75.36,0,14
St Mary,archery,2022,3,269,4,0.030632092712721715,0.009232344777890977,0,1,67.19008264462809,80.62090814265912,-1.8026299623710669,3.7231059123099173,0.0713878000589881,0,38.27,-76.8,0,18
Dorchester,archery,2020,12,333,13,0.4438828933104446,0.9692400071255501,0,0,43.760330578512395,55.962576910601136,2.043264063424567,1.0996734109128017,0.2805422637095016,0,38.47,-75.87,0,13
Baltimore,archery,2022,10,318,11,0.6899285106597972,0.6842710766266564,1,0,48.966942148760324,58.17688963179278,1.5827343592433747,5.698202338041451,0.12860976524650322,0,39.27,-76.67,0,19
Talbot,archery,2021,2,263,3,0.46738778539901205,0.9895397944941712,0,1,69.79338842975207,80.38520339446009,2.981093955784692,4.0368940839274154,0.027576444688979608,0,38.73,-76.24,0,17
Garrett,muzzleloader,2021,8,362,9,0.8198438134961634,0.28755443210406795,0,0,33.0,42.79097706286477,1.6165406331759589,5.374231060803996,0.2264892859486047,0,39.31,-79.48,0,13
Howard,firearms,2021,5,340,6,0.07485358503015505,0.05428810163070513,0,0,48.75,58.60853775362161,0.7948619559479687,8.680016445022746,0.7834439956490574,0,39.2,-76.81,0,10
Queen Anne,archery,2022,12,329,13,0.0624236248928014,0.03796846607438614,0,0,43.760330578512395,55.564395988749254,1.1430945769521192,6.1994648639057655,0.6248917486987016,0,39.08,-75.94,0,10
Caroline,firearms,2022,2,319,3,0.7237917028627976,0.5819641850095828,1,0,64.5,88.33906029231323,2.051092169232221,12.983719774143257,0.12805538588587365,0,38.89,-75.81,0,25
Kent,firearms,2021,2,318,3,0.3298633565640898,0.7405005691280675,1,0,64.5,75.83854861793152,1.0281039478062286,2.024885547656589,0.3640147606424646,0,39.15,-75.73,0,18
Washington,archery,2021,6,291,7,0.4155571670830227,0.9312593965104639,1,0,59.3801652892562,71.21848040818585,-0.21000831022552235,3.497244778286469,0.27259662450209504,0,39.64,-77.8,0,23
Calvert,archery,2021,6,290,7,0.3816939748800223,0.8681066081993075,1,0,59.3801652892562,71.61372727860505,0.9963082522432106,5.924114769701893,0.3180780178305682,0,38.45,-76.47,0,18
Somerset,archery,2022,13,335,13,0.2656027781108037,0.5489390937279066,0,0,41.15702479338843,51.00023991976468,0.35018259403570146,2.674954669900778,0.3639409737679865,0,38.18,-75.71,0,16
Carroll,archery,2023,11,320,12,0.11772004916150536,0.13065006263456885,1,0,46.36363636363636,56.55347632526756,2.381073600099238,3.5220288481920488,0.5696191494479484,0,39.61,-77.14,0,15
Harford,archery,2020,11,327,12,0.24070374009244233,0.47081154202790065,0,0,46.36363636363636,59.091866800931136,-4.500705877115967,1.005784603859434,0.5885579852679156,0,39.54,-76.22,0,15
Talbot,muzzleloader,2020,7,354,8,0.1550099295734526,0.21898411213060887,0,0,38.25,56.747577886589845,-1.314096896337639,6.912246894922968,0.3867040074101596,0,38.73,-76.24,0,16
Frederick,firearms,2021,1,311,2,0.09282101114308716,0.0826508509557079,1,0,69.75,84.39181495464442,0.08954578405437795,8.570414893535212,0.3002405718962314,0,39.41,-77.41,0,13
Calvert,archery,2023,14,342,13,0.8627102776275137,0.1747739301634525,0,0,38.55371900826446,50.55214975862541,2.4491183952964084,10.90988076106666,0.639368079638761,0,38.45,-76.47,0,17
Kent,archery,2022,3,269,4,0.030632092712721715,0.009232344777890977,0,1,67.19008264462809,80.99627997451272,-1.8323100034525786,3.0979279830645283,0.09117489396757988,0,39.15,-75.73,0,8
Garrett,muzzleloader,2022,1,315,2,0.5883389340507961,0.924937074352017,1,0,69.75,81.57893188878798,-1.747082647504133,0.5817091577703886,0.5690119665544172,0,39.31,-79.48,0,16
Calvert,firearms,2020,1,314,2,0.8004822414533805,0.344051357760488,1,0,69.75,79.15433383138824,-4.425575095682707,6.205287608799916,0.6083502160648349,0,38.45,-76.47,0,15
Prince George,muzzleloader,2022,8,363,9,0.21377215979487119,0.3871671867357758,0,0,33.0,49.12306365368356,-1.4207166852297404,4.018657959816791,0.11381141351258042,0,38.81,-76.78,0,19
St Mary,archery,2023,7,298,8,0.37272982069544014,0.8484745246922256,1,0,56.77685950413223,69.99193192340582,0.45932561090951046,0.9673000621896422,0.650918888964271,0,38.27,-76.8,0,20
Prince George,archery,2021,13,336,13,0.9394008162181535,0.03580800446252169,0,0,41.15702479338843,55.86676619255696,-0.34865057776006547,6.076529764510662,0.6871707604557641,0,38.81,-76.78,0,16
Somerset,archery,2021,9,310,10,0.05895781894008678,0.03391645296232043,1,0,51.570247933884296,58.931721897631114,0.07381996233782276,7.2931742786258225,0.48349159613970777,0,38.18,-75.71,0,16
Somerset,archery,2023,13,338,13,0.7272575088155122,0.5712047423658192,0,0,41.15702479338843,52.476029300883035,2.973535308411176,4.525016496032992,0.4608099418465373,0,38.18,-75.71,0,9
Queen Anne,archery,2022,14,344,13,0.570371507937864,0.9519153558029791,0,0,38.55371900826446,54.18377131534381,-1.006487998501129,3.9279375768056988,0.30153641680841636,0,39.08,-75.94,0,12
Garrett,archery,2021,16,357,13,0.6505278524811615,0.7925494213862753,0,0,33.34710743801653,45.79889075700554,0.41906945383471467,9.091977251918424,0.022045558647685995,0,39.31,-79.48,0,8
St Mary,archery,2023,12,329,13,0.4224887789885088,0.9418663185557674,0,0,43.760330578512395,61.63773396665694,0.380115967070076,2.2038196493335716,0.4739826385578031,0,38.27,-76.8,0,15
Queen Anne,firearms,2021,5,344,6,0.21030635384215657,0.37658748839005973,0,0,48.75,60.901191709770956,3.694216466290502,1.3891895578912152,0.2894055650787191,0,39.08,-75.94,0,19
Queen Anne,firearms,2020,4,338,5,0.6131988543254465,0.8787734486805315,0,0,54.0,69.21982098114226,1.0817090492135943,5.765768136770161,0.30406017531896,0,39.08,-75.94,0,13
Harford,firearms,2020,7,357,8,0.25659950618245375,0.5207270191977091,0,0,38.25,51.06060522571521,-5.904413979206958,4.69069327490672,0.5923159650163161,1,39.54,-76.22,0,12
St Mary,firearms,2022,0,305,1,0.24970701202079226,0.4990795516368163,1,0,75.0,89.09298665538063,2.8518765018591052,6.4087254497037565,0.41678505327225834,0,38.27,-76.8,0,16
Somerset,archery,2021,7,294,8,0.5171467436920807,0.9971010351960228,1,0,56.77685950413223,68.75960150472626,4.679864421840272,4.231513060481443,0.1735394292377636,0,38.18,-75.71,0,24
Caroline,firearms,2023,7,357,8,0.3706581606725763,0.8437778906032096,0,0,38.25,51.03917950130442,-1.0936618018176756,3.926972098145638,0.19366441763640452,0,38.89,-75.81,0,10
Washington,muzzleloader,2020,7,355,8,0.188873121776453,0.31265077723028956,0,0,38.25,51.84165380923373,-1.1662230440306252,4.495855435045904,0.6441283626498704,0,39.64,-77.8,0,17
Baltimore,firearms,2021,1,311,2,0.09282101114308716,0.0826508509557079,1,0,69.75,82.00271833157036,-2.049129850071794,1.6493195325114005,0.3997155913091031,0,39.27,-76.67,0,10
Carroll,firearms,2023,2,323,3,0.2193096257705065,0.40417977295631147,1,0,64.5,80.2389164218324,0.9576341341589522,1.0961707967894128,0.3419380518200211,0,39.61,-77.14,0,17
Washington,firearms,2022,2,318,3,0.6899285106597972,0.6842710766266564,1,0,64.5,75.37940290661831,2.8815681190211357,0.37127374445858474,0.33670080614561476,0,39.64,-77.8,0,19
Wicomico,muzzleloader,2020,7,359,8,0.32432589058851136,0.7251062660968253,0,0,38.25,51.657653153379115,-1.8752110712139831,8.125315802590247,0.5309790015435502,0,38.33,-75.32,0,17
Washington,muzzleloader,2021,3,326,4,0.6007688941880929,0.903083956154713,0,0,59.25,72.13884185895617,-1.3938842428801415,0.5907666759125106,0.263549578084272,0,39.64,-77.8,0,22
St Mary,archery,2020,14,344,13,0.8163780075434488,0.29746046063086407,0,0,38.55371900826446,56.71361755199657,-2.1990304658130304,1.0342720941028818,0.18722464484294105,1,38.27,-76.8,0,15
Somerset,muzzleloader,2022,1,316,2,0.6222021262537965,0.8597137534098416,1,0,69.75,83.21339509166572,-1.6852895642127284,1.897330919385258,0.49152232143791225,0,38.18,-75.71,0,20
Somerset,firearms,2020,8,361,9,0.3920522749945121,0.8893342134913929,0,0,33.0,45.37589570369776,-0.8614858714267218,5.817563512685693,0.6849527040755492,0,38.18,-75.71,0,22
Talbot,archery,2023,16,360,13,0.47224773728157743,0.9924177894556254,0,0,33.34710743801653,43.64982291423574,-0.002072962122003873,5.4745181717565075,0.26027813464192495,0,38.73,-76.24,0,13
Kent,firearms,2022,7,359,8,0.07831939098286966,0.05932757737450228,0,0,38.25,47.11229327110186,1.3274110980311153,0.4211034629208549,0.46928902112824056,0,39.15,-75.73,0,14
Washington,firearms,2021,5,341,6,0.10871677723315543,0.11218624105563396,0,0,48.75,59.58086551012345,0.003352714176288117,4.16789337805432,0.5022528843250171,0,39.64,-77.8,0,18
Montgomery,firearms,2022,8,361,9,0.14604577538887042,0.19614904559731883,0,0,33.0,45.057386319937685,0.13569912838725803,10.07584324165382,0.5832856335802068,0,39.15,-77.27,0,17
Garrett,archery,2023,14,345,13,0.9642998542365149,0.012526161015673276,0,0,38.55371900826446,45.95302120506204,1.838198849954434,4.813064741176669,0.34136868272108756,0,39.31,-79.48,0,17
Queen Anne,archery,2022,0,245,1,0.21791547984065573,0.399884844969787,0,1,75.0,80.10735939363568,-2.6777809287784335,6.923806311545343,0.6150392872174186,0,39.08,-75.94,0,13
Queen Anne,muzzleloader,2023,0,306,1,0.6436353583194432,0.8098297320779287,1,0,75.0,83.69637503350431,-1.4600344965440621,3.5990566308069583,0.06769085998394085,0,39.08,-75.94,0,18
Calvert,archery,2020,16,357,13,0.25659950618245375,0.5207270191977091,0,0,33.34710743801653,47.02181191864854,0.010908149775356634,5.8368733376851765,0.35345727207055583,0,38.45,-76.47,0,15
Montgomery,firearms,2023,2,318,3,0.0499936647555046,0.024465591938834463,1,0,64.5,73.07363205492597,1.0031206111577526,8.304480896288483,0.3625262392576923,0,39.15,-77.27,0,23
Carroll,muzzleloader,2021,6,348,7,0.3457591226541581,0.7830109511302795,0,0,43.5,59.60144212495039,-2.747898359783179,1.203567337227043,0.5802932494365165,1,39.61,-77.14,0,15
Harford,archery,2020,12,328,13,0.2745669322954427,0.5768731725833118,0,0,43.760330578512395,57.07255660439056,0.7923315367216417,8.795556669279524,0.6456023496045904,0,39.54,-76.22,0,11
Worcester,archery,2021,7,298,8,0.6525995125040822,0.787246793532764,1,0,56.77685950413223,66.14881437535144,-0.9854239883047633,5.401576567384343,0.5164879673016036,0,38.16,-75.36,0,16
Queen Anne,firearms,2023,4,335,5,0.6256679322065111,0.8520665091466472,0,0,54.0,65.96239283810966,-1.5711460706365346,7.072027102313633,0.15919116893049393,0,39.08,-75.94,0,12
Kent,firearms,2020,4,339,5,0.6470620465284469,0.80130923792404,0,0,54.0,66.40240130061615,0.0688859805307954,6.694109714015554,0.18208725322017424,0,39.15,-75.73,0,25
Howard,firearms,2020,7,360,8,0.35818908279151174,0.8143078820882296,0,0,38.25,50.44426700949607,-4.061572989944464,4.880991607274403,0.5268685069304334,1,39.2,-76.81,0,15
Harford,firearms,2021,8,361,9,0.785980621293163,0.3879239495553675,0,0,33.0,44.94266666357045,1.0119539064396512,3.398799719388381,0.04182886532881985,0,39.54,-76.22,0,12
Montgomery,firearms,2023,0,310,1,0.7790881271314447,0.4091248558943312,1,0,75.0,84.31084502876595,-3.6699491903246853,2.993429775047813,0.1298166596115853,0,39.15,-77.27,0,23
Kent,firearms,2022,2,319,3,0.7237917028627976,0.5819641850095828,1,0,64.5,76.94325169654377,0.23961154734229842,3.3297954790009228,0.017644930198938015,0,39.15,-75.73,0,22
St Mary,firearms,2023,4,333,5,0.5579415478005103,0.9672298887029581,0,0,54.0,67.90268618097141,0.0738049071914656,4.413480479306384,0.4347815076049514,0,38.27,-76.8,0,13
Howard,archery,2020,2,262,3,0.0395962468973039,0.015394532973590558,0,1,69.79338842975207,81.6120161952764,2.5348741549438216,7.109605334329802,0.4526432939786239,0,39.2,-76.81,0,14
Dorchester,archery,2022,7,295,8,0.9110750899907316,0.07603593039923284,1,0,56.77685950413223,70.93058818472012,-1.5952631752713686,1.255688756869576,0.06247217938849978,0,38.47,-75.87,0,18
Montgomery,firearms,2020,7,359,8,0.32432589058851136,0.7251062660968253,0,0,38.25,52.918072804554896,-0.8122876995076015,2.6542201076965712,0.23454214183855498,0,39.15,-77.27,0,20
Howard,archery,2020,4,273,5,0.4120913611303081,0.9256479061204922,0,1,64.58677685950413,75.06860454237365,0.9461536737937523,5.906025909536053,0.27244758249307705,0,39.2,-76.81,0,14
Howard,firearms,2021,4,332,5,0.803948047406152,0.33374414575260336,0,0,54.0,63.07375642179091,-1.2115562981937962,1.0312494943498514,0.4085146494998025,0,39.2,-76.81,0,14
Kent,archery,2022,4,274,5,0.19994805372772362,0.34533630430196643,0,1,64.58677685950413,77.74759762269544,-1.5503505359405911,5.8995521500245065,0.642575982572103,0,39.15,-75.73,0,11
Montgomery,archery,2021,12,327,13,0.6346320863910933,0.8315220528042181,0,0,43.760330578512395,58.008901818450575,5.118954754679576,8.30253441993358,0.1816381800783405,0,39.15,-77.27,0,24
Baltimore,firearms,2021,0,310,1,0.05895781894008678,0.03391645296232043,1,0,75.0,88.88409148361882,-1.8192125264580132,0.9996044626270925,0.3508156843611834,0,39.27,-76.67,0,14
Talbot,firearms,2023,0,307,1,0.6774985505224436,0.7199736742383083,1,0,75.0,88.7090131687429,-1.1332040398964975,2.421761146792971,0.20766005788874523,0,38.73,-76.24,0,17
Howard,archery,2021,0,248,1,0.9594399023539495,0.01614901183408407,0,1,75.0,90.94171504020481,-0.2947627802859876,1.642471141425231,0.3635903781995137,0,39.2,-76.81,0,15
Baltimore,archery,2023,2,262,3,0.1536549013873696,0.21547335240791976,0,1,69.79338842975207,83.48506040760464,-3.813182635301529,9.922216982443722,0.12190232843715242,0,39.27,-76.67,0,23
Howard,muzzleloader,2021,1,312,2,0.12668420334608754,0.15020769438398984,1,0,69.75,79.86202001761268,1.4291779387725254,3.335297030410812,0.895053972841418,0,39.2,-76.81,0,17
Wicomico,archery,2021,0,249,1,0.9933030945569499,0.0004425720671433764,0,1,75.0,86.18667174162748,0.29089054126996916,1.9155625255287587,0.752024694082373,0,38.33,-75.32,0,18
Caroline,archery,2022,16,358,13,0.04445619877986928,0.019379331894285756,0,0,33.34710743801653,49.037068548341075,-2.3697664549270554,7.076350201884226,0.6402360454875495,1,38.89,-75.81,0,13
Washington,firearms,2022,5,342,6,0.5026451235318063,0.999930947140589,0,0,48.75,61.32348482142373,-1.4021746874094068,5.434575955724658,0.47921601982393197,0,39.64,-77.8,0,6
Baltimore,firearms,2023,5,339,6,0.7611207010185126,0.4650917089979075,0,0,48.75,62.43959587003583,2.0453766022460367,0.8274326585653412,0.43355414837260986,0,39.27,-76.67,0,13
Queen Anne,archery,2021,16,355,13,0.5828014680751608,0.9338457344595841,0,0,33.34710743801653,42.76642706309129,-1.0258371773176256,0.9343829471017405,0.4567094604230504,0,39.08,-75.94,0,11
Montgomery,archery,2020,3,271,4,0.3443649767243073,0.7793894433449787,0,1,67.19008264462809,80.3260231340719,-2.9849387033021464,5.193505753014985,0.800039252434577,0,39.15,-77.27,0,20
Worcester,archery,2021,1,255,2,0.19648224777495216,0.33501964471662926,0,1,72.39669421487604,81.25863209845556,-3.176357433394009,6.969606463770978,0.5099762227675807,0,38.16,-75.36,0,12
Kent,archery,2023,7,294,8,0.23727705188343862,0.4600722378265128,1,0,56.77685950413223,68.72438686566383,2.0243648019861293,3.238923099757609,0.6604044032226288,0,39.15,-75.73,0,19
Montgomery,muzzleloader,2021,4,336,5,0.9394008162181535,0.03580800446252169,0,0,54.0,66.89629431197993,0.9052584439168875,1.2227259790910971,0.34006045621931785,0,39.15,-77.27,0,15
Somerset,firearms,2020,3,332,4,0.41001970110744423,0.9221971233663473,0,0,59.25,66.98953738205051,1.5003665949240572,3.476526123113503,0.31176101475928486,0,38.18,-75.71,0,19
Carroll,firearms,2021,2,318,3,0.3298633565640898,0.7405005691280675,1,0,64.5,80.08552072122656,-0.6838440585247654,1.9441581031263693,0.5551466330018846,0,39.61,-77.14,0,20
Somerset,muzzleloader,2021,5,344,6,0.21030635384215657,0.37658748839005973,0,0,48.75,56.268439146238435,0.6655026530869261,3.3386624137361127,0.3253814769932397,0,38.18,-75.71,0,19
Anne Arundel,firearms,2021,0,309,1,0.0250946267370864,0.006202421614721398,1,0,75.0,90.48976573999354,-1.7088534495289194,8.542522296298884,0.6683349593319613,0,38.97,-76.55,0,13
Cecil,archery,2020,16,361,13,0.3920522749945121,0.8893342134913929,0,0,33.34710743801653,45.40840260967511,-3.260979469040814,1.804355290328403,0.5163806038264827,1,39.67,-75.96,0,14
Frederick,firearms,2023,6,352,7,0.20134219965751754,0.34950721690353714,0,0,43.5,58.975600694870124,1.0623420307162648,1.5602110299163763,0.45126193495545186,0,39.41,-77.41,0,14
Prince George,archery,2022,8,300,9,0.08039105100573352,0.062439827417096694,1,0,54.17355371900827,69.94013763764536,-4.759365176569967,1.788723648167993,0.014108625171906876,0,38.81,-76.78,0,17
Somerset,firearms,2020,1,312,2,0.7327558570473798,0.5540681405464372,1,0,69.75,88.38289405109018,-1.9356103461794154,1.5808377964151177,0.21606868867786425,0,38.18,-75.71,0,12
Carroll,muzzleloader,2021,2,320,3,0.3975897409700906,0.9000115418895788,1,0,64.5,74.19499913648934,-1.0134279647754418,1.125847877030404,0.07051013350567259,0,39.61,-77.14,0,12
Prince George,archery,2020,5,283,6,0.7507232831603119,0.4977277467584715,0,1,61.98347107438016,73.46270294696475,-1.3092804357435635,3.844613226233727,0.5464555836540791,0,38.81,-76.78,0,17
Montgomery,archery,2021,1,250,2,0.027166286759950253,0.007266170879158873,0,1,72.39669421487604,86.6098290135129,1.6700786381739325,3.3257457927734904,0.6650554127593492,0,39.15,-77.27,0,17
Somerset,muzzleloader,2023,0,304,1,0.5759089739134424,0.9441995763914877,1,0,75.0,80.54559838468559,-0.27782880390433784,3.9857530905816625,0.5296611871342372,0,38.18,-75.71,0,19
Dorchester,archery,2022,16,359,13,0.07831939098286966,0.05932757737450228,0,0,33.34710743801653,48.98820296962705,1.4952038975037074,4.878225674956352,0.597774812771773,0,38.47,-75.87,0,13
Dorchester,firearms,2023,1,317,2,0.016130472552504216,0.0025657960927092938,1,0,69.75,82.08979828805023,3.4051158980679257,1.9939207230673215,0.7045938446397529,0,38.47,-75.87,0,11
Cecil,muzzleloader,2020,7,360,8,0.35818908279151174,0.8143078820882296,0,0,38.25,53.82700330514966,-2.904694887906609,8.101751804445996,0.5266802986874968,1,39.67,-75.96,0,18
Prince George,firearms,2023,4,337,5,0.6933943166125118,0.6741064420555488,0,0,54.0,68.55080916924051,-3.835946926482046,15.152122420774242,0.38355928081617724,0,38.81,-76.78,0,13
Kent,muzzleloader,2021,3,326,4,0.6007688941880929,0.903083956154713,0,0,59.25,68.51608880275441,-2.1965705871729373,1.5146915576798767,0.1825271544041047,0,39.15,-75.73,0,12
Talbot,archery,2023,6,291,7,0.13568747527443747,0.17096721238554358,1,0,59.3801652892562,73.70756389402074,-3.43341875749149,2.0709204623074386,0.23359613191543363,0,38.73,-76.24,0,18
Montgomery,firearms,2022,8,363,9,0.21377215979487119,0.3871671867357758,0,0,33.0,39.8518627215402,-2.196282209050365,2.4871132944065506,0.05343347977977337,1,39.15,-77.27,0,13
Wicomico,firearms,2021,6,347,7,0.3118959304511577,0.6895870586242627,0,0,43.5,57.57482058463513,0.9354016715208738,2.226895667275863,0.2500012226474231,0,38.33,-75.32,0,14
Montgomery,firearms,2020,5,344,6,0.8163780075434488,0.29746046063086407,0,0,48.75,61.87223623950014,1.9567639734595255,6.954799717439028,0.1106599889180355,0,39.15,-77.27,0,14
Calvert,firearms,2021,2,324,3,0.5330425097820921,0.9892629420839378,0,0,64.5,78.95839869213484,1.0238981812197065,4.838476727895894,0.3542815696182773,0,38.45,-76.47,0,15
Montgomery,archery,2023,0,246,1,0.6118438261393635,0.8815385399951714,0,1,75.0,83.47922263678198,-1.2465212631755191,4.582716104513746,0.5220976747100682,0,39.15,-77.27,0,20
Caroline,archery,2021,1,251,2,0.061029478962950634,0.03631206398311604,0,1,72.39669421487604,77.40621957082145,-2.0115617611266727,3.101034207947171,0.7085538938483448,0,38.89,-75.81,0,14
Harford,firearms,2021,2,324,3,0.5330425097820921,0.9892629420839378,0,0,64.5,78.63789927583579,-1.6734780925328292,2.063098192658243,0.3155439149733254,0,39.54,-76.22,0,15
St Mary,muzzleloader,2020,6,351,7,0.05342035296445147,0.02790179109718821,0,0,43.5,54.496396659696806,-0.9918403410310966,0.3986592015843915,0.12804552580028228,0,38.27,-76.8,0,15
Calvert,archery,2021,2,258,3,0.29807182438401014,0.6487362341169671,0,1,69.79338842975207,80.46327061708944,0.17972200580836464,3.6984310774692917,0.2888549975148224,0,38.45,-76.47,0,11
Dorchester,firearms,2022,8,362,9,0.1799089675918708,0.28685162051221047,0,0,33.0,45.65860068117467,-0.7673119122281646,2.6822412077394677,0.6475579950363809,0,38.47,-75.87,0,16
St Mary,archery,2021,9,309,10,0.0250946267370864,0.006202421614721398,1,0,51.570247933884296,64.09996506612507,2.6947744231887842,4.807732638721685,0.09755826544148802,0,38.27,-76.8,0,14
Anne Arundel,firearms,2023,2,318,3,0.0499936647555046,0.024465591938834463,1,0,64.5,73.2574130013534,-0.5988243881946811,0.12935575613980435,0.46348144812422465,0,38.97,-76.55,0,16
Kent,archery,2022,13,339,13,0.4010555469228052,0.9064487403370917,0,0,41.15702479338843,53.81102867069592,2.8077998018440695,1.421910524543153,0.40659853679883223,0,39.15,-75.73,0,10
Carroll,muzzleloader,2023,7,353,8,0.23520539186051792,0.4535882762293305,0,0,38.25,52.12857587252893,1.716298206825016,0.6634229518248992,0.35135053874078653,0,39.61,-77.14,0,10
Prince George,archery,2020,17,364,13,0.49364185160351326,0.9996010639301045,0,0,30.743801652892557,40.017508306518266,2.299612600707766,5.605261726875912,0.3267831098705698,0,38.81,-76.78,0,18
Caroline,firearms,2022,0,310,1,0.41902297303579417,0.9366663886335291,1,0,75.0,85.60339705257931,0.06825099280940294,3.0112223490342713,0.2723268222282073,0,38.89,-75.81,0,15
Washington,archery,2023,3,269,4,0.39069724680837226,0.8866491751251037,0,1,67.19008264462809,77.45424268821168,2.997057318773757,0.9440444304659507,0.2731405624841561,0,39.64,-77.8,0,20
Kent,archery,2023,14,344,13,0.9304366620335145,0.04700408717567256,0,0,38.55371900826446,53.18744135148849,2.270680096102762,6.06674730155957,0.35115511475917494,0,39.15,-75.73,0,12
Harford,muzzleloader,2023,1,315,2,0.9484040881464466,0.02604494265773899,1,0,69.75,73.2684788791941,-1.3156251342762522,1.8656362230121335,0.6255857725085764,0,39.54,-76.22,0,7
Washington,muzzleloader,2023,0,306,1,0.6436353583194432,0.8098297320779287,1,0,75.0,86.98078206396431,1.8890398122827399,9.314331276407565,0.17676494585339847,0,39.64,-77.8,0,13
Montgomery,muzzleloader,2023,2,321,3,0.15158324136450574,0.21014581815780486,1,0,64.5,76.70161299897171,3.1775018506919634,4.6841429384018936,0.5216625154965964,0,39.15,-77.27,0,11
St Mary,archery,2020,5,285,6,0.8184496675663695,0.2915273566432386,1,0,61.98347107438016,71.39399234478249,0.11281286428638619,1.7690118704042235,0.4262173191811597,0,38.27,-76.8,0,22
Kent,firearms,2021,8,361,9,0.785980621293163,0.3879239495553675,0,0,33.0,50.80183047079297,0.929735613148784,1.864449601226391,0.16844261008375994,0,39.15,-75.73,0,17
Cecil,archery,2020,14,343,13,0.7825148153404484,0.3985607760450127,0,0,38.55371900826446,53.39720249875708,-0.7160977572766595,7.417545064815552,0.3174600791207405,0,39.67,-75.96,0,13
St Mary,archery,2020,14,342,13,0.748651623137448,0.5042360001710235,0,0,38.55371900826446,52.971440743172586,2.8643954255727433,4.488721607697882,0.4257872276334395,0,38.27,-76.8,0,17
Cecil,archery,2020,9,309,10,0.6311662804383786,0.8395934619907948,1,0,51.570247933884296,63.924317369567596,-0.27075996234561134,0.34748720621381674,0.1399643039416959,0,39.67,-75.96,0,14
Kent,archery,2021,1,256,2,0.23034543997800938,0.43841020430197053,0,1,72.39669421487604,82.67823781272182,-0.31422956300518884,4.250606798663494,0.5535091438679061,0,39.15,-75.73,0,11
St Mary,firearms,2020,8,363,9,0.4597786594005129,0.984118182785114,0,0,33.0,45.2096287757924,-0.7466153735724638,5.307510907293297,0.5527241852537226,0,38.27,-76.8,0,21
Worcester,firearms,2023,6,346,7,0.9981630464395153,3.330360741893301e-05,0,0,43.5,54.5880293487876,-1.167759171260339,8.21511304361636,0.6545069374996441,0,38.16,-75.36,0,14
Caroline,archery,2020,1,253,2,0.734827517070272,0.5475935951829316,0,1,72.39669421487604,86.07203295331227,1.1270805646700373,5.348590420891653,0.1982412635410323,0,38.89,-75.81,0,18
Prince George,firearms,2021,6,352,7,0.4812118914661596,0.9965201424913652,0,0,43.5,56.99681382557349,-1.90481159085002,4.490149318938866,0.28072870885812184,0,38.81,-76.78,0,14
Frederick,firearms,2020,1,312,2,0.7327558570473798,0.5540681405464372,1,0,69.75,82.63065630661116,0.06755429298317227,1.7817828219312275,0.550447508972363,0,39.41,-77.41,0,17
Washington,archery,2020,13,338,13,0.6131988543254465,0.8787734486805315,0,0,41.15702479338843,48.801874777883285,2.8890596137224858,3.9320648942488052,0.2039338863208135,0,39.64,-77.8,0,22
Howard,firearms,2023,1,314,2,0.9145408959434462,0.07036497562556926,1,0,69.75,79.75651395192823,-2.3168484907471796,2.678540583873137,0.07516471060502043,0,39.2,-76.81,0,16
Garrett,archery,2020,13,338,13,0.6131988543254465,0.8787734486805315,0,0,41.15702479338843,56.7547377471999,3.2921875199766015,3.1947573782059804,0.1469537926732743,0,39.31,-79.48,0,22
Somerset,firearms,2021,2,321,3,0.43145293317309097,0.9543381272781482,1,0,64.5,79.65417147932833,-0.15554169102146806,4.458983617336591,0.2210826487026754,0,38.18,-75.71,0,21
Washington,archery,2022,10,317,11,0.6560653184567968,0.7782673432119618,1,0,48.966942148760324,57.49592203388168,0.8480049876422552,5.061825682824883,0.49729890288444106,0,39.64,-77.8,0,19
Garrett,archery,2020,12,329,13,0.3084301244984431,0.6794678232738545,0,0,43.760330578512395,57.12209799041908,-3.413569037469676,3.9001560457848745,0.319596347347683,1,39.31,-79.48,0,16
Queen Anne,archery,2022,7,296,8,0.944938282193732,0.029625329535761302,1,0,56.77685950413223,69.5892138856942,-1.7591267252183729,4.259138915824817,0.37483513916720995,0,39.08,-75.94,0,14
Kent,firearms,2022,2,322,3,0.8253812794717987,0.27193813282863133,1,0,64.5,76.35653911672337,0.22524996045073353,3.432833233163308,0.5938431439400987,0,39.15,-75.73,0,12
Worcester,archery,2021,4,276,5,0.907609284038017,0.08190792407941605,0,1,64.58677685950413,77.76990634520254,0.26089265390233934,0.5605232830836013,0.3281455493765893,0,38.16,-75.36,0,11
Garrett,firearms,2020,5,342,6,0.748651623137448,0.5042360001710235,0,0,48.75,60.81687176459573,0.1655425515367913,2.8677857751558142,0.7260637787841117,0,39.31,-79.48,0,6
Dorchester,archery,2020,1,253,2,0.734827517070272,0.5475935951829316,0,1,72.39669421487604,82.52424795271467,0.6191862707481265,1.788685176325811,0.4627597725458879,0,38.47,-75.87,0,15
Talbot,firearms,2021,3,326,4,0.6007688941880929,0.903083956154713,0,0,59.25,69.44277653630698,1.7951121684503424,8.848736744181938,0.5066649452290126,0,38.73,-76.24,0,21
Calvert,archery,2022,7,295,8,0.9110750899907316,0.07603593039923284,1,0,56.77685950413223,69.13132372715366,-1.727620047950462,2.2930953325888477,0.2870333961814509,0,38.45,-76.47,0,9
Frederick,firearms,2021,7,355,8,0.5828014680751608,0.9338457344595841,0,0,38.25,56.9551759493514,-1.0008272477003857,2.5006153719473683,0.7966854166889364,0,39.41,-77.41,0,18
Harford,firearms,2022,1,312,2,0.4867493574417949,0.9982681002657949,1,0,69.75,80.02791505535816,-1.2679955563307315,5.141598926654009,0.774552386150314,0,39.54,-76.22,0,16
Carroll,muzzleloader,2023,2,321,3,0.15158324136450574,0.21014581815780486,1,0,64.5,81.82294950563565,1.689701197753576,8.924426021775545,0.5334818051627396,0,39.61,-77.14,0,12
Caroline,archery,2022,7,293,8,0.8433487055847309,0.22326400211032132,1,0,56.77685950413223,74.80240432024442,1.2573900894358596,2.7362530323963448,0.5037365271975917,0,38.89,-75.81,0,13
Worcester,firearms,2023,7,354,8,0.26906858406357514,0.5597625041653564,0,0,38.25,50.50140328582404,-3.1373064599776144,1.320602986086231,0.2362569614008874,1,38.16,-75.36,0,22
Calvert,archery,2022,5,281,6,0.4369903991487263,0.96132473912524,0,1,61.98347107438016,77.92177065581687,-0.2985830617156233,2.2558095834437064,0.0658396751755903,0,38.45,-76.47,0,21
Washington,archery,2021,6,287,7,0.2801043982710212,0.5940128045831059,1,0,59.3801652892562,69.906199772266,-2.3944111828748835,3.0909016489899335,0.4087838943970676,0,39.64,-77.8,0,16
St Mary,archery,2023,15,351,13,0.16747900745451716,0.25221338166737045,0,0,35.950413223140494,46.21515716567478,-2.2282289067494685,2.0713000083101916,0.4084201726850374,1,38.27,-76.8,0,14
Montgomery,muzzleloader,2021,7,353,8,0.51507508366916,0.9977587284231195,0,0,38.25,49.250771021715344,-3.8328781627784125,1.9468965510608482,0.35974843450297717,1,39.15,-77.27,0,11
Baltimore,archery,2020,13,341,13,0.7147884309344477,0.6097201807013685,0,0,41.15702479338843,55.46802305742982,-0.575074016751491,0.8223817821364308,0.274083937496841,0,39.27,-76.67,0,13
Carroll,archery,2023,4,274,5,0.5600132078233742,0.9648729665300655,0,1,64.58677685950413,71.72805018546156,-0.452529120817692,0.19489381380042192,0.4135070591346413,0,39.61,-77.14,0,22
Calvert,archery,2022,0,246,1,0.2517786720436561,0.5055877467084711,0,1,75.0,88.55841020932277,-0.7282814992434534,5.078165768295302,0.10981217154038858,0,38.45,-76.47,0,10
Washington,muzzleloader,2021,7,356,8,0.6166646602781611,0.8715766304102717,0,0,38.25,50.97940400718341,-0.8448133040285314,12.547106977048484,0.4308612626560997,0,39.64,-77.8,0,12
Somerset,muzzleloader,2020,5,346,6,0.8841043919494496,0.1268110842921742,0,0,48.75,60.610426215501874,-2.146325483655713,1.644484278708516,0.8165659142367332,0,38.18,-75.71,0,15
Talbot,archery,2021,0,249,1,0.9933030945569499,0.0004425720671433764,0,1,75.0,87.30781647948291,-3.933940173866011,2.175737444011393,0.43640721733589816,0,38.73,-76.24,0,17
Dorchester,archery,2023,9,312,10,0.8468145115374455,0.214261941506748,1,0,51.570247933884296,65.4222169687418,1.178288452934164,2.6843674780307545,0.18760025100065997,0,38.47,-75.87,0,7
Washington,archery,2021,5,278,6,0.9753356684440178,0.005991962787474603,0,1,61.98347107438016,70.01150023480021,1.074201459451931,2.0815318458904115,0.7779149300694341,0,39.64,-77.8,0,9
Caroline,archery,2022,11,323,12,0.8592444716747991,0.1831204505031771,1,0,46.36363636363636,58.98748768943309,-0.02533265070187847,9.265423850779149,0.6138807092949847,0,38.89,-75.81,0,14
Worcester,firearms,2020,4,337,5,0.5793356621224461,0.9391549779788191,0,0,54.0,68.0503428452625,-3.7540506535326656,4.462543374309961,0.448571047066907,0,38.16,-75.36,0,20
Dorchester,firearms,2021,2,320,3,0.3975897409700906,0.9000115418895788,1,0,64.5,70.76620773783927,-0.7871272941877842,3.698335986549246,0.07450542582540358,0,38.47,-75.87,0,21
Howard,archery,2023,4,271,5,0.458423631214373,0.9830362569780434,0,1,64.58677685950413,76.31250288177456,1.188090553498628,4.381187218352246,0.27079974565254356,0,39.2,-76.81,0,12
Frederick,firearms,2022,1,317,2,0.6560653184567968,0.7782673432119618,1,0,69.75,81.76247054750937,1.9660291155361884,1.3738613961680106,0.5693347868687955,0,39.41,-77.41,0,12
Anne Arundel,archery,2022,11,325,12,0.9269708560807999,0.051720027324518913,0,0,46.36363636363636,56.4945516516369,-1.1098266926246678,8.042398028368787,0.6743337654222501,0,38.97,-76.55,0,14
Carroll,firearms,2020,4,338,5,0.6131988543254465,0.8787734486805315,0,0,54.0,63.035982307596086,-0.2194973012011988,3.148035003485632,0.8009573929963731,0,39.61,-77.14,0,15
Cecil,firearms,2022,4,338,5,0.3671923547198048,0.8357907779219689,0,0,54.0,67.85507915723893,-0.38533850234970646,3.6436791006887566,0.1848740393664732,0,39.67,-75.96,0,23
Kent,firearms,2021,2,324,3,0.5330425097820921,0.9892629420839378,0,0,64.5,77.83297942586123,-2.41909329312339,1.6363305499688465,0.3746032936712909,0,39.15,-75.73,0,10
Prince George,firearms,2023,3,330,4,0.45635197119150916,0.9813144759249244,0,0,59.25,77.49833324062507,1.049329849535855,11.459380219420932,0.1846086335061957,0,38.81,-76.78,0,13
Montgomery,firearms,2020,3,328,4,0.2745669322954427,0.5768731725833118,0,0,59.25,71.33442927153895,-2.202388496227508,10.538540219628649,0.767205117437945,0,39.15,-77.27,0,16
Anne Arundel,firearms,2023,8,361,9,0.5061109294845778,0.9996314801089379,0,0,33.0,44.63861345258757,0.9508903516479109,3.9276903255939075,0.7089079690739729,0,38.97,-76.55,0,17
Dorchester,archery,2023,9,310,10,0.7790881271314447,0.4091248558943312,1,0,51.570247933884296,63.765519231799985,2.834099520624134,4.69645464834281,0.21081715566664372,0,38.47,-75.87,0,24
Wicomico,firearms,2022,6,352,7,0.841277045561867,0.22870785607957128,0,0,43.5,52.83819708382133,1.4482990081980285,1.8595202913932356,0.07581781301094552,0,38.33,-75.32,0,10
Queen Anne,archery,2021,10,314,11,0.1944105877520883,0.3288899828015325,1,0,48.966942148760324,56.16233545809813,-1.212644962472718,2.0663195879824108,0.23916224613124829,0,39.08,-75.94,0,22
Garrett,firearms,2022,1,312,2,0.4867493574417949,0.9982681002657949,1,0,69.75,82.88377068319954,-0.26813453867968856,4.773127876066735,0.05123054319025189,0,39.31,-79.48,0,16
Baltimore,archery,2020,1,251,2,0.6671011326642713,0.7488170187465925,0,1,72.39669421487604,78.61080355143771,-0.14110808623291388,5.897147069989281,0.25098564951582486,0,39.27,-76.67,0,21
Montgomery,firearms,2023,2,324,3,0.2531728179735069,0.5099670414220309,0,0,64.5,76.7379374564274,5.14705678332819,7.170335820945303,0.6014071052603301,0,39.15,-77.27,0,10
Worcester,firearms,2020,5,344,6,0.8163780075434488,0.29746046063086407,0,0,48.75,60.12703638124298,0.4913698571744869,2.7567631821514955,0.13800815761303584,0,38.16,-75.36,0,18
Kent,archery,2022,9,310,10,0.41902297303579417,0.9366663886335291,1,0,51.570247933884296,63.94391169125527,-0.37599306529405,5.120398895027094,0.24827600858328996,0,39.15,-75.73,0,19
Montgomery,firearms,2020,4,337,5,0.5793356621224461,0.9391549779788191,0,0,54.0,70.50768243998937,0.4910191719761973,4.6389266543540435,0.5138797139159609,0,39.15,-77.27,0,16
Howard,firearms,2023,6,347,7,0.032026238642515636,0.010088942784490407,0,0,43.5,61.94741740670337,3.41883489604107,1.9184220581897165,0.458559811056805,0,39.2,-76.81,0,11
Garrett,archery,2021,7,295,8,0.5510099358950811,0.9745382394126643,1,0,56.77685950413223,72.79384518627583,-2.6041992069196955,2.6555578299285054,0.5616405158444879,0,39.31,-79.48,0,17
Anne Arundel,firearms,2023,4,336,5,0.6595311244095114,0.7691559417037579,0,0,54.0,67.77841564165625,0.22215270477858554,3.2066579459843023,0.13555011182055926,0,38.97,-76.55,0,17
St Mary,firearms,2022,8,363,9,0.21377215979487119,0.3871671867357758,0,0,33.0,42.58851301380149,1.1513235374920723,4.191522780366273,0.5611464980356419,0,38.27,-76.8,0,17
Baltimore,firearms,2023,0,307,1,0.6774985505224436,0.7199736742383083,1,0,75.0,88.16552946331963,0.9148103715825356,2.9362185287156954,0.8145743330324668,0,39.27,-76.67,0,10
Garrett,archery,2022,1,254,2,0.5226842096676592,0.9949299561134839,0,1,72.39669421487604,86.65583516414038,0.5003484602122175,0.8346969003202674,0.4204930216078061,0,39.31,-79.48,0,17
Garrett,firearms,2020,6,347,7,0.91796758415245,0.06495830975515599,0,0,43.5,56.13744410451145,0.7435652015395579,4.753756906788206,0.25193424358497396,0,39.31,-79.48,0,15
Howard,firearms,2023,5,339,6,0.7611207010185126,0.4650917089979075,0,0,48.75,57.48117545901766,0.38879485754369675,2.911214666809065,0.22446950709044386,0,39.2,-76.81,0,12
Cecil,archery,2020,6,290,7,0.9877656285813714,0.0014765535375565464,1,0,59.3801652892562,71.33933780811964,3.931010797262968,6.440876937196582,0.3320910287491807,0,39.67,-75.96,0,23
Carroll,firearms,2020,4,335,5,0.5116092777164454,0.9986704105064046,0,0,54.0,63.400398836500145,0.13568974727352398,3.0854200898839315,0.38459205512530215,0,39.61,-77.14,0,14
Anne Arundel,firearms,2020,3,331,4,0.37615650890444385,0.8561131505441137,0,0,59.25,68.41638023333196,3.962263953646564,6.2898102408052505,0.22645550712419796,0,38.97,-76.55,0,16
Worcester,archery,2023,3,265,4,0.25524447799637073,0.5164730319988369,0,1,67.19008264462809,79.92000337284148,0.6708271835699532,5.631452790246414,0.5025398649176445,0,38.16,-75.36,0,11
Dorchester,archery,2020,6,286,7,0.8523128597693699,0.20026024406667686,1,0,59.3801652892562,73.94827224529931,-0.46886071186550576,3.288681148130233,0.5696078741265196,0,38.47,-75.87,0,21
Prince George,firearms,2023,6,352,7,0.20134219965751754,0.34950721690353714,0,0,43.5,53.62967783226666,0.8664065901507111,5.704835233858715,0.1860335997571332,0,38.81,-76.78,0,13
Queen Anne,firearms,2022,6,348,7,0.7058242767498655,0.6370069726805778,0,0,43.5,53.64025173844936,-1.1179641721702236,1.602890937632345,0.522055180536296,0,39.08,-75.94,0,19
Cecil,muzzleloader,2021,6,348,7,0.3457591226541581,0.7830109511302795,0,0,43.5,51.64932911422015,0.8600183495210378,2.0921562245714282,0.2721920625392569,0,39.67,-75.96,0,22
Caroline,muzzleloader,2021,8,363,9,0.8537070056991638,0.19676620916064852,0,0,33.0,48.71495786838164,3.0004448018293046,1.189040569211317,0.5546703872933042,0,38.89,-75.81,0,22
Prince George,archery,2021,16,355,13,0.5828014680751608,0.9338457344595841,0,0,33.34710743801653,44.556202572740126,2.6768648101721295,9.607537605756454,0.22872848454353437,0,38.81,-76.78,0,22
Queen Anne,archery,2023,13,339,13,0.7611207010185126,0.4650917089979075,0,0,41.15702479338843,54.39929881979352,3.504278100891841,5.318459950023055,0.250907056474319,0,39.08,-75.94,0,22
Prince George,archery,2020,0,245,1,0.463921979446269,0.9872084071108118,0,1,75.0,90.32656429301042,-0.11788997754766303,3.715618341935021,0.23768389943697535,0,38.81,-76.78,0,21
Somerset,archery,2022,12,331,13,0.13015000929880216,0.15807013868641906,0,0,43.760330578512395,56.03903567136216,1.1942759220951564,4.829412535347356,0.4311116856272176,0,38.18,-75.71,0,16
Howard,archery,2020,15,350,13,0.019557160761451087,0.0037702036353516877,0,0,35.950413223140494,45.98248241854722,-2.4276622972643964,1.3524186530191569,0.5301440395817699,1,39.2,-76.81,0,20
Baltimore,archery,2020,6,291,7,0.021628820784371783,0.004609957684350852,1,0,59.3801652892562,72.28409537449917,0.5103505156483455,4.202375201876231,0.22287740749353877,0,39.27,-76.67,0,18
Kent,firearms,2023,2,318,3,0.0499936647555046,0.024465591938834463,1,0,64.5,80.09424382669792,3.5900286396007033,1.9177159255490617,0.26332839208730235,0,39.15,-75.73,0,17
Garrett,firearms,2022,0,304,1,0.21584381981773504,0.3935169951394357,1,0,75.0,87.32451643601601,1.2772875849449494,0.30112970892928076,0.04177503042662087,0,39.31,-79.48,0,19
Frederick,archery,2021,12,327,13,0.6346320863910933,0.8315220528042181,0,0,43.760330578512395,53.697309627171734,1.746028112725313,3.702240796647162,0.20058881945544793,0,39.41,-77.41,0,21
Harford,firearms,2022,7,354,8,0.9090034299678678,0.07952187806303684,0,0,38.25,44.511403437010955,3.1102149545654063,2.865312513399104,0.2815708211332768,0,39.54,-76.22,0,8
Anne Arundel,archery,2020,7,294,8,0.12321839739337292,0.14251111758702217,1,0,56.77685950413223,66.97441761166156,1.2182110553801428,2.9693323971439205,0.2758982342475328,0,38.97,-76.55,0,11
Anne Arundel,archery,2022,5,282,6,0.47085359135172666,0.9916390477132271,0,1,61.98347107438016,72.26032110545242,-0.29853421101152633,6.373916700482448,0.35398865995473944,0,38.97,-76.55,0,15
Cecil,archery,2021,10,314,11,0.1944105877520883,0.3288899828015325,1,0,48.966942148760324,63.66776590144052,0.9330382058270351,2.7208690005957363,0.7374626603442025,0,39.67,-75.96,0,13
Worcester,archery,2020,4,273,5,0.4120913611303081,0.9256479061204922,0,1,64.58677685950413,75.66744608404245,-1.623414306236884,2.9662604509691604,0.35225375029777395,0,38.16,-75.36,0,17
Prince George,firearms,2020,4,338,5,0.6131988543254465,0.8787734486805315,0,0,54.0,67.94713562140137,0.2724503764224661,1.6104274785923387,0.733523534858782,0,38.81,-76.78,0,23
Harford,muzzleloader,2020,5,345,6,0.8502411997464492,0.2054946778662105,0,0,48.75,63.44040321119831,1.871556069214951,9.226970078395256,0.6700044761163763,0,39.54,-76.22,0,7
Harford,archery,2022,16,360,13,0.11218258318587004,0.11915014786179073,0,0,33.34710743801653,48.909480841840804,0.5014331502000748,7.221680238478179,0.6922692272190064,0,39.54,-76.22,0,16
Caroline,firearms,2022,6,347,7,0.6719610845468651,0.7354598248849504,0,0,43.5,51.95736786870049,-1.227001227600227,5.290384598947906,0.23980839535114132,0,38.89,-75.81,0,19
Dorchester,archery,2021,12,330,13,0.7362216630000944,0.5432318735019569,0,0,43.760330578512395,61.074948920024816,3.3347779693441475,1.0490761985203023,0.5786353609268329,0,38.47,-75.87,0,12
Caroline,firearms,2021,7,353,8,0.51507508366916,0.9977587284231195,0,0,38.25,56.60552290605853,-0.648643568475045,0.6088101035844057,0.2978194225947702,0,38.89,-75.81,0,5
Worcester,firearms,2023,8,360,9,0.47224773728157743,0.9924177894556254,0,0,33.0,41.8341759247451,-2.394987355179079,3.9828095909213155,0.8351445550355404,1,38.16,-75.36,0,21
Talbot,firearms,2022,5,340,6,0.4349187391258056,0.9587758657190124,0,0,48.75,62.308912665004655,-3.3487090719517947,1.6847842101005825,0.5165371970604693,0,38.73,-76.24,0,22
Somerset,firearms,2023,0,305,1,0.6097721661164428,0.8857124698820362,1,0,75.0,85.9370066950383,-0.16463023200911922,6.002312741048849,0.1570521632095803,0,38.18,-75.71,0,15
Montgomery,firearms,2021,0,308,1,0.991231434534086,0.0007586596478646457,1,0,75.0,83.39455559878668,-3.000896265885242,7.9621132860516965,0.36987561430419885,0,39.15,-77.27,0,14
Kent,archery,2023,9,309,10,0.7452249349284443,0.5149990588612463,1,0,51.570247933884296,58.714340568212336,1.3236124453571694,5.150630109260488,0.7530145608272659,0,39.15,-75.73,0,16
St Mary,archery,2023,14,346,13,0.9981630464395153,3.330360741893301e-05,0,0,38.55371900826446,54.97475408039091,0.31989184745506244,5.598694697462042,0.32352562779691485,0,38.27,-76.8,0,12
Carroll,firearms,2021,4,336,5,0.9394008162181535,0.03580800446252169,0,0,54.0,70.92723500948279,-0.8204879484795576,2.6513219732693667,0.6135201525139445,0,39.61,-77.14,0,13
Baltimore,firearms,2022,2,324,3,0.8931076638777995,0.10859403495877668,0,0,64.5,71.59541396981653,5.396532596969535,11.710574164045077,0.6245639520036843,0,39.27,-76.67,0,12
Frederick,archery,2022,10,319,11,0.7237917028627976,0.5819641850095828,1,0,48.966942148760324,61.23048893837586,4.5560253208497,1.0597219007691654,0.29602259348266075,0,39.41,-77.41,0,17
Frederick,archery,2022,9,312,10,0.4867493574417949,0.9982681002657949,1,0,51.570247933884296,69.18902499283453,-0.18905220972219283,9.6853949822914,0.6784988197525604,0,39.41,-77.41,0,14
Howard,archery,2023,14,341,13,0.8288470854245134,0.26230342743588053,0,0,38.55371900826446,55.91849317109046,-0.8858382801871665,9.88038863117222,0.5682411147065011,0,39.2,-76.81,0,15
Worcester,firearms,2020,1,317,2,0.9020718180623817,0.09170010246002885,1,0,69.75,75.99172065311548,-0.33061429668006626,2.00722614500219,0.29676737007576814,0,38.16,-75.36,0,14
Caroline,firearms,2023,6,348,7,0.06588943084551602,0.04223956924860145,0,0,43.5,58.49761730196913,0.6153768955165659,3.2995161984382366,0.7544475822808022,0,38.89,-75.81,0,11
Queen Anne,archery,2020,10,318,11,0.9359350102653821,0.0399640219352565,1,0,48.966942148760324,60.603400849589,-0.5680469634496386,4.56177812900237,0.3352247379246964,0,39.08,-75.94,0,15
Frederick,firearms,2022,1,312,2,0.4867493574417949,0.9982681002657949,1,0,69.75,84.84108957737278,-0.4387082510921901,5.852405112359497,0.4417339254027213,0,39.41,-77.41,0,19
Dorchester,archery,2021,13,338,13,0.007127200624154284,0.0005012624065353077,0,0,41.15702479338843,48.50956053629618,0.4545350911231451,2.270533133743387,0.2438893796208316,0,38.47,-75.87,0,11
Wicomico,firearms,2023,7,354,8,0.26906858406357514,0.5597625041653564,0,0,38.25,55.85576598938902,1.1286317598260118,1.3263023991102394,0.6743757716600143,0,38.33,-75.32,0,17
Anne Arundel,archery,2020,1,257,2,0.870280285882302,0.15708508913511438,0,1,72.39669421487604,86.76394248260289,-1.5775208669296128,2.6399614109155642,0.46254528308413934,0,38.97,-76.55,0,14
Baltimore,archery,2021,7,294,8,0.5171467436920807,0.9971010351960228,1,0,56.77685950413223,63.81756877980883,1.2104567269689452,5.678365975305886,0.3701214024213811,0,39.27,-76.67,0,14
Dorchester,archery,2023,8,299,9,0.4065930128984405,0.9163325264173683,1,0,54.17355371900827,63.56357629362118,-0.6771530790834066,3.34489663119804,0.3700217520484404,0,38.47,-75.87,0,14
Cecil,firearms,2020,6,348,7,0.9518307763554503,0.022725914210856735,0,0,43.5,54.191738226932316,0.03649584679543096,0.4052991826596539,0.12004754189863044,0,39.67,-75.96,0,7
Caroline,muzzleloader,2021,1,314,2,0.1944105877520883,0.3288899828015325,1,0,69.75,81.0755892057559,-0.9156396532828046,13.79642962129888,0.38397553847507304,0,38.89,-75.81,0,16
Garrett,firearms,2021,8,362,9,0.8198438134961634,0.28755443210406795,0,0,33.0,43.95440645546501,-0.14354153579732115,4.163856718283873,0.45573665562625565,0,39.31,-79.48,0,15
Prince George,firearms,2021,5,340,6,0.07485358503015505,0.05428810163070513,0,0,48.75,60.95053617446294,0.23049228369432756,2.433132203648704,0.6430800903369542,0,38.81,-76.78,0,12
Kent,muzzleloader,2021,8,363,9,0.8537070056991638,0.19676620916064852,0,0,33.0,48.060122569980834,2.518813068091661,7.451920529245157,0.40414643256712945,0,39.15,-75.73,0,9
Carroll,archery,2022,3,265,4,0.8951793239006633,0.10457745572129035,0,1,67.19008264462809,81.26693033911327,-0.9138389134735732,3.1275807099362503,0.5574983642028832,0,39.61,-77.14,0,13
Caroline,archery,2022,9,310,10,0.41902297303579417,0.9366663886335291,1,0,51.570247933884296,61.919987416166535,5.182832194995958,1.2900985720312756,0.2762733250142775,0,38.89,-75.81,0,15
St Mary,archery,2020,17,363,13,0.4597786594005129,0.984118182785114,0,0,30.743801652892557,42.7570584477782,0.3359493129515566,1.0874596083259271,0.7287622898846757,0,38.27,-76.8,0,22
Prince George,firearms,2023,4,332,5,0.5240783555975099,0.9942888327259319,0,0,54.0,66.0722489872514,-3.063768714059044,2.629610787657281,0.3702662561119897,0,38.81,-76.78,0,14
Garrett,firearms,2021,0,310,1,0.05895781894008678,0.03391645296232043,1,0,75.0,81.62315397439234,1.4933611461044884,1.2539947389159698,0.419258685103555,0,39.31,-79.48,0,20
Howard,firearms,2022,6,349,7,0.7396874689528659,0.5323751063979798,0,0,43.5,50.74045326559667,0.18463198820721297,1.1843764149092684,0.6966919196702753,0,39.2,-76.81,0,21
Garrett,firearms,2022,1,314,2,0.5544757418477957,0.9709957344495006,1,0,69.75,84.60710649687881,-1.1591048704268598,3.5971439334641073,0.29595502085157127,0,39.31,-79.48,0,18
Prince George,archery,2020,6,286,7,0.8523128597693699,0.20026024406667686,1,0,59.3801652892562,67.40572982610999,0.9958333835805444,2.8788901333275136,0.2671950768736804,0,38.81,-76.78,0,13
Washington,firearms,2023,5,342,6,0.8627102776275137,0.1747739301634525,0,0,48.75,57.899746224463854,0.4092809070202578,2.329366788145815,0.24439777826111567,0,39.64,-77.8,0,15
Montgomery,firearms,2022,1,311,2,0.45288616523879455,0.9782518223638573,1,0,69.75,84.00218431095088,-0.26497794851104306,2.6294327351341193,0.9482842478970686,0,39.15,-77.27,0,23
Kent,firearms,2021,5,340,6,0.07485358503015505,0.05428810163070513,0,0,48.75,60.43336299128065,3.2806291395054137,6.281941107521795,0.9220303587459396,0,39.15,-75.73,0,19
Talbot,archery,2022,14,343,13,0.5365083157348636,0.9869028091251425,0,0,38.55371900826446,48.166098079977246,2.3480873243110807,3.028346744551348,0.3392533650489659,0,38.73,-76.24,0,6
Harford,firearms,2022,1,311,2,0.45288616523879455,0.9782518223638573,1,0,69.75,84.09553000525564,-0.4894357956934159,14.241170678519211,0.6167753306523839,0,39.54,-76.22,0,22
Somerset,archery,2023,14,346,13,0.9981630464395153,3.330360741893301e-05,0,0,38.55371900826446,48.63512209911083,-3.4598964140194455,0.7607894206314023,0.4072894075688157,1,38.18,-75.71,0,14
Caroline,archery,2021,14,346,13,0.27803273824815733,0.5876127903135057,0,0,38.55371900826446,53.866429718620694,2.183497797891379,4.141895694163996,0.5192569555181412,0,38.89,-75.81,0,15
St Mary,firearms,2020,7,360,8,0.35818908279151174,0.8143078820882296,0,0,38.25,49.16824623918096,-3.1336017883797522,1.305744881844141,0.2838690555770166,1,38.27,-76.8,0,14
Carroll,firearms,2023,8,360,9,0.47224773728157743,0.9924177894556254,0,0,33.0,39.368481302877015,-1.2700866621133566,5.558527035171473,0.30383332148169356,0,39.61,-77.14,0,15
St Mary,firearms,2021,6,347,7,0.3118959304511577,0.6895870586242627,0,0,43.5,61.480985023487555,-2.243145472299752,5.697369638887478,0.58372521754299,1,38.27,-76.8,0,9
Anne Arundel,firearms,2021,0,305,1,0.8896418579250849,0.11546154242808893,1,0,75.0,89.13893302937663,4.254661920042186,2.3563973951659865,0.47261209168138313,0,38.97,-76.55,0,11
Dorchester,archery,2021,9,307,10,0.9573682423310856,0.017830680710972602,1,0,51.570247933884296,67.0650608401283,2.8192271987663116,1.7400593919145684,0.593148695295311,0,38.47,-75.87,0,13
Queen Anne,archery,2021,4,273,5,0.8060197074290159,0.3276204201729148,0,1,64.58677685950413,73.4153518077475,0.08540127024755306,3.5895123659624995,0.5692447040683316,0,39.08,-75.94,0,13
Howard,archery,2022,1,253,2,0.4888210174646588,0.9987671059964716,0,1,72.39669421487604,81.4551663114618,2.8607604216561358,1.4696540304306014,0.6737297933432279,0,39.2,-76.81,0,14
Calvert,firearms,2021,5,342,6,0.1425799694361558,0.18757477990595367,0,0,48.75,63.82234995459336,-0.684633130305227,2.4663023937787814,0.1425748352668474,0,38.45,-76.47,0,10
Cecil,firearms,2023,1,314,2,0.9145408959434462,0.07036497562556926,1,0,69.75,80.11644083514534,-1.3267299771955763,2.0479921293172065,0.30714636930146333,0,39.67,-75.96,0,8
Worcester,muzzleloader,2023,0,307,1,0.6774985505224436,0.7199736742383083,1,0,75.0,87.26325996769212,0.9347545977798557,7.580525007398927,0.49552511086456774,0,38.16,-75.36,0,15
Caroline,firearms,2022,2,321,3,0.7915180872687984,0.3710414047148724,1,0,64.5,72.76576060487083,-1.0297433144063657,5.9230702683865,0.6756837054827509,0,38.89,-75.81,0,15
Queen Anne,archery,2020,1,256,2,0.8364170936793016,0.24165746754097145,0,1,72.39669421487604,81.1674712957373,0.4047779934631773,4.194397829003783,0.2704732571458908,0,39.08,-75.94,0,11
Dorchester,firearms,2022,2,323,3,0.8592444716747991,0.1831204505031771,1,0,64.5,76.34642233080805,-0.34813027461987667,6.197245441021382,0.14745721663405473,0,38.47,-75.87,0,12
Calvert,firearms,2021,4,334,5,0.8716744318121528,0.1539108061907865,0,0,54.0,64.13493648236452,2.7100953665869505,10.874970303772564,0.08311012546544957,0,38.45,-76.47,0,19
Baltimore,firearms,2022,1,315,2,0.5883389340507961,0.924937074352017,1,0,69.75,83.52861155317939,-1.7499126066855837,3.3613573498462146,0.34778634490606397,0,39.27,-76.67,0,25
Frederick,archery,2020,7,295,8,0.1570815895963733,0.22439089296875087,1,0,56.77685950413223,70.60840764743735,-0.29366381785639356,0.7249718224625835,0.19877795294338604,0,39.41,-77.41,0,19
Anne Arundel,firearms,2022,2,324,3,0.8931076638777995,0.10859403495877668,0,0,64.5,73.08350519486936,0.7303984271716699,3.0477679078666315,0.8046267843162856,0,38.97,-76.55,0,10
Cecil,archery,2022,0,249,1,0.35336824865265726,0.8023869212923119,0,1,75.0,88.45599611039526,-0.7219616060431931,0.7217325335354962,0.2386640480802429,0,39.67,-75.96,0,22
Howard,archery,2020,11,325,12,0.17297735568644157,0.2673614886601367,0,0,46.36363636363636,55.31393326141432,-0.6257718001661087,4.686869454356947,0.38201487556854785,0,39.2,-76.81,0,16
Cecil,archery,2023,3,268,4,0.3568340546053719,0.8109858350342546,0,1,67.19008264462809,84.84668779010518,-0.364462369511038,3.1925666175527,0.30912562247146275,0,39.67,-75.96,0,17
Prince George,archery,2023,15,354,13,0.26906858406357514,0.5597625041653564,0,0,35.950413223140494,48.703847957112316,1.704044216654583,2.05895522387663,0.1285465491061127,0,38.81,-76.78,0,15
Washington,firearms,2022,7,358,8,0.04445619877986928,0.019379331894285756,0,0,38.25,53.766125977728095,1.8471254810395512,1.2225510038270868,0.09108970119310089,0,39.64,-77.8,0,16
Kent,archery,2023,8,300,9,0.4404562051014409,0.9654139323851991,1,0,54.17355371900827,59.79151148819521,2.118490058480918,1.8941350549069977,0.6399452504586244,0,39.15,-75.73,0,21
Harford,firearms,2022,1,312,2,0.4867493574417949,0.9982681002657949,1,0,69.75,83.11326490755977,-3.515790066240026,5.9679310616775005,0.3510539571322289,0,39.54,-76.22,0,25
Frederick,archery,2023,15,350,13,0.13361581525151678,0.16609472221326332,0,0,35.950413223140494,46.76985403874266,-2.8771010176672074,7.870907321273988,0.15236932944816384,1,39.41,-77.41,0,19
Montgomery,firearms,2020,6,347,7,0.91796758415245,0.06495830975515599,0,0,43.5,55.96106011297314,1.6822297106638242,5.729413636941495,0.30850081235075294,0,39.15,-77.27,0,16
St Mary,firearms,2022,7,355,8,0.9428666221708681,0.03187210151816089,0,0,38.25,50.351987757604576,-0.9460140213755713,6.719991248324597,0.43074285426237185,0,38.27,-76.8,0,9
Dorchester,firearms,2023,1,313,2,0.8806777037404458,0.13406154697074069,1,0,69.75,85.9928133278508,0.8070678601261313,4.531839307087192,0.693142682078894,0,38.47,-75.87,0,14
Talbot,firearms,2023,2,321,3,0.15158324136450574,0.21014581815780486,1,0,64.5,77.6839513835912,2.8770341003306052,2.9231930430364663,0.4349643821558974,0,38.73,-76.24,0,20
Washington,firearms,2021,1,317,2,0.29600016436108945,0.6425101261729971,1,0,69.75,79.26703446605384,0.9809029513181954,1.5224685961729034,0.33547787523312056,0,39.64,-77.8,0,14
Prince George,archery,2020,7,298,8,0.25867116620537445,0.5272277971214598,1,0,56.77685950413223,73.35516446600073,0.6931666590168978,3.404805699547819,0.5250431494392078,0,38.81,-76.78,0,18
Montgomery,firearms,2021,3,328,4,0.6684952785940936,0.745008505815151,0,0,59.25,76.44058247727403,-0.41709271083633975,4.1306969789501515,0.2843194856651515,0,39.15,-77.27,0,23
Howard,archery,2022,11,320,12,0.757654895065798,0.47596070888169567,1,0,46.36363636363636,56.401515332971556,0.17967680074804995,1.1277032662539075,0.4464104219016162,0,39.2,-76.81,0,8
Garrett,firearms,2022,7,359,8,0.07831939098286966,0.05932757737450228,0,0,38.25,50.328187477315716,-0.9216321672875005,6.97447055582957,0.6344130209027383,0,39.31,-79.48,0,14
Harford,archery,2023,7,294,8,0.23727705188343862,0.4600722378265128,1,0,56.77685950413223,74.48420576176139,4.73889885159018,1.646325507297752,0.43223573682892574,0,39.54,-76.22,0,16
Cecil,archery,2021,9,312,10,0.12668420334608754,0.15020769438398984,1,0,51.570247933884296,62.044200160605264,-0.8416288306439861,12.993317324791416,0.1879925889675119,0,39.67,-75.96,0,14
Cecil,archery,2023,1,255,2,0.9166125559663669,0.06707232002171648,0,1,72.39669421487604,88.45042018750155,-1.1294640450809306,7.732940590250035,0.6817183014546556,0,39.67,-75.96,0,21
Dorchester,archery,2022,2,263,3,0.8274529394946626,0.26616576337052544,0,1,69.79338842975207,75.93631341976253,1.4415253926801899,7.651763959135493,0.5887693706503986,0,38.47,-75.87,0,14
Queen Anne,muzzleloader,2020,7,359,8,0.32432589058851136,0.7251062660968253,0,0,38.25,49.71182284307735,-0.2659918304002634,6.024928525582895,0.5354885657950658,0,39.08,-75.94,0,18
Carroll,archery,2020,12,328,13,0.2745669322954427,0.5768731725833118,0,0,43.760330578512395,53.2014691114499,0.20333486777377804,3.757171680659773,0.18238258368436364,0,39.61,-77.14,0,11
Queen Anne,muzzleloader,2020,2,323,3,0.10525097128044081,0.1054062310926811,1,0,64.5,79.97558275230136,-2.479267322390486,2.588858193790557,0.5585296248688422,0,39.08,-75.94,0,25
Prince George,archery,2020,6,289,7,0.953902436378371,0.02082655540834366,1,0,59.3801652892562,68.49792563580583,1.9270023019737923,2.681858984663463,0.22185990947238488,0,38.81,-76.78,0,18
Carroll,firearms,2022,3,327,4,0.9946972404868006,0.0002775002843988239,0,0,59.25,67.28742648564747,-0.5106885072520226,1.8210839511301167,0.28495276150511883,0,39.61,-77.14,0,15
Garrett,firearms,2023,6,346,7,0.9981630464395153,3.330360741893301e-05,0,0,43.5,56.53091883234033,-2.3759293402206647,3.64109291361102,0.3734516041067176,1,39.31,-79.48,0,9
Washington,firearms,2021,2,319,3,0.3637265487670902,0.8276444370994818,1,0,64.5,75.53441888175381,2.828488959831297,2.1619487344040285,0.7476329110911364,0,39.64,-77.8,0,22
Queen Anne,firearms,2023,4,337,5,0.6933943166125118,0.6741064420555488,0,0,54.0,62.81565307607519,0.7670956187181631,1.5553730718147811,0.6664967240419492,0,39.08,-75.94,0,17
Queen Anne,firearms,2022,1,317,2,0.6560653184567968,0.7782673432119618,1,0,69.75,79.2926710239177,0.5634366090635472,3.655564186647654,0.29687745669250365,0,39.08,-75.94,0,18
Worcester,firearms,2023,3,330,4,0.45635197119150916,0.9813144759249244,0,0,59.25,71.5246051945214,-0.01168813693224354,4.1439334711746625,0.2153072476633035,0,38.16,-75.36,0,21
Prince George,archery,2023,9,308,10,0.711361742725444,0.6201968043161783,1,0,51.570247933884296,68.1061112307788,-1.3293919694842355,4.128737448980171,0.16277207849471595,0,38.81,-76.78,0,14
Dorchester,muzzleloader,2023,1,314,2,0.9145408959434462,0.07036497562556926,1,0,69.75,85.28540891238261,1.9976843860210953,5.222265761383637,0.13315780656917434,0,38.47,-75.87,0,18
Washington,firearms,2021,1,317,2,0.29600016436108945,0.6425101261729971,1,0,69.75,88.32889280356261,-2.0476915299183585,2.5715478067123616,0.21140332320345714,0,39.64,-77.8,0,21
Wicomico,muzzleloader,2020,8,363,9,0.4597786594005129,0.984118182785114,0,0,33.0,42.81793020340182,0.382731572166312,3.2567576609228883,0.7909773322866775,0,38.33,-75.32,0,15
Caroline,archery,2020,3,268,4,0.24277540011530618,0.47731104398043117,0,1,67.19008264462809,75.95785529769094,2.421432151614281,6.966249958755672,0.5818171615603839,0,38.89,-75.81,0,10
Worcester,archery,2023,6,285,7,0.9325083220564352,0.044287603463435576,1,0,59.3801652892562,73.85001363648087,-0.9183412878049997,5.74851015401204,0.3187990668024258,0,38.16,-75.36,0,20
Caroline,archery,2021,0,245,1,0.8578503257449483,0.18652050315649027,0,1,75.0,85.1197372133221,-0.7844797493503598,0.8779852863452458,0.5355757951747966,0,38.89,-75.81,0,19
Garrett,firearms,2021,6,350,7,0.41348550706015885,0.9279295866149563,0,0,43.5,53.77219607172966,3.1509652240583406,3.6333588795080036,0.3895709579467049,0,39.31,-79.48,0,16
Prince George,archery,2021,4,277,5,0.9414724762410174,0.03342876269573303,0,1,64.58677685950413,77.09294651721461,0.39242790400006056,1.9831333263113038,0.529756875769337,0,38.81,-76.78,0,21
St Mary,archery,2021,7,292,8,0.4494203592860231,0.9749623872655642,1,0,56.77685950413223,66.32200372635896,-0.7509386815725865,5.31861844719455,0.26188173742832777,0,38.27,-76.8,0,13
Washington,archery,2023,1,256,2,0.9504757481693673,0.024012008107556215,0,1,72.39669421487604,85.04498361698393,2.191880077936912,6.557409495099959,0.36304015291946556,0,39.64,-77.8,0,21
Prince George,muzzleloader,2023,2,320,3,0.11772004916150536,0.13065006263456885,1,0,64.5,79.15257299388112,2.704839354660449,2.2749354057930082,0.09435905421807556,0,38.81,-76.78,0,16
Calvert,firearms,2023,2,323,3,0.2193096257705065,0.40417977295631147,1,0,64.5,70.82365931775658,1.4570943445658404,1.6236934303501487,0.6946762027659802,0,38.45,-76.47,0,11
Talbot,archery,2020,10,319,11,0.9697982024683824,0.00897556271279315,1,0,48.966942148760324,62.40563638486965,4.107470380794488,3.57702164240105,0.538727143765025,0,38.73,-76.24,0,18
Worcester,firearms,2021,0,306,1,0.9235050501280853,0.056648536702654295,1,0,75.0,89.21352589419365,-0.7709917794599778,6.992838277526367,0.21161308885617094,0,38.16,-75.36,0,14
Worcester,archery,2022,0,249,1,0.35336824865265726,0.8023869212923119,0,1,75.0,89.50591125936792,-1.4158476251421035,11.56885002249214,0.23801870103969242,0,38.16,-75.36,0,15
Prince George,firearms,2021,0,310,1,0.05895781894008678,0.03391645296232043,1,0,75.0,83.0482330641631,0.17071520285194666,2.7813194077531724,0.157533819355287,0,38.81,-76.78,0,14
St Mary,firearms,2021,4,332,5,0.803948047406152,0.33374414575260336,0,0,54.0,65.4247938385719,-0.7422173260722984,1.9796052462675722,0.3786085567531302,0,38.27,-76.8,0,14
Caroline,firearms,2023,7,353,8,0.23520539186051792,0.4535882762293305,0,0,38.25,47.66238698136215,-0.7770550314625205,0.055506240184461056,0.5530742605131257,0,38.89,-75.81,0,12
Carroll,archery,2023,1,251,2,0.7811597871543654,0.4027328209779105,0,1,72.39669421487604,86.75675806114364,-3.127003743023383,0.8985058805702034,0.42926207790031984,0,39.61,-77.14,0,18
Wicomico,archery,2022,3,270,4,0.0644952849157221,0.04049527424082855,0,1,67.19008264462809,79.97550973896938,1.0897612448388354,4.274871493627391,0.11347947859747719,0,38.33,-75.32,0,15
Somerset,firearms,2021,5,339,6,0.040990392827154665,0.01649156755456055,0,0,48.75,62.92810974556783,0.6990808319358007,7.544181231021325,0.603709206488376,0,38.18,-75.71,0,10
Cecil,muzzleloader,2020,6,352,7,0.08728354516745185,0.07332500643782397,0,0,43.5,56.46637216530988,0.08585824087984506,3.4703387271462067,0.36856312664715374,0,39.67,-75.96,0,26
St Mary,archery,2023,15,348,13,0.06588943084551602,0.04223956924860145,0,0,35.950413223140494,53.85775094695026,-0.8784570575735653,0.9298981424395825,0.7665697446513053,0,38.27,-76.8,0,8
Kent,firearms,2022,3,330,4,0.09628681709580178,0.08874551431299516,0,0,59.25,69.2085942371866,3.779795692249122,6.54746887130539,0.7597040551520959,0,39.15,-75.73,0,15
Carroll,firearms,2020,3,328,4,0.2745669322954427,0.5768731725833118,0,0,59.25,75.7123360043766,0.6049214158137234,4.049225333683646,0.19603385560340825,0,39.61,-77.14,0,19
Frederick,firearms,2023,2,322,3,0.18544643356750612,0.30271399645773556,1,0,64.5,80.72324323234909,-1.2264707010072595,3.166413574316049,0.31909758191508214,0,39.41,-77.41,0,12
Queen Anne,firearms,2021,6,350,7,0.41348550706015885,0.9279295866149563,0,0,43.5,57.606775771612135,-0.44534888707426745,2.108718993717275,0.5201092604193717,0,39.08,-75.94,0,21
Queen Anne,firearms,2023,7,356,8,0.3367949684695759,0.7593581938712347,0,0,38.25,48.42477515671508,-0.6534443893477146,0.7546108338756773,0.8055703710057429,0,39.08,-75.94,0,16
Kent,archery,2021,10,314,11,0.1944105877520883,0.3288899828015325,1,0,48.966942148760324,58.37634324539023,-3.9372163124146407,3.805523055155909,0.26949758861704914,0,39.15,-75.73,0,19
Washington,archery,2023,2,262,3,0.1536549013873696,0.21547335240791976,0,1,69.79338842975207,82.55432226963511,-4.497287710159075,4.033392295316987,0.08360824500697644,0,39.64,-77.8,0,15
Queen Anne,firearms,2022,0,307,1,0.317433396426793,0.7055664580881861,1,0,75.0,88.11550190547862,-0.8899243074603947,2.0245016659034407,0.21197996820564904,0,39.08,-75.94,0,20
Baltimore,archery,2023,11,321,12,0.15158324136450574,0.21014581815780486,1,0,46.36363636363636,57.56946877175877,-1.1100703908928202,0.8882316829805844,0.1509967049826567,0,39.27,-76.67,0,11
Carroll,muzzleloader,2023,1,313,2,0.8806777037404458,0.13406154697074069,1,0,69.75,83.45404489512602,-0.307820949239779,0.521307991653857,0.8132045568414858,0,39.61,-77.14,0,16
Harford,archery,2020,9,313,10,0.7666190492503802,0.4478845457338737,1,0,51.570247933884296,61.47999339190537,0.8817177176376502,1.3826461730196664,0.11547753626037563,0,39.54,-76.22,0,12
Baltimore,muzzleloader,2023,0,308,1,0.711361742725444,0.6201968043161783,1,0,75.0,88.7306535769149,0.1617543012441932,2.707402628701623,0.20661803514583166,0,39.27,-76.67,0,20
Prince George,archery,2022,7,293,8,0.8433487055847309,0.22326400211032132,1,0,56.77685950413223,71.71374989160002,-1.7369267852120307,2.9651453170657867,0.5794488986976893,0,38.81,-76.78,0,8
Dorchester,firearms,2021,3,325,4,0.5669057019850925,0.956466774229061,0,0,59.25,73.47893926918371,1.6884864024733053,4.889318553043619,0.40787547291353077,0,38.47,-75.87,0,7
Somerset,firearms,2022,6,346,7,0.6380978923438647,0.8232934396566942,0,0,43.5,52.1542597637755,0.3384924058446282,3.1525260866780576,0.44510155296206855,0,38.18,-75.71,0,23
Washington,firearms,2022,8,363,9,0.21377215979487119,0.3871671867357758,0,0,33.0,41.96987890104778,-3.673942941839457,0.5139303665748998,0.4372916351014592,1,39.64,-77.8,0,12
Harford,firearms,2020,1,317,2,0.9020718180623817,0.09170010246002885,1,0,69.75,80.43282533284058,-0.4919906574270093,4.900447542463602,0.15590038214395166,0,39.54,-76.22,0,18
Garrett,firearms,2022,2,323,3,0.8592444716747991,0.1831204505031771,1,0,64.5,78.94265467018947,-0.4723895967624141,9.529201386019722,0.23515966063968946,0,39.31,-79.48,0,19
Worcester,firearms,2020,7,358,8,0.29046269838545413,0.625752358144517,0,0,38.25,49.54933227467466,3.253035028050859,2.443298466696777,0.5047963104477381,0,38.16,-75.36,0,25
Calvert,firearms,2021,0,307,1,0.9573682423310856,0.017830680710972602,1,0,75.0,83.66676468879768,1.1410573502360222,1.6921644077823959,0.31629418694049444,0,38.45,-76.47,0,12
Kent,firearms,2020,3,327,4,0.24070374009244233,0.47081154202790065,0,0,59.25,73.28600837964703,4.091183805445466,2.6843402953431723,0.3449551376626436,0,39.15,-75.73,0,21
Garrett,firearms,2023,0,308,1,0.711361742725444,0.6201968043161783,1,0,75.0,86.31110729451653,-2.654472890934613,3.8048039376689866,0.31539091029011235,0,39.31,-79.48,0,19
Garrett,firearms,2022,4,337,5,0.33332916251680444,0.7499886523776041,0,0,54.0,72.34413748663783,4.005498964470852,3.6994100659040816,0.5205800228336147,0,39.31,-79.48,0,17
Frederick,muzzleloader,2022,8,363,9,0.21377215979487119,0.3871671867357758,0,0,33.0,42.56758249377672,0.9763972774931902,1.6669641834272313,0.22027567558860853,0,39.41,-77.41,0,12
Baltimore,firearms,2023,3,329,4,0.4224887789885088,0.9418663185557674,0,0,59.25,69.75135372347627,-2.550997573241886,2.252459229509733,0.12595854235256876,0,39.27,-76.67,0,20
Frederick,firearms,2023,6,351,7,0.16747900745451716,0.25221338166737045,0,0,43.5,58.45005697964223,1.7842876579565679,1.2711997713337124,0.3321598283645788,0,39.41,-77.41,0,18
Kent,firearms,2020,8,364,9,0.49364185160351326,0.9996010639301045,0,0,33.0,46.302023118242786,-1.8121098978202448,6.8682048555604265,0.6483909175544365,0,39.15,-75.73,0,22
Montgomery,archery,2023,15,351,13,0.16747900745451716,0.25221338166737045,0,0,35.950413223140494,51.42862214075372,2.5017811131518117,7.589510167067938,0.5033473357242806,0,39.15,-77.27,0,18
Talbot,archery,2023,10,314,11,0.9145408959434462,0.07036497562556926,1,0,48.966942148760324,62.238038806156645,0.5000236631689385,5.969007968621387,0.6939670558618127,0,38.73,-76.24,0,10
Baltimore,firearms,2021,5,339,6,0.040990392827154665,0.01649156755456055,0,0,48.75,64.86776412233566,4.110130006175723,9.519505120014365,0.46951146853683307,0,39.27,-76.67,0,16
Washington,firearms,2020,0,306,1,0.5295767038293775,0.9913910721586514,1,0,75.0,89.13834457148324,0.8422502356590699,2.618047840581932,0.36695557036444304,0,39.64,-77.8,0,17
St Mary,firearms,2020,7,357,8,0.25659950618245375,0.5207270191977091,0,0,38.25,50.32560954750284,0.030197044547015845,4.55762546043888,0.5459332920241118,0,38.27,-76.8,0,19
Caroline,firearms,2021,1,317,2,0.29600016436108945,0.6425101261729971,1,0,69.75,82.21806457772949,2.028948569035577,4.515438855439058,0.20473011570800123,0,38.89,-75.81,0,19
Frederick,firearms,2022,3,331,4,0.13015000929880216,0.15807013868641906,0,0,59.25,70.9477902993917,-1.9008042822684466,1.3757346159069435,0.28816784903626613,0,39.41,-77.41,0,16
Baltimore,firearms,2023,3,330,4,0.45635197119150916,0.9813144759249244,0,0,59.25,74.99356679476797,-0.7159770488428715,1.6450513519954193,0.5209742183364784,0,39.27,-76.67,0,19
Howard,firearms,2023,4,336,5,0.6595311244095114,0.7691559417037579,0,0,54.0,62.48760341787162,1.6540914818352404,5.3037527962073465,0.7310988721449457,0,39.2,-76.81,0,22
Dorchester,firearms,2023,3,329,4,0.4224887789885088,0.9418663185557674,0,0,59.25,72.72404256554967,0.5647480574765279,3.344075299264308,0.21240940055427512,0,38.47,-75.87,0,13
Baltimore,firearms,2021,6,350,7,0.41348550706015885,0.9279295866149563,0,0,43.5,60.5474588879782,-4.936018202675966,5.131823445964125,0.07352784844415278,1,39.27,-76.67,0,15
Wicomico,firearms,2023,4,335,5,0.6256679322065111,0.8520665091466472,0,0,54.0,67.48473097250991,7.442351928962927,1.5422737511380455,0.6548937619275157,0,38.33,-75.32,0,14
Prince George,firearms,2022,6,346,7,0.6380978923438647,0.8232934396566942,0,0,43.5,50.307059449752636,3.102459335494489,5.082620521225813,0.3186625655499419,0,38.81,-76.78,0,12
Montgomery,firearms,2021,0,305,1,0.8896418579250849,0.11546154242808893,1,0,75.0,87.1243613896333,-1.1380289587835137,4.432357772726799,0.30864639645502834,0,39.15,-77.27,0,15
Howard,firearms,2020,2,321,3,0.03752458687444005,0.013833077376307068,1,0,64.5,79.28528142986049,2.6966166779678704,4.517774679677196,0.161925657320064,0,39.2,-76.81,0,25
Queen Anne,muzzleloader,2023,8,363,9,0.5738373138905786,0.9471496442906346,0,0,33.0,46.85089822193865,-0.5281797810692588,0.7218116414828589,0.4459475210464649,0,39.08,-75.94,0,19
Prince George,archery,2020,0,244,1,0.4300587872432686,0.9524921306605215,0,1,75.0,90.31389827895637,3.023568460799258,16.460180954283274,0.5860478435854087,0,38.81,-76.78,0,15
Harford,firearms,2022,4,335,5,0.2656027781108037,0.5489390937279066,0,0,54.0,68.88492215100246,-0.3043974452493514,1.0932239638077987,0.6091008478638695,0,39.54,-76.22,0,31
Baltimore,firearms,2020,0,307,1,0.5634398960323779,0.9608017413382368,1,0,75.0,83.2952181665475,1.889569344813641,4.552975369349825,0.21717385448800544,0,39.27,-76.67,0,13
Talbot,firearms,2022,5,343,6,0.5365083157348636,0.9869028091251425,0,0,48.75,59.8357119839839,-1.4597086303733688,3.037601570368242,0.8501049350316755,0,38.73,-76.24,0,19
Calvert,archery,2020,4,278,5,0.58140732214531,0.9360062932600395,0,1,64.58677685950413,79.39991326916164,0.7361642469253172,7.984313659555652,0.35399388669530596,0,38.45,-76.47,0,9
Queen Anne,firearms,2021,0,306,1,0.9235050501280853,0.056648536702654295,1,0,75.0,90.12831647622889,1.186722436456602,3.3930817071980353,0.32894549830634195,0,39.08,-75.94,0,15
Kent,archery,2020,1,255,2,0.8025539014763012,0.3378810934259665,0,1,72.39669421487604,82.492774569035,2.912249474992146,4.016655219638502,0.08306477636258792,0,39.15,-75.73,0,15
Kent,firearms,2020,6,349,7,0.9856939685584507,0.0020185785782094734,0,0,43.5,56.14680385285455,1.529913846488641,1.43114362787508,0.5444430517932182,0,39.15,-75.73,0,9
Talbot,muzzleloader,2023,4,332,5,0.5240783555975099,0.9942888327259319,0,0,54.0,69.89797301076182,1.2998721493301801,3.1640082954473345,0.5340268425221842,0,38.73,-76.24,0,28
Washington,firearms,2023,1,311,2,0.8129513193344451,0.3073491216681198,1,0,69.75,80.45773800115992,-0.3602904299645656,6.8048279824937286,0.20509062617557383,0,39.64,-77.8,0,19
St Mary,firearms,2023,6,347,7,0.032026238642515636,0.010088942784490407,0,0,43.5,57.95060173723539,4.499237425968091,1.3098935487664392,0.5347686153663344,0,38.27,-76.8,0,16
Talbot,firearms,2022,3,330,4,0.09628681709580178,0.08874551431299516,0,0,59.25,66.11883896814288,0.377630485963432,2.413470911941635,0.6802286159565628,0,38.73,-76.24,0,18
Somerset,firearms,2023,7,356,8,0.3367949684695759,0.7593581938712347,0,0,38.25,48.129484242965134,2.018364647891101,4.3479747743632595,0.4737880267710834,0,38.18,-75.71,0,20
Baltimore,firearms,2020,4,335,5,0.5116092777164454,0.9986704105064046,0,0,54.0,69.19489141655359,-2.2652106860827725,5.409177515606563,0.4654233932351985,0,39.27,-76.67,0,13
Prince George,firearms,2023,8,360,9,0.47224773728157743,0.9924177894556254,0,0,33.0,46.70662059904102,2.9328968613349873,8.803194483426305,0.48569197156574373,0,38.81,-76.78,0,25
Kent,archery,2021,3,267,4,0.6028405542110136,0.8991990352197647,0,1,67.19008264462809,75.17081748196776,-0.312891145184226,1.8558374747186188,0.3479975542408277,0,39.15,-75.73,0,19
Dorchester,firearms,2020,0,310,1,0.665029472641379,0.7544410065176024,1,0,75.0,87.45997941844338,1.6055900698075305,0.8277969744012234,0.11989775278900912,0,38.47,-75.87,0,9
Harford,firearms,2021,3,326,4,0.6007688941880929,0.903083956154713,0,0,59.25,73.49048360652414,-1.1945875394901633,2.761513644209567,0.3215358774283104,0,39.54,-76.22,0,11
Howard,muzzleloader,2020,5,340,6,0.6809252387314473,0.7102559813941427,0,0,48.75,61.282848839795136,3.4848510469243914,3.752258692932977,0.3094192784934826,0,39.2,-76.81,0,17
Queen Anne,firearms,2021,1,314,2,0.1944105877520883,0.3288899828015325,1,0,69.75,83.69311236161954,1.167612319400046,1.069792309815689,0.34162608604859485,0,39.08,-75.94,0,19
Frederick,firearms,2023,3,328,4,0.3886255867855084,0.882489991476479,0,0,59.25,74.39168075227634,-2.496988363360237,2.631518314959948,0.33839743082088647,0,39.41,-77.41,0,16
Wicomico,firearms,2020,8,362,9,0.4259154671975125,0.9468015729734189,0,0,33.0,45.04652419135888,-0.5921594595122625,0.7623027096283626,0.67741632931825,0,38.33,-75.32,0,20
Caroline,archery,2020,11,327,12,0.24070374009244233,0.47081154202790065,0,0,46.36363636363636,61.17450989492286,-2.0333722427915633,5.205998333690071,0.43142297271450963,0,38.89,-75.81,0,15
Wicomico,archery,2023,7,292,8,0.16955066747743786,0.2578871127497864,1,0,56.77685950413223,67.47254750342631,-0.13886310750246703,8.177645810831342,0.5015436051109681,0,38.33,-75.32,0,24
Carroll,archery,2022,6,289,7,0.7078959367727293,0.6307363319316965,1,0,59.3801652892562,67.13239815838281,3.722294578370498,6.331257896515774,0.2882918340621311,0,39.61,-77.14,0,13
Wicomico,archery,2022,4,277,5,0.30153763033672476,0.6590953963098589,0,1,64.58677685950413,75.4751639321048,-2.384371043007665,1.8292702342831606,0.4757193662516166,0,38.33,-75.32,0,11
Anne Arundel,firearms,2023,5,342,6,0.8627102776275137,0.1747739301634525,0,0,48.75,61.57798157052798,1.991541193910962,2.151786813416647,0.6230724173582114,0,38.97,-76.55,0,10
Wicomico,firearms,2023,2,321,3,0.15158324136450574,0.21014581815780486,1,0,64.5,69.93577813536481,2.237630589749591,3.793501720305311,0.46677021531865,0,38.33,-75.32,0,10
Washington,firearms,2020,2,323,3,0.10525097128044081,0.1054062310926811,1,0,64.5,78.80549621363654,-2.995084074164601,3.53785562309009,0.45372424663092326,0,39.64,-77.8,0,19
Washington,firearms,2020,2,322,3,0.07138777907744043,0.04945997736477109,1,0,64.5,77.52578151209636,1.6205861150281513,1.9190508687404393,0.48019124001428126,0,39.64,-77.8,0,16
St Mary,firearms,2023,7,354,8,0.26906858406357514,0.5597625041653564,0,0,38.25,43.63030361652951,-0.263905013572055,7.967891142029337,0.3320361113425818,0,38.27,-76.8,0,15
Somerset,firearms,2022,5,340,6,0.4349187391258056,0.9587758657190124,0,0,48.75,57.890692462371916,2.76485203072527,3.664903444278882,0.6009994912358648,0,38.18,-75.71,0,7
Wicomico,firearms,2023,0,306,1,0.6436353583194432,0.8098297320779287,1,0,75.0,89.2956870002537,-2.1745889504536575,2.557409216795513,0.1647237553034876,0,38.33,-75.32,0,22
Montgomery,firearms,2022,4,333,5,0.19787639370480292,0.3391604657199333,0,0,54.0,67.18427291837884,-1.3028616054097388,6.242893823446462,0.6593070286184977,0,39.15,-77.27,0,12
Garrett,archery,2022,5,279,6,0.3692640147427255,0.8405844029272282,0,1,61.98347107438016,74.71569542502357,1.4491587665774648,1.5527639911605235,0.04810360342312615,0,39.31,-79.48,0,16
Montgomery,muzzleloader,2021,4,334,5,0.8716744318121528,0.1539108061907865,0,0,54.0,62.64478447249063,1.345315472665282,1.358475168273726,0.49268055345344713,0,39.15,-77.27,0,12
Montgomery,muzzleloader,2023,2,323,3,0.2193096257705065,0.40417977295631147,1,0,64.5,73.05447029190248,2.6824039811084743,1.6993139577341476,0.27495788800667187,0,39.15,-77.27,0,11
Washington,muzzleloader,2020,5,341,6,0.7147884309344477,0.6097201807013685,0,0,48.75,63.570060772342316,-3.4898448279783625,16.16078731508785,0.26140648635387004,0,39.64,-77.8,0,17
Worcester,firearms,2020,3,331,4,0.37615650890444385,0.8561131505441137,0,0,59.25,67.36402837187501,-2.054844395174778,1.1085445818376358,0.19771786464572996,0,38.16,-75.36,0,16
Prince George,archery,2020,16,357,13,0.25659950618245375,0.5207270191977091,0,0,33.34710743801653,45.0519244178232,0.14939964972806263,3.184728712396006,0.5937805944522941,0,38.81,-76.78,0,17
Washington,firearms,2020,5,342,6,0.748651623137448,0.5042360001710235,0,0,48.75,63.69937491749021,1.5973085997855114,2.704514037650318,0.4185553723390116,0,39.64,-77.8,0,10
Dorchester,muzzleloader,2023,7,359,8,0.43838454507857705,0.9629960578983737,0,0,38.25,49.45322458526792,2.0940948961716894,0.8609767352251007,0.19624445883129585,0,38.47,-75.87,0,10
St Mary,muzzleloader,2021,1,315,2,0.22827377995508868,0.43195685709136095,1,0,69.75,82.62727076647485,-0.15430256230637732,5.469767231164811,0.5482375730420175,0,38.27,-76.8,0,20
Garrett,firearms,2021,3,329,4,0.702358470797094,0.6474450759106615,0,0,59.25,67.84749821280685,0.16623528517763556,1.650995135679002,0.23813122225181507,0,39.31,-79.48,0,20
Garrett,firearms,2021,3,330,4,0.7362216630000944,0.5432318735019569,0,0,59.25,69.11468051631431,-1.7539319320053075,3.0262675280548508,0.37534341314242303,0,39.31,-79.48,0,14
Wicomico,archery,2020,4,275,5,0.47981774553630885,0.9959852634626244,0,1,64.58677685950413,74.55780306726294,0.2256168675465141,2.791258711885682,0.5402923126273009,0,38.33,-75.32,0,18
Washington,firearms,2023,6,349,7,0.0997526230485164,0.09503518983766174,0,0,43.5,56.77331287013247,-1.415636739002716,5.07468157906264,0.2687804670001326,0,39.64,-77.8,0,12
Calvert,muzzleloader,2023,3,328,4,0.3886255867855084,0.882489991476479,0,0,59.25,68.67290354605511,-5.327519105936141,11.52278462843823,0.49472422443554387,0,38.45,-76.47,0,24
Cecil,firearms,2021,0,309,1,0.0250946267370864,0.006202421614721398,1,0,75.0,86.25315164566707,0.4318175025093075,4.306778138025587,0.34045145159348333,0,39.67,-75.96,0,11
Anne Arundel,muzzleloader,2023,4,334,5,0.5918047400035107,0.9190988780283522,0,0,54.0,65.84236473522911,-0.8538570705464645,3.036130517346657,0.727403120823297,0,38.97,-76.55,0,21
Kent,firearms,2020,6,353,7,0.12114673737045223,0.13799126277458668,0,0,43.5,50.99903473658588,-1.1787680270749572,3.2242855359986917,0.5004890862840096,0,39.15,-75.73,0,11
Carroll,firearms,2022,5,340,6,0.4349187391258056,0.9587758657190124,0,0,48.75,63.621529864890896,-3.912898274144931,0.9014523590163653,0.231891022907093,0,39.61,-77.14,0,19
Anne Arundel,firearms,2022,5,344,6,0.570371507937864,0.9519153558029791,0,0,48.75,63.33841195327496,0.19793529528770526,4.251247334306138,0.12557131935045018,0,38.97,-76.55,0,7
Talbot,archery,2022,13,335,13,0.2656027781108037,0.5489390937279066,0,0,41.15702479338843,53.79743992490404,1.9649026064754707,2.4847274020985184,0.47748715725084295,0,38.73,-76.24,0,9
Cecil,firearms,2020,0,311,1,0.6988926648443794,0.6578132623741345,1,0,75.0,86.2401535184572,2.043485236048247,1.6352278773691113,0.46516800323164553,0,39.67,-75.96,0,14
Howard,archery,2022,15,354,13,0.9090034299678678,0.07952187806303684,0,0,35.950413223140494,48.01690371448885,3.8264757583147126,1.7908598473296853,0.1707943190307723,0,39.2,-76.81,0,19
Somerset,muzzleloader,2020,1,317,2,0.9020718180623817,0.09170010246002885,1,0,69.75,75.75336771985997,0.012640055538949207,3.5479288492821457,0.3556626259877692,0,38.18,-75.71,0,15
Kent,muzzleloader,2020,6,348,7,0.9518307763554503,0.022725914210856735,0,0,43.5,56.3343847104667,-2.7747465492453274,6.8676121752161015,0.22691049048758602,1,39.15,-75.73,0,13
St Mary,firearms,2020,3,327,4,0.24070374009244233,0.47081154202790065,0,0,59.25,74.42708714250819,-4.035285566356372,1.7279167594848788,0.2145577299851552,0,38.27,-76.8,0,15
Dorchester,firearms,2020,3,326,4,0.20684054788944195,0.366066310844015,0,0,59.25,76.38756992782422,-1.1416574183759576,1.5035476554362885,0.4239282261687079,0,38.47,-75.87,0,14
Dorchester,archery,2023,6,291,7,0.13568747527443747,0.17096721238554358,1,0,59.3801652892562,68.81943042737333,-1.0665892805354902,5.19405215741429,0.3396500273185654,0,38.47,-75.87,0,13
Wicomico,firearms,2021,7,359,8,0.7182542368871623,0.5990722443966413,0,0,38.25,53.31832545076988,0.43842171717527556,4.168087819994845,0.5024326093269833,0,38.33,-75.32,0,16
Cecil,muzzleloader,2020,4,335,5,0.5116092777164454,0.9986704105064046,0,0,54.0,63.567602217995734,1.3786627996469107,3.000351670998666,0.12382656427603722,0,39.67,-75.96,0,21
Montgomery,archery,2022,5,278,6,0.33540082253972514,0.7556037641363302,0,1,61.98347107438016,75.67947449915324,-3.1610912215399662,4.681710694286892,0.15170990127939676,0,39.15,-77.27,0,9
Baltimore,archery,2020,11,323,12,0.10525097128044081,0.1054062310926811,1,0,46.36363636363636,55.26853974115869,0.11710022089345329,1.7010785510599589,0.23801392773327504,0,39.27,-76.67,0,19
St Mary,archery,2022,9,306,10,0.28357020422379264,0.604683620352584,1,0,51.570247933884296,59.9771737687614,-1.730000688973289,3.8696757896408402,0.5890579122695196,0,38.27,-76.8,0,15
Prince George,firearms,2020,0,309,1,0.6311662804383786,0.8395934619907948,1,0,75.0,89.74247661038254,0.8269634705707563,8.021822858064532,0.5148478660373833,0,38.81,-76.78,0,18
Anne Arundel,firearms,2023,5,339,6,0.7611207010185126,0.4650917089979075,0,0,48.75,58.81704773952673,-5.109842546707514,1.6236846277540242,0.5994635041049803,0,38.97,-76.55,0,13
Dorchester,archery,2020,10,318,11,0.9359350102653821,0.0399640219352565,1,0,48.966942148760324,65.98585387526967,2.116941713866851,1.9048803364592848,0.4418405071570116,0,38.47,-75.87,0,14
Cecil,archery,2022,9,306,10,0.28357020422379264,0.604683620352584,1,0,51.570247933884296,63.2915844690334,3.1638335366306043,7.72004466693821,0.6190835362914585,0,39.67,-75.96,0,16
Harford,muzzleloader,2021,7,358,8,0.6843910446841619,0.7003282342898121,0,0,38.25,58.56388824541842,3.3005317161776984,0.8843797435250105,0.5954971839860081,0,39.54,-76.22,0,14
Caroline,archery,2022,0,248,1,0.3195050564496569,0.7114816930673292,0,1,75.0,81.30309369339341,-2.948327373793841,4.335767232387555,0.31477420917244714,0,38.89,-75.81,0,21
Harford,firearms,2023,4,337,5,0.6933943166125118,0.6741064420555488,0,0,54.0,60.43765928322264,-2.570891318921377,2.742294644742477,0.09787403144506164,0,39.54,-76.22,0,14
Calvert,archery,2020,12,332,13,0.41001970110744423,0.9221971233663473,0,0,43.760330578512395,55.29993217080476,-0.47015863733189417,7.6896409839828594,0.63626065478307,0,38.45,-76.47,0,17
Harford,muzzleloader,2023,6,350,7,0.13361581525151678,0.16609472221326332,0,0,43.5,55.87870794693768,0.39277069327846337,3.757243549358888,0.4831732739899059,0,39.54,-76.22,0,20
Washington,muzzleloader,2020,2,324,3,0.1391141634834412,0.1791486626760278,1,0,64.5,72.50338089916171,-3.6790199768409133,8.558784225061167,0.8256813335674279,0,39.64,-77.8,0,17
Calvert,archery,2021,12,332,13,0.803948047406152,0.33374414575260336,0,0,43.760330578512395,52.13868945621169,-3.3047408720179985,3.216303090751184,0.6232926505091364,1,38.45,-76.47,0,19
Anne Arundel,firearms,2023,6,348,7,0.06588943084551602,0.04223956924860145,0,0,43.5,58.822727410271455,0.3915799169460045,6.890211175369982,0.3947754163562495,0,38.97,-76.55,0,14
Baltimore,archery,2022,10,314,11,0.5544757418477957,0.9709957344495006,1,0,48.966942148760324,61.21582072382782,-1.8588481750145907,1.333395251221003,0.36019777957086246,0,39.27,-76.67,0,15
Prince George,archery,2022,13,336,13,0.29946597031380406,0.6529120393220145,0,0,41.15702479338843,51.42784349638193,-0.29078695437948565,0.5118009409588529,0.4606402464927987,0,38.81,-76.78,0,17
Anne Arundel,archery,2023,13,334,13,0.5918047400035107,0.9190988780283522,0,0,41.15702479338843,55.36493085564836,-1.185834538935294,5.9560299738044336,0.7392872489255421,0,38.97,-76.55,0,17
Queen Anne,firearms,2022,6,349,7,0.7396874689528659,0.5323751063979798,0,0,43.5,53.49589307931983,0.36638128500738065,1.8755278632748982,0.7152854994245841,0,39.08,-75.94,0,17
Talbot,firearms,2021,7,358,8,0.6843910446841619,0.7003282342898121,0,0,38.25,48.79133784955516,-0.8769589950425349,1.3263090085674176,0.4497688977770371,0,38.73,-76.24,0,9
Frederick,firearms,2020,6,348,7,0.9518307763554503,0.022725914210856735,0,0,43.5,60.30882134846486,-1.3294589086594324,6.754570648193762,0.19328684029615223,0,39.41,-77.41,0,18
Baltimore,firearms,2020,7,357,8,0.25659950618245375,0.5207270191977091,0,0,38.25,47.19895509203139,2.0943141827895446,5.873165090072202,0.37197707160783067,0,39.27,-76.67,0,11
Garrett,muzzleloader,2020,0,308,1,0.5973030882353783,0.9094302532940565,1,0,75.0,82.17397150224721,0.7093350206556848,8.474770959934125,0.7228024665009071,0,39.31,-79.48,0,11
Howard,firearms,2022,8,360,9,0.11218258318587004,0.11915014786179073,0,0,33.0,46.8156687689975,-0.3361508586950106,1.4640012599414471,0.2643961977091158,0,39.2,-76.81,0,14
Howard,firearms,2020,5,343,6,0.7825148153404484,0.3985607760450127,0,0,48.75,58.44356128186671,-3.6476184752969276,0.8103764595591589,0.3724160502945095,0,39.2,-76.81,0,12
Anne Arundel,muzzleloader,2022,6,352,7,0.841277045561867,0.22870785607957128,0,0,43.5,56.36828690066641,-0.8209624688806816,5.591384405689398,0.23076431321663485,0,38.97,-76.55,0,16
St Mary,firearms,2023,4,334,5,0.5918047400035107,0.9190988780283522,0,0,54.0,61.51912810611664,-1.4511558688705208,1.6185620077113736,0.3317551287742633,0,38.27,-76.8,0,25
Dorchester,archery,2020,5,280,6,0.6491337065513108,0.7960900347137997,0,1,61.98347107438016,74.74824642194409,-3.445471572838501,1.9468750500988723,0.18044796228561458,0,38.47,-75.87,0,19
Howard,firearms,2020,6,350,7,0.019557160761451087,0.0037702036353516877,0,0,43.5,57.726492128379654,2.359691349338099,1.5747116121734714,0.3304930860326718,0,39.2,-76.81,0,17
Howard,firearms,2021,0,309,1,0.0250946267370864,0.006202421614721398,1,0,75.0,88.260330506398,-1.834988132711701,2.4983032338432674,0.6217865957268919,0,39.2,-76.81,0,17
St Mary,firearms,2020,4,334,5,0.477746085513445,0.9951201678979791,0,0,54.0,66.07341811329815,-1.2003790673550379,8.521181592063023,0.1934739756038616,0,38.27,-76.8,0,18
Washington,muzzleloader,2022,2,323,3,0.8592444716747991,0.1831204505031771,1,0,64.5,76.16796066204148,-3.1598774371608767,0.4742146572260125,0.2312784587687081,0,39.64,-77.8,0,15
Kent,muzzleloader,2023,6,350,7,0.13361581525151678,0.16609472221326332,0,0,43.5,57.03987738572821,-1.0563893497436998,4.440071828373541,0.12575859743643963,0,39.15,-75.73,0,15
Wicomico,archery,2021,5,279,6,0.009198860647018137,0.0008349239524686469,0,1,61.98347107438016,74.45069741395584,3.527565285609886,2.362998951325598,0.5453026243768962,0,38.33,-75.32,0,21
Calvert,muzzleloader,2023,0,306,1,0.6436353583194432,0.8098297320779287,1,0,75.0,85.59437443085056,-1.1588437648707033,1.9749421329260723,0.281165301259622,0,38.45,-76.47,0,22
Baltimore,archery,2023,6,286,7,0.9663715142594356,0.011119826355261986,1,0,59.3801652892562,74.51169718528276,2.9517764388604175,3.8703641638026274,0.2064653976148872,0,39.27,-76.67,0,15
Wicomico,firearms,2023,1,311,2,0.8129513193344451,0.3073491216681198,1,0,69.75,79.08905118299805,-1.6144064931569502,2.4857389874894698,0.2782690497709379,0,38.33,-75.32,0,13
Howard,firearms,2021,7,356,8,0.6166646602781611,0.8715766304102717,0,0,38.25,49.66496584407227,1.4056279227774362,2.9232071124720154,0.38599513681663583,0,39.2,-76.81,0,12
Montgomery,firearms,2022,5,342,6,0.5026451235318063,0.999930947140589,0,0,48.75,59.272381960976986,-1.1696560886257747,3.871374020853778,0.17731323669856383,0,39.15,-77.27,0,21
Baltimore,firearms,2023,5,344,6,0.9304366620335145,0.04700408717567256,0,0,48.75,67.11929445683651,0.8398074294175103,4.789217276749359,0.17056241538245887,0,39.27,-76.67,0,16
Kent,muzzleloader,2021,6,350,7,0.41348550706015885,0.9279295866149563,0,0,43.5,56.368084811207545,-1.8796557636072706,7.07725882578635,0.49489099910685536,0,39.15,-75.73,0,15
Dorchester,firearms,2020,4,333,5,0.4438828933104446,0.9692400071255501,0,0,54.0,68.49484513911916,1.7805636545705075,4.381171676447586,0.7038376733280873,0,38.47,-75.87,0,15
Caroline,firearms,2023,8,361,9,0.5061109294845778,0.9996314801089379,0,0,33.0,44.63922769961218,1.917299430593917,0.620485751340198,0.18239272961437317,0,38.89,-75.81,0,17
Talbot,firearms,2022,5,341,6,0.46878193132880597,0.9904122008618323,0,0,48.75,62.652571063942055,-1.065519100212684,8.492455330071747,0.43910668978379885,0,38.73,-76.24,0,21
Montgomery,archery,2021,2,259,3,0.3319350165870105,0.7461860010003334,0,1,69.79338842975207,84.8110745737195,-1.4565022816955515,1.5690865336765711,0.2965298467870592,0,39.15,-77.27,0,14
Kent,firearms,2020,2,324,3,0.1391141634834412,0.1791486626760278,1,0,64.5,73.11705720742785,2.674793976049927,1.1287278191711445,0.3167939929628065,0,39.15,-75.73,0,13
Howard,firearms,2021,6,348,7,0.3457591226541581,0.7830109511302795,0,0,43.5,56.26136949119875,0.30551728917441184,2.0285973470122456,0.5793272453577016,0,39.2,-76.81,0,16
Prince George,muzzleloader,2021,7,358,8,0.6843910446841619,0.7003282342898121,0,0,38.25,51.6583222377862,0.48770504259726133,7.27987953101508,0.5539982958502406,0,38.81,-76.78,0,12
Montgomery,firearms,2021,6,350,7,0.41348550706015885,0.9279295866149563,0,0,43.5,52.4348902648008,-0.9818160082345435,2.0597460954859175,0.42814325025758687,0,39.15,-77.27,0,15
Washington,firearms,2020,5,342,6,0.748651623137448,0.5042360001710235,0,0,48.75,62.17423921590297,1.8161734328235242,1.5318394191565192,0.19255338451266202,0,39.64,-77.8,0,10
Dorchester,firearms,2020,5,343,6,0.7825148153404484,0.3985607760450127,0,0,48.75,59.05683686481214,1.160103954516005,1.1001718317255365,0.3650222448936014,0,38.47,-75.87,0,11
Anne Arundel,firearms,2021,3,331,4,0.7700848552031516,0.43706891372109435,0,0,59.25,72.9906793623423,-2.8040271728440276,2.2248674394759758,0.7659498159521458,0,38.97,-76.55,0,11
Garrett,archery,2020,6,290,7,0.9877656285813714,0.0014765535375565464,1,0,59.3801652892562,76.07795793508728,-1.1834320351023173,1.3443462353441913,0.16025828363021757,0,39.31,-79.48,0,20
Queen Anne,muzzleloader,2022,2,322,3,0.8253812794717987,0.27193813282863133,1,0,64.5,76.48710865080449,1.7483967688344697,3.1136727958074553,0.603924868857344,0,39.08,-75.94,0,19
Calvert,firearms,2023,8,362,9,0.5399741216875782,0.9843117924303635,0,0,33.0,42.20882434818137,0.9939703220012119,0.3141482468567257,0.5867075809197676,0,38.45,-76.47,0,13
St Mary,firearms,2021,5,339,6,0.040990392827154665,0.01649156755456055,0,0,48.75,57.63261915819157,-2.4582837250692373,10.221745765620481,0.6420900408848947,0,38.27,-76.8,0,10
Wicomico,archery,2022,4,272,5,0.13222166932172286,0.16284752352199905,0,1,64.58677685950413,75.92748263202706,1.4852032230979875,9.956802145343278,0.054576709910255324,0,38.33,-75.32,0,15
Caroline,muzzleloader,2020,8,362,9,0.4259154671975125,0.9468015729734189,0,0,33.0,42.54327930163976,-3.0040203461957145,0.34555203926102207,0.39542548090883595,1,38.89,-75.81,0,15
Kent,firearms,2021,6,350,7,0.41348550706015885,0.9279295866149563,0,0,43.5,55.74403934017812,-0.3802115801870831,3.434737675403538,0.13340588011644983,0,39.15,-75.73,0,14
Dorchester,archery,2023,14,341,13,0.8288470854245134,0.26230342743588053,0,0,38.55371900826446,52.68945037333236,0.08450389679560481,5.83211255793962,0.2998367092334574,0,38.47,-75.87,0,8
Washington,muzzleloader,2023,5,341,6,0.8288470854245134,0.26230342743588053,0,0,48.75,62.806870484602264,-4.056705872896995,7.050134851460057,0.3993163882829161,0,39.64,-77.8,0,18
Talbot,muzzleloader,2022,2,324,3,0.8931076638777995,0.10859403495877668,0,0,64.5,72.72268290239431,0.39863281993509964,1.65988646243339,0.3613836600884469,0,38.73,-76.24,0,23
Talbot,firearms,2020,4,336,5,0.5454724699194458,0.979730619019284,0,0,54.0,64.54865449019854,0.07896584691499306,4.433094261703009,0.6400267015214245,0,38.73,-76.24,0,22
Calvert,firearms,2021,5,342,6,0.1425799694361558,0.18757477990595367,0,0,48.75,58.771110346045845,0.16551480347578834,3.964498373502536,0.6856362524620523,0,38.45,-76.47,0,11
Washington,firearms,2023,3,326,4,0.32089920237950764,0.7154423052865487,0,0,59.25,68.79400458069402,-0.3982403797742353,6.5348294621946215,0.17447503973036133,0,39.64,-77.8,0,28
Cecil,firearms,2020,7,354,8,0.1550099295734526,0.21898411213060887,0,0,38.25,51.676829252357926,-1.9156702732429411,2.316002935542489,0.6927995783121972,0,39.67,-75.96,0,11
Talbot,archery,2023,11,323,12,0.2193096257705065,0.40417977295631147,1,0,46.36363636363636,59.47602803597064,-0.6354608151078305,4.883784620385047,0.3430758753630784,0,38.73,-76.24,0,9
Dorchester,archery,2020,3,265,4,0.14118582350630504,0.18416727528269067,0,1,67.19008264462809,78.25323890040643,2.442150142971472,3.7689258394814806,0.15061732934837413,0,38.47,-75.87,0,14
Talbot,archery,2020,11,324,12,0.1391141634834412,0.1791486626760278,1,0,46.36363636363636,50.95992697771503,-1.5348671124796567,4.624834283333103,0.5762912157644441,0,38.73,-76.24,0,15
Carroll,firearms,2021,1,314,2,0.1944105877520883,0.3288899828015325,1,0,69.75,81.1604452823865,0.8052911898200009,2.020905745836058,0.6600577886049858,0,39.61,-77.14,0,8
Dorchester,firearms,2023,2,321,3,0.15158324136450574,0.21014581815780486,1,0,64.5,74.24582063254472,0.8505501189565947,3.0564213514453265,0.3277487686936588,0,38.47,-75.87,0,12
Howard,firearms,2021,1,315,2,0.22827377995508868,0.43195685709136095,1,0,69.75,82.50042278450847,2.473585160259342,2.77846146211895,0.17706055938016504,0,39.2,-76.81,0,11
Worcester,firearms,2022,4,337,5,0.33332916251680444,0.7499886523776041,0,0,54.0,63.285421781821896,-1.0295180173184222,4.144389403760042,0.08936443633991539,0,38.16,-75.36,0,10
Caroline,firearms,2020,1,313,2,0.7666190492503802,0.4478845457338737,1,0,69.75,82.54470454563268,-0.4183410853009892,6.649547268420389,0.46318928241315904,0,38.89,-75.81,0,11
Dorchester,firearms,2020,5,341,6,0.7147884309344477,0.6097201807013685,0,0,48.75,57.803311810851426,-0.4371633829697984,1.0866984668888127,0.19616809929449164,0,38.47,-75.87,0,23
Calvert,archery,2021,1,252,2,0.09489267116595101,0.08627028168263712,0,1,72.39669421487604,79.56448183440915,0.6985695207780298,2.050241191830772,0.17910437183666417,0,38.45,-76.47,0,22
Somerset,muzzleloader,2023,5,342,6,0.8627102776275137,0.1747739301634525,0,0,48.75,62.44038277523939,-2.1118341879020726,2.728222030023633,0.6328399437954093,0,38.18,-75.71,0,15
Caroline,archery,2020,1,252,2,0.7009643248672717,0.6516244378220275,0,1,72.39669421487604,80.84529866223613,0.384306558915224,2.466917358109063,0.6172727998167661,0,38.89,-75.81,0,16
Harford,archery,2023,7,298,8,0.37272982069544014,0.8484745246922256,1,0,56.77685950413223,65.58262832460474,-2.0661114725363565,0.781133998185062,0.3016307871668056,0,39.54,-76.22,0,17
Wicomico,archery,2020,0,245,1,0.463921979446269,0.9872084071108118,0,1,75.0,85.94254604758063,-3.576318190934324,7.895045536296139,0.7950660240133127,0,38.33,-75.32,0,22
Somerset,archery,2023,17,362,13,0.5399741216875782,0.9843117924303635,0,0,30.743801652892557,41.321212137709836,1.6449108491534046,2.195898196180095,0.5442416559224429,0,38.18,-75.71,0,13
Montgomery,firearms,2022,0,310,1,0.41902297303579417,0.9366663886335291,1,0,75.0,82.11114034989643,0.43562072929618717,0.3585250007254467,0.2759078483925017,0,39.15,-77.27,0,12
Calvert,firearms,2021,4,336,5,0.9394008162181535,0.03580800446252169,0,0,54.0,65.62394283346458,-0.09608717620542306,2.9411138735949685,0.056497982121051546,0,38.45,-76.47,0,10
St Mary,archery,2020,14,345,13,0.8502411997464492,0.2054946778662105,0,0,38.55371900826446,49.351122612958164,4.41244268357363,1.544607831726268,0.7320360792720042,0,38.27,-76.8,0,12
Prince George,archery,2020,16,359,13,0.32432589058851136,0.7251062660968253,0,0,33.34710743801653,47.15032850816813,3.523405729894307,1.4360370081974834,0.14079578082235888,0,38.81,-76.78,0,15
Washington,archery,2022,2,258,3,0.6581369784796607,0.772836658296158,0,1,69.79338842975207,79.77380798334194,1.5203806776692619,6.10154815120925,0.1806889733577711,0,39.64,-77.8,0,8
Wicomico,muzzleloader,2022,3,328,4,0.02856043268980102,0.008029038701735935,0,0,59.25,70.32595157642857,-1.2505932449810346,3.527038474828166,0.571125430235742,0,38.33,-75.32,0,15
Garrett,muzzleloader,2022,7,353,8,0.8751402377648674,0.14613521671136726,0,0,38.25,44.554890434079184,1.5838836349772412,3.352116344868514,0.43569940927242334,0,39.31,-79.48,0,14
Washington,firearms,2020,4,338,5,0.6131988543254465,0.8787734486805315,0,0,54.0,69.5956082275996,-1.8646625086207367,1.1523081981259886,0.08637873135558681,0,39.64,-77.8,0,21
Anne Arundel,firearms,2021,4,336,5,0.9394008162181535,0.03580800446252169,0,0,54.0,65.20333205824778,-4.360446337899984,2.009289352848404,0.39087141812776366,0,38.97,-76.55,0,16
Wicomico,firearms,2022,2,322,3,0.8253812794717987,0.27193813282863133,1,0,64.5,73.57224838208128,0.14064204412752446,6.423868433220261,0.524780231440091,0,38.33,-75.32,0,22
Anne Arundel,muzzleloader,2022,2,318,3,0.6899285106597972,0.6842710766266564,1,0,64.5,76.20121518783611,-0.48647560578680415,0.8509606908170735,0.40300790011703463,0,38.97,-76.55,0,25
Somerset,firearms,2021,8,360,9,0.7521174290901627,0.49334809656295864,0,0,33.0,42.20804453183595,-0.27594800867043207,1.4388934424892785,0.7296119983781391,0,38.18,-75.71,0,15
Washington,archery,2023,13,340,13,0.794983893221513,0.36055303945490635,0,0,41.15702479338843,52.69288729974696,0.7821408672020517,2.0300679183740336,0.24614320132418976,0,39.64,-77.8,0,6
Talbot,firearms,2021,7,353,8,0.51507508366916,0.9977587284231195,0,0,38.25,45.72442926238568,-2.0029056911445275,1.1681395023305547,0.5246680344310887,1,38.73,-76.24,0,13
Washington,archery,2023,10,314,11,0.9145408959434462,0.07036497562556926,1,0,48.966942148760324,59.57889326305755,-0.3476713317588142,5.155123370773804,0.31701092211104515,0,39.64,-77.8,0,12
Somerset,muzzleloader,2022,7,357,8,0.010593006576868902,0.0011070771786803046,0,0,38.25,53.283201778670644,-4.547896427902329,3.920723996295112,0.34081947892511427,1,38.18,-75.71,0,6
Baltimore,archery,2021,7,297,8,0.6187363203010818,0.867190425530652,1,0,56.77685950413223,69.4674814317314,1.3623088162597647,8.014581621818126,0.3289027941819238,0,39.27,-76.67,0,11
Wicomico,muzzleloader,2022,3,325,4,0.9269708560807999,0.051720027324518913,0,0,59.25,70.6579722980292,-4.07613041866867,4.099577178696744,0.1617534351428388,0,38.33,-75.32,0,16
Prince George,muzzleloader,2020,1,318,2,0.9359350102653821,0.0399640219352565,1,0,69.75,83.79553470323374,-5.660090099779784,3.01701494339246,0.3966061135974385,0,38.81,-76.78,0,15
Harford,firearms,2020,8,361,9,0.3920522749945121,0.8893342134913929,0,0,33.0,46.41735947457509,-0.2636516332607267,1.3808011624387562,0.6946006814366674,0,39.54,-76.22,0,25
Worcester,archery,2021,9,312,10,0.12668420334608754,0.15020769438398984,1,0,51.570247933884296,61.78048437278167,-3.953056111814096,7.8993747064616295,0.6532783828402952,0,38.16,-75.36,0,15
St Mary,archery,2020,13,338,13,0.6131988543254465,0.8787734486805315,0,0,41.15702479338843,50.22063536078808,5.008033231533688,2.2121150541185273,0.6610068247771974,0,38.27,-76.8,0,14
Wicomico,firearms,2022,4,334,5,0.2317395859078033,0.4427589951458601,0,0,54.0,72.66583233264981,-2.755646392976422,4.265556482666548,0.3772890842127121,0,38.33,-75.32,0,14
Harford,archery,2022,10,315,11,0.5883389340507961,0.924937074352017,1,0,48.966942148760324,58.4817360709133,-0.36795596832459054,1.3650855786187392,0.2712239490771492,0,39.54,-76.22,0,20
St Mary,archery,2023,10,318,11,0.0499936647555046,0.024465591938834463,1,0,48.966942148760324,66.6648251337575,5.193734478200439,1.9950067420907052,0.24123245344953678,0,38.27,-76.8,0,9
Calvert,archery,2023,4,271,5,0.458423631214373,0.9830362569780434,0,1,64.58677685950413,76.5014396078185,1.6617237170356134,2.5808385926558937,0.7881535517932214,0,38.45,-76.47,0,20
Kent,archery,2021,14,344,13,0.21030635384215657,0.37658748839005973,0,0,38.55371900826446,49.13712289377359,-0.9421642337468219,3.2091703745635973,0.38752357489091294,0,39.15,-75.73,0,14
Caroline,archery,2022,14,345,13,0.6042347001408643,0.8965465212194158,0,0,38.55371900826446,56.923880384709285,0.06417986381632106,2.26448057017934,0.56210651537239,0,38.89,-75.81,0,10
Baltimore,archery,2020,1,251,2,0.6671011326642713,0.7488170187465925,0,1,72.39669421487604,84.03617260128323,2.5610849398600783,5.676843468815113,0.4114925061799314,0,39.27,-76.67,0,14
Howard,archery,2023,7,296,8,0.3050034362894394,0.6693791172877991,1,0,56.77685950413223,70.44205883352448,-1.4606524251481179,2.8532805758511497,0.38998451115349386,0,39.2,-76.81,0,17
Kent,archery,2023,13,340,13,0.794983893221513,0.36055303945490635,0,0,41.15702479338843,50.765280284673516,0.22502286712463865,0.4494158985958858,0.40254144761912913,0,39.15,-75.73,0,14
Garrett,muzzleloader,2021,7,354,8,0.5489382758721604,0.976548397118691,0,0,38.25,54.20359040791733,2.00400961373704,5.029897673710743,0.740201349272828,0,39.31,-79.48,0,18
Talbot,muzzleloader,2023,4,338,5,0.7272575088155122,0.5712047423658192,0,0,54.0,67.43875643646682,0.14520884051561644,4.314777569031409,0.14506764805694333,0,38.73,-76.24,0,21
Cecil,firearms,2022,0,306,1,0.28357020422379264,0.604683620352584,1,0,75.0,91.80925025119815,1.858349252919516,2.7714950731877215,0.4753228648463688,0,39.67,-75.96,0,14
Talbot,firearms,2022,7,355,8,0.9428666221708681,0.03187210151816089,0,0,38.25,45.81415617807602,-1.7048157835791917,6.4015633285028315,0.10540373345584422,0,38.73,-76.24,0,15
Harford,firearms,2021,1,312,2,0.12668420334608754,0.15020769438398984,1,0,69.75,83.62790959298844,0.19018175863232276,2.3100151379386076,0.320712125785133,0,39.54,-76.22,0,15
Carroll,archery,2020,2,263,3,0.07345943910030428,0.05232041287760547,0,1,69.79338842975207,75.52922569827464,1.327785879773882,3.2085711496907887,0.5074786912714591,0,39.61,-77.14,0,10
Washington,firearms,2023,1,313,2,0.8806777037404458,0.13406154697074069,1,0,69.75,84.1371996833689,-3.313619817738174,2.638515185286074,0.15831537538808577,0,39.64,-77.8,0,7
Washington,firearms,2020,5,343,6,0.7825148153404484,0.3985607760450127,0,0,48.75,60.05539756265881,0.4927536187499699,2.4030965069643164,0.8420912518032668,0,39.64,-77.8,0,10
Prince George,archery,2023,8,299,9,0.4065930128984405,0.9163325264173683,1,0,54.17355371900827,67.38965756882396,0.06397381486052309,7.699534807824694,0.6381308169479617,0,38.81,-76.78,0,14
Carroll,archery,2023,6,290,7,0.1018242830714371,0.09888668980689452,1,0,59.3801652892562,71.11862259967705,-3.8013385943581857,4.304537538222094,0.9027509263950808,0,39.61,-77.14,0,11
St Mary,firearms,2020,1,312,2,0.7327558570473798,0.5540681405464372,1,0,69.75,77.67237125881907,4.484458839967586,1.7670160542912627,0.5993621396115668,0,38.27,-76.8,0,15
Baltimore,firearms,2022,4,338,5,0.3671923547198048,0.8357907779219689,0,0,54.0,66.3154108559566,-0.5497974756229185,5.669614780622929,0.31261871962696103,0,39.27,-76.67,0,19
Calvert,muzzleloader,2021,6,349,7,0.37962231485715847,0.8636710505452458,0,0,43.5,57.76512039160137,-2.4740349675432407,2.75927024281621,0.26642059594028433,1,38.45,-76.47,0,16
Wicomico,firearms,2021,7,356,8,0.6166646602781611,0.8715766304102717,0,0,38.25,42.06218058769042,0.5807141002020104,1.5423459916912312,0.8913727364729847,0,38.33,-75.32,0,18
Talbot,muzzleloader,2020,5,345,6,0.8502411997464492,0.2054946778662105,0,0,48.75,60.71603377414597,3.4998081126652734,8.785231912330152,0.450616035129651,0,38.73,-76.24,0,9
Frederick,muzzleloader,2020,1,315,2,0.8343454336563809,0.2472514531085636,1,0,69.75,83.81540994910692,-1.1763895014610557,6.787032639660279,0.24696876392862047,0,39.41,-77.41,0,22
Frederick,firearms,2023,1,313,2,0.8806777037404458,0.13406154697074069,1,0,69.75,79.6371933513024,-4.156846975277975,7.894894752263794,0.2725541360514596,0,39.41,-77.41,0,15
Talbot,muzzleloader,2021,5,343,6,0.1764431616391562,0.27705369529393115,0,0,48.75,57.42644058399457,2.9522991350701946,6.70526817154035,0.38189787077844733,0,38.73,-76.24,0,16
Montgomery,archery,2021,7,297,8,0.6187363203010818,0.867190425530652,1,0,56.77685950413223,67.23506244492435,-1.669577847589186,1.0751518758937515,0.16277214748715202,0,39.15,-77.27,0,21
Montgomery,archery,2022,6,290,7,0.7417591289757297,0.525877892902152,1,0,59.3801652892562,70.57811975802043,-2.6208006663969954,3.5891781109435748,0.07852030804473766,0,39.15,-77.27,0,15
Carroll,firearms,2022,2,322,3,0.8253812794717987,0.27193813282863133,1,0,64.5,76.51325872234614,-0.9439614369450685,10.514907390302685,0.40130673249919535,0,39.61,-77.14,0,10
Dorchester,archery,2022,7,292,8,0.8094855133817305,0.31744148734250643,1,0,56.77685950413223,65.57521613082645,0.351311030773363,2.0880228815207342,0.4191045410929279,0,38.47,-75.87,0,14
Somerset,firearms,2021,6,346,7,0.27803273824815733,0.5876127903135057,0,0,43.5,53.85227520888134,-0.49203519336766843,2.1411355394753655,0.0954154633487694,0,38.18,-75.71,0,15
Somerset,muzzleloader,2021,5,342,6,0.1425799694361558,0.18757477990595367,0,0,48.75,63.449889281615455,-1.246568450001679,5.705647152496768,0.91065086280837,0,38.18,-75.71,0,18
Queen Anne,archery,2022,1,250,2,0.38723144085565764,0.8796545002270448,0,1,72.39669421487604,81.12417803551268,-0.2892396355544039,6.9503447857115885,0.0688567873361258,0,39.08,-75.94,0,22
Caroline,archery,2022,5,279,6,0.3692640147427255,0.8405844029272282,0,1,61.98347107438016,76.56917409687611,-2.2730461330016283,2.1260572485701745,0.126590060805509,0,38.89,-75.81,0,15
Harford,archery,2021,17,363,13,0.8537070056991638,0.19676620916064852,0,0,30.743801652892557,38.06732048301852,1.013850888763383,7.075789833988443,0.08351919735023726,0,39.54,-76.22,0,19
Queen Anne,muzzleloader,2023,4,336,5,0.6595311244095114,0.7691559417037579,0,0,54.0,60.425193439978194,0.9698255144561944,9.46264438568522,0.11543452342588874,0,39.08,-75.94,0,14
Somerset,archery,2023,9,309,10,0.7452249349284443,0.5149990588612463,1,0,51.570247933884296,61.47506772722687,3.074038421326382,3.5503480243866377,0.7828378858523314,0,38.18,-75.71,0,24
Washington,archery,2021,17,362,13,0.8198438134961634,0.28755443210406795,0,0,30.743801652892557,38.671198344903544,-0.4619008546123335,9.6367469652002,0.3744319402181935,0,39.64,-77.8,0,21
Cecil,firearms,2023,6,352,7,0.20134219965751754,0.34950721690353714,0,0,43.5,54.29431586088293,0.4085464854235065,2.0036660608951045,0.28010004585649184,0,39.67,-75.96,0,13
Wicomico,firearms,2023,1,316,2,0.9822672803495038,0.003100281428026097,1,0,69.75,80.63072461980003,-0.2676063687103133,1.561403512113521,0.04292691287579953,0,38.33,-75.32,0,12
Frederick,firearms,2022,3,330,4,0.09628681709580178,0.08874551431299516,0,0,59.25,70.90328573775416,-3.967287210601151,6.469733772317917,0.22628898030146855,0,39.41,-77.41,0,13
St Mary,firearms,2020,1,313,2,0.7666190492503802,0.4478845457338737,1,0,69.75,81.77405437842964,1.47727297129672,5.853147360031236,0.3088104224410871,0,38.27,-76.8,0,18
Kent,firearms,2021,7,354,8,0.5489382758721604,0.976548397118691,0,0,38.25,45.54873052569038,2.8256933106718063,3.97017230878768,0.4457567417262598,0,39.15,-75.73,0,19
Frederick,archery,2023,2,260,3,0.08592851698136883,0.07112118719698085,0,1,69.79338842975207,84.77279861989327,-1.2298838848442148,2.518240935215483,0.42060630804388927,0,39.41,-77.41,0,13
Anne Arundel,archery,2022,11,322,12,0.8253812794717987,0.27193813282863133,1,0,46.36363636363636,58.69970166723166,2.9117313215623937,0.44801469041627223,0.5587731485094306,0,38.97,-76.55,0,12
Frederick,firearms,2020,0,308,1,0.5973030882353783,0.9094302532940565,1,0,75.0,85.44512764563441,0.4014886234605558,7.444178108457808,0.12566804375234775,0,39.41,-77.41,0,20
Dorchester,archery,2020,0,247,1,0.5316483638522698,0.9901469493643673,0,1,75.0,86.4451792948728,-1.7827944574196266,4.468539406478528,0.5645882044984416,0,38.47,-75.87,0,13
St Mary,muzzleloader,2020,1,313,2,0.7666190492503802,0.4478845457338737,1,0,69.75,79.3752000837972,-2.6417677949999345,5.3730289652923755,0.05566551070065963,0,38.27,-76.8,0,16
Cecil,firearms,2022,7,357,8,0.010593006576868902,0.0011070771786803046,0,0,38.25,47.52711587182532,3.772026507910705,0.8067898281982235,0.40503502273823366,0,39.67,-75.96,0,19
Caroline,archery,2023,11,322,12,0.18544643356750612,0.30271399645773556,1,0,46.36363636363636,60.50691575052936,-0.0993590092872519,2.0465498212268405,0.47261417331472433,0,38.89,-75.81,0,15
Talbot,firearms,2021,2,320,3,0.3975897409700906,0.9000115418895788,1,0,64.5,75.9975788539317,1.7491932216550203,12.296924185118872,0.6282944388354001,0,38.73,-76.24,0,13
Garrett,firearms,2023,2,321,3,0.15158324136450574,0.21014581815780486,1,0,64.5,74.48608201442357,3.4457822038447286,1.8037191238818728,0.3180443561607715,0,39.31,-79.48,0,10
Cecil,archery,2023,10,314,11,0.9145408959434462,0.07036497562556926,1,0,48.966942148760324,63.40838998698173,0.2694669433090983,6.460763167776048,0.42794819790957855,0,39.67,-75.96,0,15
Queen Anne,archery,2023,7,298,8,0.37272982069544014,0.8484745246922256,1,0,56.77685950413223,64.29247312783735,2.8085724819475266,4.50203531053503,0.5721945082631421,0,39.08,-75.94,0,16
St Mary,firearms,2022,0,309,1,0.3851597808327938,0.8753873020177728,1,0,75.0,85.05667880074907,0.13326961936882997,4.14844552071402,0.6332772787543407,0,38.27,-76.8,0,16
Queen Anne,muzzleloader,2022,6,347,7,0.6719610845468651,0.7354598248849504,0,0,43.5,60.964109560351716,1.914851029952635,0.8088068701666045,0.48578362918751383,0,39.08,-75.94,0,26
Baltimore,firearms,2022,2,322,3,0.8253812794717987,0.27193813282863133,1,0,64.5,75.40857455904346,-0.80003989511895,8.852807009914601,0.30317024673958365,0,39.27,-76.67,0,14
Howard,muzzleloader,2021,5,341,6,0.10871677723315543,0.11218624105563396,0,0,48.75,59.736347479717615,-1.033739421766367,2.8883909321981647,0.676610380053539,0,39.2,-76.81,0,20
Prince George,muzzleloader,2020,7,356,8,0.22273631397945337,0.41476689174403514,0,0,38.25,52.163689270087104,0.5657481807431168,1.845602437141412,0.3997723025939798,0,38.81,-76.78,0,25
Calvert,firearms,2023,7,353,8,0.23520539186051792,0.4535882762293305,0,0,38.25,46.76109575754505,-1.0074093208201593,5.549237334021354,0.15650856466402507,0,38.45,-76.47,0,18
Howard,archery,2021,14,345,13,0.24416954604515695,0.4816871854087932,0,0,38.55371900826446,51.673660687021496,-1.2698926333597242,2.155582219434327,0.3977078175366062,0,39.2,-76.81,0,10
Prince George,muzzleloader,2022,5,344,6,0.570371507937864,0.9519153558029791,0,0,48.75,61.63313901291071,-2.6589745048621807,7.517700510460545,0.15081065807017355,0,38.81,-76.78,0,23
Harford,muzzleloader,2020,3,329,4,0.3084301244984431,0.6794678232738545,0,0,59.25,74.55890973383563,-2.0322312995032124,0.10943331634094898,0.3289416104123725,0,39.54,-76.22,0,21
Calvert,archery,2022,7,293,8,0.8433487055847309,0.22326400211032132,1,0,56.77685950413223,59.65542607202396,0.8917241670590557,4.149220417227857,0.1722487960088195,0,38.45,-76.47,0,11
Harford,archery,2021,4,271,5,0.7382933230230151,0.5367444559426006,0,1,64.58677685950413,73.2497893744844,-2.34753765213314,1.2008907968313347,0.3952211234654547,0,39.54,-76.22,0,19
Caroline,muzzleloader,2020,2,325,3,0.17297735568644157,0.2673614886601367,0,0,64.5,77.96524460539024,0.4548276959568262,10.689502269350847,0.15472754758066817,0,38.89,-75.81,0,17
Talbot,muzzleloader,2022,7,357,8,0.010593006576868902,0.0011070771786803046,0,0,38.25,55.366824384639884,2.880065943352768,2.4253521327177325,0.17632163102498144,0,38.73,-76.24,0,13
Cecil,firearms,2022,5,343,6,0.5365083157348636,0.9869028091251425,0,0,48.75,58.2443649036332,-0.01355201085160479,4.28940539368123,0.6473145630788412,0,39.67,-75.96,0,23
Baltimore,muzzleloader,2023,3,330,4,0.45635197119150916,0.9813144759249244,0,0,59.25,77.35170790147781,-5.570720480706585,2.4291621858498598,0.5735078969904422,0,39.27,-76.67,0,22
Carroll,archery,2023,8,303,9,0.542045781710442,0.9826532832690527,1,0,54.17355371900827,70.54912707974492,0.798703817127816,1.0607189977826237,0.42044596865492495,0,39.61,-77.14,0,13
Caroline,firearms,2023,2,320,3,0.11772004916150536,0.13065006263456885,1,0,64.5,78.5892055533329,2.4737337705722595,4.291350739092286,0.6398801765196496,0,38.89,-75.81,0,10
Howard,firearms,2023,2,322,3,0.18544643356750612,0.30271399645773556,1,0,64.5,73.49924072950827,-2.2512281594215433,2.9381368194193196,0.31693909100164236,0,39.2,-76.81,0,12
Caroline,firearms,2023,1,312,2,0.8468145115374455,0.214261941506748,1,0,69.75,81.07158206929189,-4.568362414893553,4.766293025545204,0.459460689936079,0,38.89,-75.81,0,24
Baltimore,firearms,2021,0,306,1,0.9235050501280853,0.056648536702654295,1,0,75.0,92.90404580464826,-0.9113042357967042,2.5629388160749746,0.2175469495546032,0,39.27,-76.67,0,13
Washington,muzzleloader,2021,0,307,1,0.9573682423310856,0.017830680710972602,1,0,75.0,84.22933168659965,1.160207761695064,8.23936973816084,0.5319707697645847,0,39.64,-77.8,0,11
Baltimore,muzzleloader,2021,4,333,5,0.8378112396091524,0.23791751633781322,0,0,54.0,74.09049015510641,-1.3069803654939023,2.038867393018456,0.5362435516074311,0,39.27,-76.67,0,15
Howard,archery,2021,13,338,13,0.007127200624154284,0.0005012624065353077,0,0,41.15702479338843,53.459260285624204,0.988220327504759,1.3208428642563155,0.09572553359637975,0,39.2,-76.81,0,21
Washington,archery,2023,4,271,5,0.458423631214373,0.9830362569780434,0,1,64.58677685950413,81.79938513729476,-2.2642674086122128,6.10323996370814,0.4625939646976475,0,39.64,-77.8,0,19
Frederick,firearms,2021,1,313,2,0.16054739554908792,0.23354016980069242,1,0,69.75,82.3997155900615,-1.3679726511734698,3.57420153968315,0.21525385073086506,0,39.41,-77.41,0,16
Calvert,archery,2023,7,292,8,0.16955066747743786,0.2578871127497864,1,0,56.77685950413223,66.17988390135748,1.6104454868983218,1.2324655114578444,0.4553338297294969,0,38.45,-76.47,0,14
Wicomico,firearms,2020,2,320,3,0.0036613946713828227,0.00013230421543636295,1,0,64.5,75.69165708111065,-4.808316175617927,4.402352564775988,0.4757421630796706,0,38.33,-75.32,0,16
Baltimore,firearms,2021,7,354,8,0.5489382758721604,0.976548397118691,0,0,38.25,54.507179527842545,0.11117704927355486,2.1815850058495814,0.41003660090183336,0,39.27,-76.67,0,17
Carroll,firearms,2021,7,353,8,0.51507508366916,0.9977587284231195,0,0,38.25,50.37944057531803,0.30590086004153305,3.3003415607199313,0.4046685564262493,0,39.61,-77.14,0,14
Garrett,archery,2021,0,244,1,0.823987133541948,0.2758445228037876,0,1,75.0,83.25146236647194,0.609333358796481,2.2799323069139796,0.3227072641747765,0,39.31,-79.48,0,17
Harford,firearms,2022,7,354,8,0.9090034299678678,0.07952187806303684,0,0,38.25,47.90188169279117,-1.5039643962680525,6.1307624235932465,0.4186106194625131,0,39.54,-76.22,0,14
Caroline,archery,2020,3,270,4,0.31050178452130694,0.685527061146773,0,1,67.19008264462809,81.18915555524458,-4.510252304633,4.345181736927336,0.30280232843363286,0,38.89,-75.81,0,16
Frederick,archery,2023,14,343,13,0.8965734698305141,0.1019121277156611,0,0,38.55371900826446,47.15901086860452,-1.0001983352440023,3.971412636467257,0.5207264264999728,0,39.41,-77.41,0,18
Calvert,muzzleloader,2021,3,327,4,0.6346320863910933,0.8315220528042181,0,0,59.25,71.01756444727468,3.527253734317613,1.8614308417728307,0.05142573107843784,0,38.45,-76.47,0,15
Baltimore,firearms,2020,8,362,9,0.4259154671975125,0.9468015729734189,0,0,33.0,43.39918776509718,-0.7747717690350149,0.5434912394308927,0.26171609533276224,0,39.27,-76.67,0,16
Howard,muzzleloader,2023,5,340,6,0.794983893221513,0.36055303945490635,0,0,48.75,62.400549624439115,-2.6442760502385037,4.273409308105296,0.43066916415772577,0,39.2,-76.81,0,15
Dorchester,archery,2020,10,318,11,0.9359350102653821,0.0399640219352565,1,0,48.966942148760324,58.662275498278404,0.7923849655670628,4.187883160805308,0.6045104400372796,0,38.47,-75.87,0,17
Montgomery,archery,2021,3,264,4,0.5012509776020124,0.9999845546918479,0,1,67.19008264462809,80.56846934989284,1.6281466990217626,0.49357039562834615,0.4821541323868355,0,39.15,-77.27,0,16
St Mary,muzzleloader,2020,2,321,3,0.03752458687444005,0.013833077376307068,1,0,64.5,81.29608503037906,-0.2121268426817025,2.8935887206444115,0.36505658892328513,0,38.27,-76.8,0,10
Carroll,firearms,2020,1,315,2,0.8343454336563809,0.2472514531085636,1,0,69.75,80.60630855404098,-0.4218590474077586,1.3370673424075643,0.7020794455311,0,39.61,-77.14,0,16
Somerset,firearms,2022,4,333,5,0.19787639370480292,0.3391604657199333,0,0,54.0,63.92853045931968,-1.125413648415307,1.0293897465871433,0.18902346783879462,0,38.18,-75.71,0,18
Carroll,firearms,2020,2,319,3,0.9697982024683824,0.00897556271279315,1,0,64.5,72.42134879025706,-1.1743830905967916,4.109258548400959,0.2887054087348679,0,39.61,-77.14,0,19
Prince George,archery,2020,7,296,8,0.1909447817993737,0.31870063829371553,1,0,56.77685950413223,69.77789569269815,2.9054699182060513,2.112055898875511,0.8084966968054681,0,38.81,-76.78,0,10
Wicomico,firearms,2021,0,304,1,0.8557786657220845,0.19161723149633197,1,0,75.0,86.89748168915722,-2.034507732805423,8.536692794272254,0.4179175465773096,0,38.33,-75.32,0,15
